analysis_subgroup	candidate_id	label	group_seed_word	observed_seed_word	seed_start_relative_to_RT	seed_mismatches	mapped_medoid_relative_start	mapped_cluster_index	mapped_cluster_support_loci	group_majority_threshold	selected_in_main_annotation	nearest_selected_copy_relative_to_RT	distance_to_nearest_selected_copy_nt	can_be_additional_chain_copy_under_60nt_min_gap	interpretation
P0_seed7	OR836606_1__73311-74813-__WRM43423_1	LY01	ATATGAATAC	ATATGAATAC	-1098	0	-1091	1	7	4	true	-1098	0	false	main group-supported slot
P0_seed7	MW349129_1__214290-215795+__QQO92858_1	Madawaska	ATATGAATAC	ATATGAATAC	-1094	0	-1091	1	7	4	true	-1094	0	false	main group-supported slot
P0_seed7	MW248466_1__215089-216594+__QQM14740_1	MarsHill	ATATGAATAC	ATATGAATAC	-1094	0	-1091	1	7	4	true	-1094	0	false	main group-supported slot
P0_seed7	MN091626_1__24879-26381+__QDJ97640_1	PALS_2	ATATGAATAC	ATATGAATAC	-1091	0	-1091	1	7	4	true	-1091	0	false	main group-supported slot
P0_seed7	LC680885_1__167556-169058+__BDE75684_1	S6	ATATGAATAC	ATATGAATAC	-1091	0	-1091	1	7	4	true	-1091	0	false	main group-supported slot
P0_seed7	MW218148_1__10647-12152+__QPI16926_1	SA1	ATATGAATAC	ATATGTATAC	-1049	1	-1091	1	7	4	true	-1049	0	false	main group-supported slot
P0_seed7	MZ779063_1__125252-126754+__UAJ17040_1	UFV_DC4	ATATGAATAC	ATATGAATAC	-1093	0	-1091	1	7	4	true	-1093	0	false	main group-supported slot
P0_seed7	MW218148_1__10647-12152+__QPI16926_1	SA1	ATATGAATAC	ATATTAATAC	-1006	1	-1047	2	1	4	false	-1049	43	false	competing local seed register; not an additional copy under the 60-nt minimum gap
P0_seed7	OR836606_1__73311-74813-__WRM43423_1	LY01	ATATGAATAC	ATATGAATAC	-886	0	-880	3	7	4	true	-886	0	false	main group-supported slot
P0_seed7	MW349129_1__214290-215795+__QQO92858_1	Madawaska	ATATGAATAC	ATATGAATAC	-881	0	-880	3	7	4	true	-881	0	false	main group-supported slot
P0_seed7	MW248466_1__215089-216594+__QQM14740_1	MarsHill	ATATGAATAC	ATATGAATAC	-881	0	-880	3	7	4	true	-881	0	false	main group-supported slot
P0_seed7	MN091626_1__24879-26381+__QDJ97640_1	PALS_2	ATATGAATAC	ATATGAATAC	-880	0	-880	3	7	4	true	-880	0	false	main group-supported slot
P0_seed7	LC680885_1__167556-169058+__BDE75684_1	S6	ATATGAATAC	ATATGAATAC	-880	0	-880	3	7	4	true	-880	0	false	main group-supported slot
P0_seed7	MW218148_1__10647-12152+__QPI16926_1	SA1	ATATGAATAC	ATATGAATAC	-837	0	-880	3	7	4	true	-837	0	false	main group-supported slot
P0_seed7	MZ779063_1__125252-126754+__UAJ17040_1	UFV_DC4	ATATGAATAC	GTATGAATAC	-883	1	-880	3	7	4	true	-883	0	false	main group-supported slot
P0_seed7	OR836606_1__73311-74813-__WRM43423_1	LY01	ATATGAATAC	ATATGAATAC	-692	0	-684	4	7	4	true	-692	0	false	main group-supported slot
P0_seed7	MW349129_1__214290-215795+__QQO92858_1	Madawaska	ATATGAATAC	ATATGAATAC	-685	0	-684	4	7	4	true	-685	0	false	main group-supported slot
P0_seed7	MW248466_1__215089-216594+__QQM14740_1	MarsHill	ATATGAATAC	ATATGAATAC	-684	0	-684	4	7	4	true	-684	0	false	main group-supported slot
P0_seed7	MN091626_1__24879-26381+__QDJ97640_1	PALS_2	ATATGAATAC	ATATGAATAC	-684	0	-684	4	7	4	true	-684	0	false	main group-supported slot
P0_seed7	LC680885_1__167556-169058+__BDE75684_1	S6	ATATGAATAC	ATATGAATAC	-684	0	-684	4	7	4	true	-684	0	false	main group-supported slot
P0_seed7	MW218148_1__10647-12152+__QPI16926_1	SA1	ATATGAATAC	ATATGAATAC	-666	0	-684	4	7	4	true	-666	0	false	main group-supported slot
P0_seed7	MZ779063_1__125252-126754+__UAJ17040_1	UFV_DC4	ATATGAATAC	ATATGAATAC	-686	0	-684	4	7	4	true	-686	0	false	main group-supported slot
P0_seed7	OR836606_1__73311-74813-__WRM43423_1	LY01	ATATGAATAC	ATATGAATAC	-478	0	-473	5	7	4	true	-478	0	false	main group-supported slot
P0_seed7	MW349129_1__214290-215795+__QQO92858_1	Madawaska	ATATGAATAC	ATATGAATAC	-473	0	-473	5	7	4	true	-473	0	false	main group-supported slot
P0_seed7	MW248466_1__215089-216594+__QQM14740_1	MarsHill	ATATGAATAC	ATATGAATAC	-474	0	-473	5	7	4	true	-474	0	false	main group-supported slot
P0_seed7	MN091626_1__24879-26381+__QDJ97640_1	PALS_2	ATATGAATAC	ATATGAATAC	-473	0	-473	5	7	4	true	-473	0	false	main group-supported slot
P0_seed7	LC680885_1__167556-169058+__BDE75684_1	S6	ATATGAATAC	ATATGAATAC	-474	0	-473	5	7	4	true	-474	0	false	main group-supported slot
P0_seed7	MW218148_1__10647-12152+__QPI16926_1	SA1	ATATGAATAC	ATATGAATAC	-465	0	-473	5	7	4	true	-465	0	false	main group-supported slot
P0_seed7	MZ779063_1__125252-126754+__UAJ17040_1	UFV_DC4	ATATGAATAC	ATATGTATAC	-474	1	-473	5	7	4	true	-474	0	false	main group-supported slot
P0_seed7	OR836606_1__73311-74813-__WRM43423_1	LY01	ATATGAATAC	ATATGAATAC	-301	0	-300	6	7	4	true	-301	0	false	main group-supported slot
P0_seed7	MW349129_1__214290-215795+__QQO92858_1	Madawaska	ATATGAATAC	ATATGAATAC	-302	0	-300	6	7	4	true	-302	0	false	main group-supported slot
P0_seed7	MW248466_1__215089-216594+__QQM14740_1	MarsHill	ATATGAATAC	ATATGGATAC	-301	1	-300	6	7	4	true	-301	0	false	main group-supported slot
P0_seed7	MN091626_1__24879-26381+__QDJ97640_1	PALS_2	ATATGAATAC	ATATGAATAC	-300	0	-300	6	7	4	true	-300	0	false	main group-supported slot
P0_seed7	LC680885_1__167556-169058+__BDE75684_1	S6	ATATGAATAC	ATATGAATAC	-301	0	-300	6	7	4	true	-301	0	false	main group-supported slot
P0_seed7	MW218148_1__10647-12152+__QPI16926_1	SA1	ATATGAATAC	ATATGGATAC	-289	1	-300	6	7	4	true	-289	0	false	main group-supported slot
P0_seed7	MZ779063_1__125252-126754+__UAJ17040_1	UFV_DC4	ATATGAATAC	ATATGAATAC	-301	0	-300	6	7	4	true	-301	0	false	main group-supported slot
PB50_near3	OR455461_1__177982-179535-__WNX97802_1	AH12	ATGAATACGT	ATGAATACGT	-912	0	-912	1	3	2	true	-912	0	false	main group-supported slot
PB50_near3	MW349128_1__219310-220863+__QQO92593_1	Machias	ATGAATACGT	ATGAATACGT	-912	0	-912	1	3	2	true	-912	0	false	main group-supported slot
PB50_near3	OR770614_1__150938-152491-__WPH64254_1	PB50	ATGAATACGT	ATGAATACGT	-912	0	-912	1	3	2	true	-912	0	false	main group-supported slot
PB50_near3	OR455461_1__177982-179535-__WNX97802_1	AH12	ATGAATACGT	ATGTATACGT	-710	1	-711	2	3	2	true	-710	0	false	main group-supported slot
PB50_near3	MW349128_1__219310-220863+__QQO92593_1	Machias	ATGAATACGT	ATGTATACGT	-711	1	-711	2	3	2	true	-711	0	false	main group-supported slot
PB50_near3	OR770614_1__150938-152491-__WPH64254_1	PB50	ATGAATACGT	ATGTATACGT	-711	1	-711	2	3	2	true	-711	0	false	main group-supported slot
PB50_near3	OR455461_1__177982-179535-__WNX97802_1	AH12	ATGAATACGT	ATGAATACGT	-500	0	-500	3	3	2	true	-500	0	false	main group-supported slot
PB50_near3	MW349128_1__219310-220863+__QQO92593_1	Machias	ATGAATACGT	ATGAATACGT	-500	0	-500	3	3	2	true	-500	0	false	main group-supported slot
PB50_near3	OR770614_1__150938-152491-__WPH64254_1	PB50	ATGAATACGT	ATGAATACGT	-500	0	-500	3	3	2	true	-500	0	false	main group-supported slot
PB50_near3	OR455461_1__177982-179535-__WNX97802_1	AH12	ATGAATACGT	ATGAATACGT	-305	0	-304	4	3	2	true	-305	0	false	main group-supported slot
PB50_near3	MW349128_1__219310-220863+__QQO92593_1	Machias	ATGAATACGT	ATGAATACGT	-304	0	-304	4	3	2	true	-304	0	false	main group-supported slot
PB50_near3	OR770614_1__150938-152491-__WPH64254_1	PB50	ATGAATACGT	ATGAATACGT	-304	0	-304	4	3	2	true	-304	0	false	main group-supported slot
