block_index	block_type	target_start_0based	target_end_exclusive_0based	query_start_0based	query_end_exclusive_0based	alignment_columns	target_group	target_label	target_relative_start	target_relative_end_exclusive	query_group	query_label	query_relative_start	query_relative_end_exclusive
1	aligned	0	332	0	332	332	P0_seed7	PALS_2	-1610	-1278	PB50_near3	PB50	-1451	-1119
2	target_gap	332	332	332	349	17	P0_seed7	PALS_2	-1278	-1278	PB50_near3	PB50	-1119	-1102
3	aligned	332	339	349	356	7	P0_seed7	PALS_2	-1278	-1271	PB50_near3	PB50	-1102	-1095
4	target_gap	339	339	356	363	7	P0_seed7	PALS_2	-1271	-1271	PB50_near3	PB50	-1095	-1088
5	aligned	339	348	363	372	9	P0_seed7	PALS_2	-1271	-1262	PB50_near3	PB50	-1088	-1079
6	target_gap	348	348	372	373	1	P0_seed7	PALS_2	-1262	-1262	PB50_near3	PB50	-1079	-1078
7	aligned	348	357	373	382	9	P0_seed7	PALS_2	-1262	-1253	PB50_near3	PB50	-1078	-1069
8	query_gap	357	359	382	382	2	P0_seed7	PALS_2	-1253	-1251	PB50_near3	PB50	-1069	-1069
9	aligned	359	390	382	413	31	P0_seed7	PALS_2	-1251	-1220	PB50_near3	PB50	-1069	-1038
10	query_gap	390	392	413	413	2	P0_seed7	PALS_2	-1220	-1218	PB50_near3	PB50	-1038	-1038
11	aligned	392	397	413	418	5	P0_seed7	PALS_2	-1218	-1213	PB50_near3	PB50	-1038	-1033
12	target_gap	397	397	418	419	1	P0_seed7	PALS_2	-1213	-1213	PB50_near3	PB50	-1033	-1032
13	aligned	397	429	419	451	32	P0_seed7	PALS_2	-1213	-1181	PB50_near3	PB50	-1032	-1000
14	target_gap	429	429	451	453	2	P0_seed7	PALS_2	-1181	-1181	PB50_near3	PB50	-1000	-998
15	aligned	429	431	453	455	2	P0_seed7	PALS_2	-1181	-1179	PB50_near3	PB50	-998	-996
16	target_gap	431	431	455	456	1	P0_seed7	PALS_2	-1179	-1179	PB50_near3	PB50	-996	-995
17	aligned	431	465	456	490	34	P0_seed7	PALS_2	-1179	-1145	PB50_near3	PB50	-995	-961
18	target_gap	465	465	490	491	1	P0_seed7	PALS_2	-1145	-1145	PB50_near3	PB50	-961	-960
19	aligned	465	481	491	507	16	P0_seed7	PALS_2	-1145	-1129	PB50_near3	PB50	-960	-944
20	query_gap	481	483	507	507	2	P0_seed7	PALS_2	-1129	-1127	PB50_near3	PB50	-944	-944
21	aligned	483	489	507	513	6	P0_seed7	PALS_2	-1127	-1121	PB50_near3	PB50	-944	-938
22	query_gap	489	495	513	513	6	P0_seed7	PALS_2	-1121	-1115	PB50_near3	PB50	-938	-938
23	aligned	495	562	513	580	67	P0_seed7	PALS_2	-1115	-1048	PB50_near3	PB50	-938	-871
24	query_gap	562	564	580	580	2	P0_seed7	PALS_2	-1048	-1046	PB50_near3	PB50	-871	-871
25	aligned	564	570	580	586	6	P0_seed7	PALS_2	-1046	-1040	PB50_near3	PB50	-871	-865
26	query_gap	570	574	586	586	4	P0_seed7	PALS_2	-1040	-1036	PB50_near3	PB50	-865	-865
27	aligned	574	588	586	600	14	P0_seed7	PALS_2	-1036	-1022	PB50_near3	PB50	-865	-851
28	query_gap	588	591	600	600	3	P0_seed7	PALS_2	-1022	-1019	PB50_near3	PB50	-851	-851
29	aligned	591	615	600	624	24	P0_seed7	PALS_2	-1019	-995	PB50_near3	PB50	-851	-827
30	target_gap	615	615	624	632	8	P0_seed7	PALS_2	-995	-995	PB50_near3	PB50	-827	-819
31	aligned	615	620	632	637	5	P0_seed7	PALS_2	-995	-990	PB50_near3	PB50	-819	-814
32	target_gap	620	620	637	639	2	P0_seed7	PALS_2	-990	-990	PB50_near3	PB50	-814	-812
33	aligned	620	627	639	646	7	P0_seed7	PALS_2	-990	-983	PB50_near3	PB50	-812	-805
34	query_gap	627	629	646	646	2	P0_seed7	PALS_2	-983	-981	PB50_near3	PB50	-805	-805
35	aligned	629	648	646	665	19	P0_seed7	PALS_2	-981	-962	PB50_near3	PB50	-805	-786
36	target_gap	648	648	665	667	2	P0_seed7	PALS_2	-962	-962	PB50_near3	PB50	-786	-784
37	aligned	648	663	667	682	15	P0_seed7	PALS_2	-962	-947	PB50_near3	PB50	-784	-769
38	query_gap	663	669	682	682	6	P0_seed7	PALS_2	-947	-941	PB50_near3	PB50	-769	-769
39	aligned	669	679	682	692	10	P0_seed7	PALS_2	-941	-931	PB50_near3	PB50	-769	-759
40	query_gap	679	682	692	692	3	P0_seed7	PALS_2	-931	-928	PB50_near3	PB50	-759	-759
41	aligned	682	712	692	722	30	P0_seed7	PALS_2	-928	-898	PB50_near3	PB50	-759	-729
42	query_gap	712	714	722	722	2	P0_seed7	PALS_2	-898	-896	PB50_near3	PB50	-729	-729
43	aligned	714	756	722	764	42	P0_seed7	PALS_2	-896	-854	PB50_near3	PB50	-729	-687
44	target_gap	756	756	764	766	2	P0_seed7	PALS_2	-854	-854	PB50_near3	PB50	-687	-685
45	aligned	756	760	766	770	4	P0_seed7	PALS_2	-854	-850	PB50_near3	PB50	-685	-681
46	target_gap	760	760	770	774	4	P0_seed7	PALS_2	-850	-850	PB50_near3	PB50	-681	-677
47	aligned	760	763	774	777	3	P0_seed7	PALS_2	-850	-847	PB50_near3	PB50	-677	-674
48	target_gap	763	763	777	783	6	P0_seed7	PALS_2	-847	-847	PB50_near3	PB50	-674	-668
49	aligned	763	806	783	826	43	P0_seed7	PALS_2	-847	-804	PB50_near3	PB50	-668	-625
50	target_gap	806	806	826	828	2	P0_seed7	PALS_2	-804	-804	PB50_near3	PB50	-625	-623
51	aligned	806	821	828	843	15	P0_seed7	PALS_2	-804	-789	PB50_near3	PB50	-623	-608
52	query_gap	821	822	843	843	1	P0_seed7	PALS_2	-789	-788	PB50_near3	PB50	-608	-608
53	aligned	822	829	843	850	7	P0_seed7	PALS_2	-788	-781	PB50_near3	PB50	-608	-601
54	target_gap	829	829	850	851	1	P0_seed7	PALS_2	-781	-781	PB50_near3	PB50	-601	-600
55	aligned	829	840	851	862	11	P0_seed7	PALS_2	-781	-770	PB50_near3	PB50	-600	-589
56	query_gap	840	841	862	862	1	P0_seed7	PALS_2	-770	-769	PB50_near3	PB50	-589	-589
57	aligned	841	876	862	897	35	P0_seed7	PALS_2	-769	-734	PB50_near3	PB50	-589	-554
58	query_gap	876	878	897	897	2	P0_seed7	PALS_2	-734	-732	PB50_near3	PB50	-554	-554
59	aligned	878	905	897	924	27	P0_seed7	PALS_2	-732	-705	PB50_near3	PB50	-554	-527
60	target_gap	905	905	924	925	1	P0_seed7	PALS_2	-705	-705	PB50_near3	PB50	-527	-526
61	aligned	905	912	925	932	7	P0_seed7	PALS_2	-705	-698	PB50_near3	PB50	-526	-519
62	target_gap	912	912	932	935	3	P0_seed7	PALS_2	-698	-698	PB50_near3	PB50	-519	-516
63	aligned	912	945	935	968	33	P0_seed7	PALS_2	-698	-665	PB50_near3	PB50	-516	-483
64	query_gap	945	946	968	968	1	P0_seed7	PALS_2	-665	-664	PB50_near3	PB50	-483	-483
65	aligned	946	952	968	974	6	P0_seed7	PALS_2	-664	-658	PB50_near3	PB50	-483	-477
66	query_gap	952	955	974	974	3	P0_seed7	PALS_2	-658	-655	PB50_near3	PB50	-477	-477
67	aligned	955	961	974	980	6	P0_seed7	PALS_2	-655	-649	PB50_near3	PB50	-477	-471
68	query_gap	961	975	980	980	14	P0_seed7	PALS_2	-649	-635	PB50_near3	PB50	-471	-471
69	aligned	975	993	980	998	18	P0_seed7	PALS_2	-635	-617	PB50_near3	PB50	-471	-453
70	query_gap	993	1043	998	998	50	P0_seed7	PALS_2	-617	-567	PB50_near3	PB50	-453	-453
71	aligned	1043	1047	998	1002	4	P0_seed7	PALS_2	-567	-563	PB50_near3	PB50	-453	-449
72	query_gap	1047	1049	1002	1002	2	P0_seed7	PALS_2	-563	-561	PB50_near3	PB50	-449	-449
73	aligned	1049	1054	1002	1007	5	P0_seed7	PALS_2	-561	-556	PB50_near3	PB50	-449	-444
74	query_gap	1054	1115	1007	1007	61	P0_seed7	PALS_2	-556	-495	PB50_near3	PB50	-444	-444
75	aligned	1115	1125	1007	1017	10	P0_seed7	PALS_2	-495	-485	PB50_near3	PB50	-444	-434
76	query_gap	1125	1149	1017	1017	24	P0_seed7	PALS_2	-485	-461	PB50_near3	PB50	-434	-434
77	aligned	1149	1153	1017	1021	4	P0_seed7	PALS_2	-461	-457	PB50_near3	PB50	-434	-430
78	query_gap	1153	1159	1021	1021	6	P0_seed7	PALS_2	-457	-451	PB50_near3	PB50	-430	-430
79	aligned	1159	1165	1021	1027	6	P0_seed7	PALS_2	-451	-445	PB50_near3	PB50	-430	-424
80	query_gap	1165	1173	1027	1027	8	P0_seed7	PALS_2	-445	-437	PB50_near3	PB50	-424	-424
81	aligned	1173	1179	1027	1033	6	P0_seed7	PALS_2	-437	-431	PB50_near3	PB50	-424	-418
82	query_gap	1179	1182	1033	1033	3	P0_seed7	PALS_2	-431	-428	PB50_near3	PB50	-418	-418
83	aligned	1182	1209	1033	1060	27	P0_seed7	PALS_2	-428	-401	PB50_near3	PB50	-418	-391
84	query_gap	1209	1212	1060	1060	3	P0_seed7	PALS_2	-401	-398	PB50_near3	PB50	-391	-391
85	aligned	1212	1226	1060	1074	14	P0_seed7	PALS_2	-398	-384	PB50_near3	PB50	-391	-377
86	query_gap	1226	1233	1074	1074	7	P0_seed7	PALS_2	-384	-377	PB50_near3	PB50	-377	-377
87	aligned	1233	1261	1074	1102	28	P0_seed7	PALS_2	-377	-349	PB50_near3	PB50	-377	-349
88	query_gap	1261	1262	1102	1102	1	P0_seed7	PALS_2	-349	-348	PB50_near3	PB50	-349	-349
89	aligned	1262	1273	1102	1113	11	P0_seed7	PALS_2	-348	-337	PB50_near3	PB50	-349	-338
90	query_gap	1273	1274	1113	1113	1	P0_seed7	PALS_2	-337	-336	PB50_near3	PB50	-338	-338
91	aligned	1274	1291	1113	1130	17	P0_seed7	PALS_2	-336	-319	PB50_near3	PB50	-338	-321
92	query_gap	1291	1292	1130	1130	1	P0_seed7	PALS_2	-319	-318	PB50_near3	PB50	-321	-321
93	aligned	1292	1297	1130	1135	5	P0_seed7	PALS_2	-318	-313	PB50_near3	PB50	-321	-316
94	query_gap	1297	1300	1135	1135	3	P0_seed7	PALS_2	-313	-310	PB50_near3	PB50	-316	-316
95	aligned	1300	1328	1135	1163	28	P0_seed7	PALS_2	-310	-282	PB50_near3	PB50	-316	-288
96	target_gap	1328	1328	1163	1164	1	P0_seed7	PALS_2	-282	-282	PB50_near3	PB50	-288	-287
97	aligned	1328	1346	1164	1182	18	P0_seed7	PALS_2	-282	-264	PB50_near3	PB50	-287	-269
98	target_gap	1346	1346	1182	1183	1	P0_seed7	PALS_2	-264	-264	PB50_near3	PB50	-269	-268
99	aligned	1346	1351	1183	1188	5	P0_seed7	PALS_2	-264	-259	PB50_near3	PB50	-268	-263
100	query_gap	1351	1352	1188	1188	1	P0_seed7	PALS_2	-259	-258	PB50_near3	PB50	-263	-263
101	aligned	1352	1366	1188	1202	14	P0_seed7	PALS_2	-258	-244	PB50_near3	PB50	-263	-249
102	query_gap	1366	1368	1202	1202	2	P0_seed7	PALS_2	-244	-242	PB50_near3	PB50	-249	-249
103	aligned	1368	1388	1202	1222	20	P0_seed7	PALS_2	-242	-222	PB50_near3	PB50	-249	-229
104	target_gap	1388	1388	1222	1225	3	P0_seed7	PALS_2	-222	-222	PB50_near3	PB50	-229	-226
105	aligned	1388	1402	1225	1239	14	P0_seed7	PALS_2	-222	-208	PB50_near3	PB50	-226	-212
106	target_gap	1402	1402	1239	1244	5	P0_seed7	PALS_2	-208	-208	PB50_near3	PB50	-212	-207
107	aligned	1402	1429	1244	1271	27	P0_seed7	PALS_2	-208	-181	PB50_near3	PB50	-207	-180
108	target_gap	1429	1429	1271	1273	2	P0_seed7	PALS_2	-181	-181	PB50_near3	PB50	-180	-178
109	aligned	1429	1442	1273	1286	13	P0_seed7	PALS_2	-181	-168	PB50_near3	PB50	-178	-165
110	query_gap	1442	1443	1286	1286	1	P0_seed7	PALS_2	-168	-167	PB50_near3	PB50	-165	-165
111	aligned	1443	1456	1286	1299	13	P0_seed7	PALS_2	-167	-154	PB50_near3	PB50	-165	-152
112	target_gap	1456	1456	1299	1301	2	P0_seed7	PALS_2	-154	-154	PB50_near3	PB50	-152	-150
113	aligned	1456	1465	1301	1310	9	P0_seed7	PALS_2	-154	-145	PB50_near3	PB50	-150	-141
114	query_gap	1465	1466	1310	1310	1	P0_seed7	PALS_2	-145	-144	PB50_near3	PB50	-141	-141
115	aligned	1466	1536	1310	1380	70	P0_seed7	PALS_2	-144	-74	PB50_near3	PB50	-141	-71
116	query_gap	1536	1539	1380	1380	3	P0_seed7	PALS_2	-74	-71	PB50_near3	PB50	-71	-71
117	aligned	1539	1554	1380	1395	15	P0_seed7	PALS_2	-71	-56	PB50_near3	PB50	-71	-56
118	target_gap	1554	1554	1395	1397	2	P0_seed7	PALS_2	-56	-56	PB50_near3	PB50	-56	-54
119	aligned	1554	1572	1397	1415	18	P0_seed7	PALS_2	-56	-38	PB50_near3	PB50	-54	-36
120	query_gap	1572	1573	1415	1415	1	P0_seed7	PALS_2	-38	-37	PB50_near3	PB50	-36	-36
121	aligned	1573	1609	1415	1451	36	P0_seed7	PALS_2	-37	-1	PB50_near3	PB50	-36	0
122	query_gap	1609	1610	1451	1451	1	P0_seed7	PALS_2	-1	0	PB50_near3	PB50	0	0
123	aligned	1610	1638	1451	1479	28	P0_seed7	PALS_2	0	28	PB50_near3	PB50	0	28
124	query_gap	1638	1640	1479	1479	2	P0_seed7	PALS_2	28	30	PB50_near3	PB50	28	28
125	aligned	1640	1647	1479	1486	7	P0_seed7	PALS_2	30	37	PB50_near3	PB50	28	35
126	target_gap	1647	1647	1486	1487	1	P0_seed7	PALS_2	37	37	PB50_near3	PB50	35	36
127	aligned	1647	1669	1487	1509	22	P0_seed7	PALS_2	37	59	PB50_near3	PB50	36	58
128	query_gap	1669	1670	1509	1509	1	P0_seed7	PALS_2	59	60	PB50_near3	PB50	58	58
129	aligned	1670	1677	1509	1516	7	P0_seed7	PALS_2	60	67	PB50_near3	PB50	58	65
130	query_gap	1677	1679	1516	1516	2	P0_seed7	PALS_2	67	69	PB50_near3	PB50	65	65
131	aligned	1679	1700	1516	1537	21	P0_seed7	PALS_2	69	90	PB50_near3	PB50	65	86
132	target_gap	1700	1700	1537	1541	4	P0_seed7	PALS_2	90	90	PB50_near3	PB50	86	90
133	aligned	1700	1745	1541	1586	45	P0_seed7	PALS_2	90	135	PB50_near3	PB50	90	135
