analysis_subgroup	candidate_id	label	side	expected_start_relative_to_RT	candidate_start_relative_to_RT	offset_from_expected_nt	profile_match_26	seed_mismatches	candidate_fixed26_sequence	meets_single_locus_candidate_floor
P0_seed7	MW218148_1__10647-12152+__QPI16926_1	SA1	proximal	-100	-68	33	14	4	TCCATTACCTGTATAAGATGCAGGTA	false
P0_seed7	MW248466_1__215089-216594+__QQM14740_1	MarsHill	proximal	-98	-61	36	14	2	TTACCTATATGATTATAGGTAACGGT	true
P0_seed7	MW349129_1__214290-215795+__QQO92858_1	Madawaska	distal	-1298	-1274	24	14	5	AAAATAAGGTAATGACATATAATTTG	false
P0_seed7	MW349129_1__214290-215795+__QQO92858_1	Madawaska	proximal	-98	-105	-7	14	4	AATATAGAATGAATTAAATTCATTAT	false
P0_seed7	OR836606_1__73311-74813-__WRM43423_1	LY01	distal	-1301	-1261	40	13	4	TATGATTTGTCATTACCTTTATTATG	false
P0_seed7	OR836606_1__73311-74813-__WRM43423_1	LY01	proximal	-98	-96	2	14	5	TAAATTAAATTCATTATAGTAATCAA	false
P0_seed7	LC680885_1__167556-169058+__BDE75684_1	S6	distal	-1294	-1254	40	13	4	TATAATTTGTCATTACCTTTATTATA	false
P0_seed7	LC680885_1__167556-169058+__BDE75684_1	S6	proximal	-98	-63	35	14	2	TTACCTATATGATTATAGGTAACGGT	true
P0_seed7	MN091626_1__24879-26381+__QDJ97640_1	PALS_2	distal	-1294	-1271	24	13	6	AAAATAAGGTAATGGCATATAATTTG	false
P0_seed7	MN091626_1__24879-26381+__QDJ97640_1	PALS_2	proximal	-96	-62	35	14	2	TTACCTATATGATTATAGGTAACGGT	true
P0_seed7	MZ779063_1__125252-126754+__UAJ17040_1	UFV_DC4	distal	-1296	-1273	24	13	5	AAAATAAGGTAATGACAAATTATATG	false
P0_seed7	MZ779063_1__125252-126754+__UAJ17040_1	UFV_DC4	proximal	-98	-62	35	14	2	TTACCTATATGATTATAGGTAACGGT	true
PB50_near3	OR455461_1__177982-179535-__WNX97802_1	AH12	distal	-1114	-1087	27	12	6	TTTTAGAGGTAATGGACAATTAAGTT	false
PB50_near3	OR455461_1__177982-179535-__WNX97802_1	AH12	proximal	-103	-91	12	17	5	AATTATACCAATAGACATATTTTAAT	false
PB50_near3	MW349128_1__219310-220863+__QQO92593_1	Machias	distal	-1113	-1094	19	14	5	TAATATTTTTAGAGGTAATGGACAAT	false
PB50_near3	MW349128_1__219310-220863+__QQO92593_1	Machias	proximal	-103	-91	12	17	5	AATTATACCAATAGACATACTTTAAT	false
PB50_near3	OR770614_1__150938-152491-__WPH64254_1	PB50	distal	-1113	-1089	24	13	7	TTTTTAGAGGTAATGGACAATTAAGT	false
PB50_near3	OR770614_1__150938-152491-__WPH64254_1	PB50	proximal	-103	-91	12	16	5	AATTATACCAATAGACATACTTTAAT	false
