analysis_subgroup	rank	selected_group_seed	seed_word	locus_support	mean_best_chain_score	seed_entropy
P0_seed7	1	true	ATATGAATAC	7	150.169721	1.685475
P0_seed7	2	false	TATGAATACG	7	146.290883	1.846439
P0_seed7	3	false	ATGAATACGT	7	146.014966	1.846439
P0_seed7	4	false	TGAATACGTA	7	143.706591	1.846439
P0_seed7	5	false	GAATACGTAT	7	139.235881	1.846439
P0_seed7	6	false	ATACGTATAA	7	136.183459	1.685475
P0_seed7	7	false	TACGTATAAT	7	133.858979	1.721928
P0_seed7	8	false	ACGTATAATG	7	73.543293	1.846439
P0_seed7	9	false	TTCTATAATT	7	70.993115	1.295462
P0_seed7	10	false	ATTATATGAA	6	149.727122	1.360964
P0_seed7	11	false	TTATATGAAT	6	149.439584	1.360964
P0_seed7	12	false	TCTATAATTA	6	75.015543	1.360964
P0_seed7	13	false	TATATGAATA	5	152.882216	1.360964
P0_seed7	14	false	AATACGTATA	5	132.156468	1.685475
P0_seed7	15	false	CATTATATGA	4	101.185960	1.721928
P0_seed7	16	false	ACATTATATG	4	89.472512	1.721928
P0_seed7	17	false	GACATTATAT	4	89.106313	1.721928
P0_seed7	18	false	AGACATTATA	4	88.463198	1.685475
P0_seed7	19	false	TAGACATTAT	4	87.475168	1.721928
P0_seed7	20	false	ATAGACATTA	4	86.716433	1.685475
P0_seed7	21	false	TTTATAGACA	4	84.367132	1.721928
P0_seed7	22	false	TATAGACATT	4	82.854996	1.721928
P0_seed7	23	false	TTATAGACAT	4	78.895313	1.721928
P0_seed7	24	false	CGTATAATGA	4	74.916027	1.846439
P0_seed7	25	false	CTATAATTAA	2	93.229928	1.360964
PB50_near3	1	true	ATGAATACGT	3	109.807964	1.846439
PB50_near3	2	false	GAAATTTAAT	2	81.964909	1.360964
PB50_near3	3	false	TGAAATTTAA	2	77.917574	1.360964
