analysis_subgroup	medoid_candidate_id	medoid_label	query_candidate_id	query_label	medoid_length_nt	query_length_nt	global_identity	diagonal_identity	gap_columns	alignment_score
P0_seed7	MN091626_1__24879-26381+__QDJ97640_1	PALS_2	MW218148_1__10647-12152+__QPI16926_1	SA1	3113	3029	0.698837	0.750760	220	3160.000000
P0_seed7	MN091626_1__24879-26381+__QDJ97640_1	PALS_2	MW248466_1__215089-216594+__QQM14740_1	MarsHill	3113	3080	0.916773	0.933203	55	5412.000000
P0_seed7	MN091626_1__24879-26381+__QDJ97640_1	PALS_2	MW349129_1__214290-215795+__QQO92858_1	Madawaska	3113	3119	0.934337	0.937942	12	5593.000000
P0_seed7	MN091626_1__24879-26381+__QDJ97640_1	PALS_2	OR836606_1__73311-74813-__WRM43423_1	LY01	3113	3121	0.888782	0.895652	24	5138.000000
P0_seed7	MN091626_1__24879-26381+__QDJ97640_1	PALS_2	LC680885_1__167556-169058+__BDE75684_1	S6	3113	3113	0.976236	0.976864	2	5998.000000
P0_seed7	MN091626_1__24879-26381+__QDJ97640_1	PALS_2	MN091626_1__24879-26381+__QDJ97640_1	PALS_2	3113	3113	1.000000	1.000000	0	6226.000000
P0_seed7	MN091626_1__24879-26381+__QDJ97640_1	PALS_2	MZ779063_1__125252-126754+__UAJ17040_1	UFV_DC4	3113	3115	0.953787	0.955013	4	5784.000000
PB50_near3	OR770614_1__150938-152491-__WPH64254_1	PB50	OR455461_1__177982-179535-__WNX97802_1	AH12	3005	3004	0.969093	0.972000	9	5707.000000
PB50_near3	OR770614_1__150938-152491-__WPH64254_1	PB50	MW349128_1__219310-220863+__QQO92593_1	Machias	3005	3005	0.986356	0.986356	0	5887.000000
PB50_near3	OR770614_1__150938-152491-__WPH64254_1	PB50	OR770614_1__150938-152491-__WPH64254_1	PB50	3005	3005	1.000000	1.000000	0	6010.000000
