analysis_subgroup	candidate_id	label	candidate_seed_word	selected_group_seed_word	candidate_chain_positions_relative_to_RT	candidate_chain_score	candidate_chain_copy_count	inferred_shift_to_selected_phase_nt	is_selected_seed_phase	view_audit_note
P0_seed7	MW218148_1__10647-12152+__QPI16926_1	SA1	AATACGTATA	ATATGAATAC	-832;-661;-460;-284	108.595213	4	-5	false	raw seed phase retained; repeat/unit coordinates use group-selected seed phase
P0_seed7	MW218148_1__10647-12152+__QPI16926_1	SA1	ACATTATATG	ATATGAATAC	-671;-470;-294	89.518877	3	5	false	raw seed phase retained; repeat/unit coordinates use group-selected seed phase
P0_seed7	MW218148_1__10647-12152+__QPI16926_1	SA1	ACGTATAATG	ATATGAATAC	-658;-457;-281	78.244315	3	-8	false	raw seed phase retained; repeat/unit coordinates use group-selected seed phase
P0_seed7	MW218148_1__10647-12152+__QPI16926_1	SA1	AGACATTATA	ATATGAATAC	-673;-472;-296	88.458859	3	7	false	raw seed phase retained; repeat/unit coordinates use group-selected seed phase
P0_seed7	MW218148_1__10647-12152+__QPI16926_1	SA1	AGATATTCTA	ATATGAATAC	-696;-495;-319	73.316983	3		false	raw seed phase retained; repeat/unit coordinates use group-selected seed phase
P0_seed7	MW218148_1__10647-12152+__QPI16926_1	SA1	ATACGTATAA	ATATGAATAC	-1043;-831;-660;-459;-283	136.683296	5	-6	false	raw seed phase retained; repeat/unit coordinates use group-selected seed phase
P0_seed7	MW218148_1__10647-12152+__QPI16926_1	SA1	ATAGACATTA	ATATGAATAC	-675;-474;-298	88.685019	3	9	false	raw seed phase retained; repeat/unit coordinates use group-selected seed phase
P0_seed7	MW218148_1__10647-12152+__QPI16926_1	SA1	ATATGAATAC	ATATGAATAC	-1049;-837;-666;-465;-289	145.146431	5	0	true	raw seed phase retained; repeat/unit coordinates use group-selected seed phase
P0_seed7	MW218148_1__10647-12152+__QPI16926_1	SA1	ATATTCTATA	ATATGAATAC	-694;-493;-317	75.211261	3		false	raw seed phase retained; repeat/unit coordinates use group-selected seed phase
P0_seed7	MW218148_1__10647-12152+__QPI16926_1	SA1	ATGAATACGT	ATATGAATAC	-1047;-835;-664;-463;-287	139.246755	5	-2	false	raw seed phase retained; repeat/unit coordinates use group-selected seed phase
P0_seed7	MW218148_1__10647-12152+__QPI16926_1	SA1	ATTCTATAAT	ATATGAATAC	-692;-491;-315	77.198626	3		false	raw seed phase retained; repeat/unit coordinates use group-selected seed phase
P0_seed7	MW218148_1__10647-12152+__QPI16926_1	SA1	CGTATAATGA	ATATGAATAC	-657;-456;-280	75.926350	3	-9	false	raw seed phase retained; repeat/unit coordinates use group-selected seed phase
P0_seed7	MW218148_1__10647-12152+__QPI16926_1	SA1	CTATAATTAA	ATATGAATAC	-924;-689;-488;-312	102.542856	4		false	raw seed phase retained; repeat/unit coordinates use group-selected seed phase
P0_seed7	MW218148_1__10647-12152+__QPI16926_1	SA1	GAATACGTAT	ATATGAATAC	-1045;-833;-662;-461;-285	131.658590	5	-4	false	raw seed phase retained; repeat/unit coordinates use group-selected seed phase
P0_seed7	MW218148_1__10647-12152+__QPI16926_1	SA1	GACATTATAT	ATATGAATAC	-672;-471;-295	89.292717	3	6	false	raw seed phase retained; repeat/unit coordinates use group-selected seed phase
P0_seed7	MW218148_1__10647-12152+__QPI16926_1	SA1	GATATTCTAT	ATATGAATAC	-695;-494;-318	75.078188	3		false	raw seed phase retained; repeat/unit coordinates use group-selected seed phase
P0_seed7	MW218148_1__10647-12152+__QPI16926_1	SA1	TACGTATAAT	ATATGAATAC	-1042;-830;-659;-458;-282	133.063029	5	-7	false	raw seed phase retained; repeat/unit coordinates use group-selected seed phase
P0_seed7	MW218148_1__10647-12152+__QPI16926_1	SA1	TAGACATTAT	ATATGAATAC	-674;-473;-297	88.458859	3	8	false	raw seed phase retained; repeat/unit coordinates use group-selected seed phase
P0_seed7	MW218148_1__10647-12152+__QPI16926_1	SA1	TATAGACATT	ATATGAATAC	-676;-475;-299	85.676817	3	10	false	raw seed phase retained; repeat/unit coordinates use group-selected seed phase
P0_seed7	MW218148_1__10647-12152+__QPI16926_1	SA1	TATATGAATA	ATATGAATAC	-838;-667;-466;-290	122.939960	4	1	false	raw seed phase retained; repeat/unit coordinates use group-selected seed phase
P0_seed7	MW218148_1__10647-12152+__QPI16926_1	SA1	TATGAATACG	ATATGAATAC	-1048;-836;-665;-464;-288	139.518147	5	-1	false	raw seed phase retained; repeat/unit coordinates use group-selected seed phase
P0_seed7	MW218148_1__10647-12152+__QPI16926_1	SA1	TATTCTATAA	ATATGAATAC	-693;-492;-316	75.211261	3		false	raw seed phase retained; repeat/unit coordinates use group-selected seed phase
P0_seed7	MW218148_1__10647-12152+__QPI16926_1	SA1	TCTATAATTA	ATATGAATAC	-690;-489;-313	83.804624	3		false	raw seed phase retained; repeat/unit coordinates use group-selected seed phase
P0_seed7	MW218148_1__10647-12152+__QPI16926_1	SA1	TGAATACGTA	ATATGAATAC	-1046;-834;-663;-462;-286	137.392303	5	-3	false	raw seed phase retained; repeat/unit coordinates use group-selected seed phase
P0_seed7	MW218148_1__10647-12152+__QPI16926_1	SA1	TTATAGACAT	ATATGAATAC	-677;-476;-300	82.895380	3		false	raw seed phase retained; repeat/unit coordinates use group-selected seed phase
P0_seed7	MW218148_1__10647-12152+__QPI16926_1	SA1	TTCTATAATT	ATATGAATAC	-691;-490;-314	81.892646	3		false	raw seed phase retained; repeat/unit coordinates use group-selected seed phase
P0_seed7	MW218148_1__10647-12152+__QPI16926_1	SA1	TTTATAGACA	ATATGAATAC	-678;-477;-301;-26	104.782657	4		false	raw seed phase retained; repeat/unit coordinates use group-selected seed phase
P0_seed7	MW248466_1__215089-216594+__QQM14740_1	MarsHill	AATTTATAGA	ATATGAATAC	-698;-488;-315	82.542734	3		false	raw seed phase retained; repeat/unit coordinates use group-selected seed phase
P0_seed7	MW248466_1__215089-216594+__QQM14740_1	MarsHill	ACATTATATG	ATATGAATAC	-689;-479;-306	88.976467	3	5	false	raw seed phase retained; repeat/unit coordinates use group-selected seed phase
P0_seed7	MW248466_1__215089-216594+__QQM14740_1	MarsHill	ACGTATAATG	ATATGAATAC	-676;-466;-293	70.269225	3	-8	false	raw seed phase retained; repeat/unit coordinates use group-selected seed phase
P0_seed7	MW248466_1__215089-216594+__QQM14740_1	MarsHill	AGACATTATA	ATATGAATAC	-691;-481;-308	88.976467	3	7	false	raw seed phase retained; repeat/unit coordinates use group-selected seed phase
P0_seed7	MW248466_1__215089-216594+__QQM14740_1	MarsHill	ATACGTATAA	ATATGAATAC	-1088;-875;-678;-468;-295	134.078486	5	-6	false	raw seed phase retained; repeat/unit coordinates use group-selected seed phase
P0_seed7	MW248466_1__215089-216594+__QQM14740_1	MarsHill	ATAGACATTA	ATATGAATAC	-693;-483;-310	88.976467	3	9	false	raw seed phase retained; repeat/unit coordinates use group-selected seed phase
P0_seed7	MW248466_1__215089-216594+__QQM14740_1	MarsHill	ATATGAATAC	ATATGAATAC	-1094;-881;-684;-474;-301	153.476994	5	0	true	raw seed phase retained; repeat/unit coordinates use group-selected seed phase
P0_seed7	MW248466_1__215089-216594+__QQM14740_1	MarsHill	ATGAATACGT	ATATGAATAC	-1092;-879;-682;-472;-299	146.217104	5	-2	false	raw seed phase retained; repeat/unit coordinates use group-selected seed phase
P0_seed7	MW248466_1__215089-216594+__QQM14740_1	MarsHill	ATTATATGAA	ATATGAATAC	-1097;-884;-687;-477;-304	156.950482	5	3	false	raw seed phase retained; repeat/unit coordinates use group-selected seed phase
P0_seed7	MW248466_1__215089-216594+__QQM14740_1	MarsHill	ATTTATAGAC	ATATGAATAC	-697;-487;-314	82.542734	3		false	raw seed phase retained; repeat/unit coordinates use group-selected seed phase
P0_seed7	MW248466_1__215089-216594+__QQM14740_1	MarsHill	CTATAATTAA	ATATGAATAC	-706;-496;-323	83.917000	3		false	raw seed phase retained; repeat/unit coordinates use group-selected seed phase
P0_seed7	MW248466_1__215089-216594+__QQM14740_1	MarsHill	GAATACGTAT	ATATGAATAC	-1090;-877;-680;-470;-297	139.039116	5	-4	false	raw seed phase retained; repeat/unit coordinates use group-selected seed phase
P0_seed7	MW248466_1__215089-216594+__QQM14740_1	MarsHill	GACATTATAT	ATATGAATAC	-690;-480;-307	88.574642	3	6	false	raw seed phase retained; repeat/unit coordinates use group-selected seed phase
P0_seed7	MW248466_1__215089-216594+__QQM14740_1	MarsHill	TAATTTATAG	ATATGAATAC	-699;-489;-316	82.947031	3		false	raw seed phase retained; repeat/unit coordinates use group-selected seed phase
P0_seed7	MW248466_1__215089-216594+__QQM14740_1	MarsHill	TACGTATAAT	ATATGAATAC	-1087;-874;-677;-467;-294	129.873223	5	-7	false	raw seed phase retained; repeat/unit coordinates use group-selected seed phase
P0_seed7	MW248466_1__215089-216594+__QQM14740_1	MarsHill	TAGACATTAT	ATATGAATAC	-692;-482;-309	88.976467	3	8	false	raw seed phase retained; repeat/unit coordinates use group-selected seed phase
P0_seed7	MW248466_1__215089-216594+__QQM14740_1	MarsHill	TATAGACATT	ATATGAATAC	-694;-484;-311	85.483236	3	10	false	raw seed phase retained; repeat/unit coordinates use group-selected seed phase
P0_seed7	MW248466_1__215089-216594+__QQM14740_1	MarsHill	TATGAATACG	ATATGAATAC	-1093;-880;-683;-473;-300	147.373924	5	-1	false	raw seed phase retained; repeat/unit coordinates use group-selected seed phase
P0_seed7	MW248466_1__215089-216594+__QQM14740_1	MarsHill	TCTATAATTA	ATATGAATAC	-707;-497;-324	83.917000	3		false	raw seed phase retained; repeat/unit coordinates use group-selected seed phase
P0_seed7	MW248466_1__215089-216594+__QQM14740_1	MarsHill	TGAATACGTA	ATATGAATAC	-1091;-878;-681;-471;-298	143.405109	5	-3	false	raw seed phase retained; repeat/unit coordinates use group-selected seed phase
P0_seed7	MW248466_1__215089-216594+__QQM14740_1	MarsHill	TTATAGACAT	ATATGAATAC	-695;-485;-312	82.542734	3		false	raw seed phase retained; repeat/unit coordinates use group-selected seed phase
P0_seed7	MW248466_1__215089-216594+__QQM14740_1	MarsHill	TTATATGAAT	ATATGAATAC	-1096;-883;-686;-476;-303	156.191837	5	2	false	raw seed phase retained; repeat/unit coordinates use group-selected seed phase
P0_seed7	MW248466_1__215089-216594+__QQM14740_1	MarsHill	TTCTATAATT	ATATGAATAC	-708;-498;-325	79.005964	3		false	raw seed phase retained; repeat/unit coordinates use group-selected seed phase
P0_seed7	MW248466_1__215089-216594+__QQM14740_1	MarsHill	TTTATAGACA	ATATGAATAC	-696;-486;-313	82.542734	3		false	raw seed phase retained; repeat/unit coordinates use group-selected seed phase
P0_seed7	MW349129_1__214290-215795+__QQO92858_1	Madawaska	AATACGTATA	ATATGAATAC	-1089;-876;-680;-468;-297	142.460996	5	-5	false	raw seed phase retained; repeat/unit coordinates use group-selected seed phase
P0_seed7	MW349129_1__214290-215795+__QQO92858_1	Madawaska	ACATTATATG	ATATGAATAC	-690;-478;-307	89.868012	3	5	false	raw seed phase retained; repeat/unit coordinates use group-selected seed phase
P0_seed7	MW349129_1__214290-215795+__QQO92858_1	Madawaska	ACGTATAATG	ATATGAATAC	-677;-465;-294	80.093438	3	-8	false	raw seed phase retained; repeat/unit coordinates use group-selected seed phase
P0_seed7	MW349129_1__214290-215795+__QQO92858_1	Madawaska	AGACATTATA	ATATGAATAC	-692;-480;-309	88.993652	3	7	false	raw seed phase retained; repeat/unit coordinates use group-selected seed phase
P0_seed7	MW349129_1__214290-215795+__QQO92858_1	Madawaska	ATACGTATAA	ATATGAATAC	-1088;-875;-679;-467;-296	144.560300	5	-6	false	raw seed phase retained; repeat/unit coordinates use group-selected seed phase
P0_seed7	MW349129_1__214290-215795+__QQO92858_1	Madawaska	ATAGACATTA	ATATGAATAC	-694;-482;-311	85.320469	3	9	false	raw seed phase retained; repeat/unit coordinates use group-selected seed phase
P0_seed7	MW349129_1__214290-215795+__QQO92858_1	Madawaska	ATATGAATAC	ATATGAATAC	-1094;-881;-685;-473;-302	156.383392	5	0	true	raw seed phase retained; repeat/unit coordinates use group-selected seed phase
P0_seed7	MW349129_1__214290-215795+__QQO92858_1	Madawaska	ATGAATACGT	ATATGAATAC	-1092;-879;-683;-471;-300	150.037412	5	-2	false	raw seed phase retained; repeat/unit coordinates use group-selected seed phase
P0_seed7	MW349129_1__214290-215795+__QQO92858_1	Madawaska	ATTATATGAA	ATATGAATAC	-1097;-884;-688;-476;-305	158.912335	5	3	false	raw seed phase retained; repeat/unit coordinates use group-selected seed phase
P0_seed7	MW349129_1__214290-215795+__QQO92858_1	Madawaska	CATTATATGA	ATATGAATAC	-936;-689;-477;-306	101.767058	4	4	false	raw seed phase retained; repeat/unit coordinates use group-selected seed phase
P0_seed7	MW349129_1__214290-215795+__QQO92858_1	Madawaska	CGTATAATGA	ATATGAATAC	-676;-464;-293	79.656056	3	-9	false	raw seed phase retained; repeat/unit coordinates use group-selected seed phase
P0_seed7	MW349129_1__214290-215795+__QQO92858_1	Madawaska	GAATACGTAT	ATATGAATAC	-1090;-877;-681;-469;-298	146.344897	5	-4	false	raw seed phase retained; repeat/unit coordinates use group-selected seed phase
P0_seed7	MW349129_1__214290-215795+__QQO92858_1	Madawaska	GACATTATAT	ATATGAATAC	-691;-479;-308	89.430630	3	6	false	raw seed phase retained; repeat/unit coordinates use group-selected seed phase
P0_seed7	MW349129_1__214290-215795+__QQO92858_1	Madawaska	GTATAATGAT	ATATGAATAC	-675;-463;-292	80.093438	3	-10	false	raw seed phase retained; repeat/unit coordinates use group-selected seed phase
P0_seed7	MW349129_1__214290-215795+__QQO92858_1	Madawaska	TACGTATAAT	ATATGAATAC	-1087;-874;-678;-466;-295;-67	151.368069	6	-7	false	raw seed phase retained; repeat/unit coordinates use group-selected seed phase
P0_seed7	MW349129_1__214290-215795+__QQO92858_1	Madawaska	TAGACATTAT	ATATGAATAC	-693;-481;-310	87.011267	3	8	false	raw seed phase retained; repeat/unit coordinates use group-selected seed phase
P0_seed7	MW349129_1__214290-215795+__QQO92858_1	Madawaska	TATAATGATT	ATATGAATAC	-674;-462;-291	76.531066	3		false	raw seed phase retained; repeat/unit coordinates use group-selected seed phase
P0_seed7	MW349129_1__214290-215795+__QQO92858_1	Madawaska	TATAGACATT	ATATGAATAC	-695;-483;-312	81.758097	3	10	false	raw seed phase retained; repeat/unit coordinates use group-selected seed phase
P0_seed7	MW349129_1__214290-215795+__QQO92858_1	Madawaska	TATATGAATA	ATATGAATAC	-1095;-882;-686;-474;-303	158.333199	5	1	false	raw seed phase retained; repeat/unit coordinates use group-selected seed phase
P0_seed7	MW349129_1__214290-215795+__QQO92858_1	Madawaska	TATGAATACG	ATATGAATAC	-1093;-880;-684;-472;-301	150.037412	5	-1	false	raw seed phase retained; repeat/unit coordinates use group-selected seed phase
P0_seed7	MW349129_1__214290-215795+__QQO92858_1	Madawaska	TCTATAATTA	ATATGAATAC	-708;-496;-326	69.047346	3		false	raw seed phase retained; repeat/unit coordinates use group-selected seed phase
P0_seed7	MW349129_1__214290-215795+__QQO92858_1	Madawaska	TGAATACGTA	ATATGAATAC	-1091;-878;-682;-470;-299	149.932420	5	-3	false	raw seed phase retained; repeat/unit coordinates use group-selected seed phase
P0_seed7	MW349129_1__214290-215795+__QQO92858_1	Madawaska	TTATAGACAT	ATATGAATAC	-696;-484;-313	76.889016	3		false	raw seed phase retained; repeat/unit coordinates use group-selected seed phase
P0_seed7	MW349129_1__214290-215795+__QQO92858_1	Madawaska	TTATATGAAT	ATATGAATAC	-1096;-883;-687;-475;-304	158.158246	5	2	false	raw seed phase retained; repeat/unit coordinates use group-selected seed phase
P0_seed7	MW349129_1__214290-215795+__QQO92858_1	Madawaska	TTCTATAATT	ATATGAATAC	-709;-497;-327	66.977088	3		false	raw seed phase retained; repeat/unit coordinates use group-selected seed phase
P0_seed7	MW349129_1__214290-215795+__QQO92858_1	Madawaska	TTTATAGACA	ATATGAATAC	-697;-485;-314	76.889016	3		false	raw seed phase retained; repeat/unit coordinates use group-selected seed phase
P0_seed7	OR836606_1__73311-74813-__WRM43423_1	LY01	AATACGTATA	ATATGAATAC	-1093;-881;-687;-473;-296	135.381919	5	-5	false	raw seed phase retained; repeat/unit coordinates use group-selected seed phase
P0_seed7	OR836606_1__73311-74813-__WRM43423_1	LY01	ACATTATATG	ATATGAATAC	-697;-483;-306	89.526694	3	5	false	raw seed phase retained; repeat/unit coordinates use group-selected seed phase
P0_seed7	OR836606_1__73311-74813-__WRM43423_1	LY01	ACGTATAATG	ATATGAATAC	-684;-470;-293	70.527357	3	-8	false	raw seed phase retained; repeat/unit coordinates use group-selected seed phase
P0_seed7	OR836606_1__73311-74813-__WRM43423_1	LY01	AGACATTATA	ATATGAATAC	-699;-485;-308	87.423816	3	7	false	raw seed phase retained; repeat/unit coordinates use group-selected seed phase
P0_seed7	OR836606_1__73311-74813-__WRM43423_1	LY01	ATACGTATAA	ATATGAATAC	-1092;-880;-686;-472;-295	134.181686	5	-6	false	raw seed phase retained; repeat/unit coordinates use group-selected seed phase
P0_seed7	OR836606_1__73311-74813-__WRM43423_1	LY01	ATAGACATTA	ATATGAATAC	-701;-487;-310	83.883776	3	9	false	raw seed phase retained; repeat/unit coordinates use group-selected seed phase
P0_seed7	OR836606_1__73311-74813-__WRM43423_1	LY01	ATATGAATAC	ATATGAATAC	-1098;-886;-692;-478;-301	150.376606	5	0	true	raw seed phase retained; repeat/unit coordinates use group-selected seed phase
P0_seed7	OR836606_1__73311-74813-__WRM43423_1	LY01	ATGAATACGT	ATATGAATAC	-1096;-884;-690;-476;-299	146.726096	5	-2	false	raw seed phase retained; repeat/unit coordinates use group-selected seed phase
P0_seed7	OR836606_1__73311-74813-__WRM43423_1	LY01	ATTATATGAA	ATATGAATAC	-1101;-889;-695;-481;-304	154.400607	5	3	false	raw seed phase retained; repeat/unit coordinates use group-selected seed phase
P0_seed7	OR836606_1__73311-74813-__WRM43423_1	LY01	CATTATATGA	ATATGAATAC	-941;-696;-482;-305	101.046395	4	4	false	raw seed phase retained; repeat/unit coordinates use group-selected seed phase
P0_seed7	OR836606_1__73311-74813-__WRM43423_1	LY01	GAATACGTAT	ATATGAATAC	-1094;-882;-688;-474;-297	139.234552	5	-4	false	raw seed phase retained; repeat/unit coordinates use group-selected seed phase
P0_seed7	OR836606_1__73311-74813-__WRM43423_1	LY01	GACATTATAT	ATATGAATAC	-698;-484;-307	89.127264	3	6	false	raw seed phase retained; repeat/unit coordinates use group-selected seed phase
P0_seed7	OR836606_1__73311-74813-__WRM43423_1	LY01	TACGTATAAT	ATATGAATAC	-1091;-879;-685;-471;-294	129.978339	5	-7	false	raw seed phase retained; repeat/unit coordinates use group-selected seed phase
P0_seed7	OR836606_1__73311-74813-__WRM43423_1	LY01	TAGACATTAT	ATATGAATAC	-700;-486;-309	85.454080	3	8	false	raw seed phase retained; repeat/unit coordinates use group-selected seed phase
P0_seed7	OR836606_1__73311-74813-__WRM43423_1	LY01	TATAGACATT	ATATGAATAC	-702;-488;-311	78.501834	3	10	false	raw seed phase retained; repeat/unit coordinates use group-selected seed phase
P0_seed7	OR836606_1__73311-74813-__WRM43423_1	LY01	TATATGAATA	ATATGAATAC	-1099;-887;-693;-479;-302	153.949842	5	1	false	raw seed phase retained; repeat/unit coordinates use group-selected seed phase
P0_seed7	OR836606_1__73311-74813-__WRM43423_1	LY01	TATGAATACG	ATATGAATAC	-1097;-885;-691;-477;-300	147.881958	5	-1	false	raw seed phase retained; repeat/unit coordinates use group-selected seed phase
P0_seed7	OR836606_1__73311-74813-__WRM43423_1	LY01	TGAATACGTA	ATATGAATAC	-1095;-883;-689;-475;-298	143.597671	5	-3	false	raw seed phase retained; repeat/unit coordinates use group-selected seed phase
P0_seed7	OR836606_1__73311-74813-__WRM43423_1	LY01	TTATAGACAT	ATATGAATAC	-703;-489;-312	73.254121	3		false	raw seed phase retained; repeat/unit coordinates use group-selected seed phase
P0_seed7	OR836606_1__73311-74813-__WRM43423_1	LY01	TTATATGAAT	ATATGAATAC	-1100;-888;-694;-480;-303	153.949842	5	2	false	raw seed phase retained; repeat/unit coordinates use group-selected seed phase
P0_seed7	OR836606_1__73311-74813-__WRM43423_1	LY01	TTCTATAATT	ATATGAATAC	-714;-503;-325	61.920200	3		false	raw seed phase retained; repeat/unit coordinates use group-selected seed phase
P0_seed7	OR836606_1__73311-74813-__WRM43423_1	LY01	TTTATAGACA	ATATGAATAC	-704;-490;-313	73.254121	3		false	raw seed phase retained; repeat/unit coordinates use group-selected seed phase
P0_seed7	LC680885_1__167556-169058+__BDE75684_1	S6	AATACGTATA	ATATGAATAC	-1086;-875;-679;-469;-296	137.099725	5	-5	false	raw seed phase retained; repeat/unit coordinates use group-selected seed phase
P0_seed7	LC680885_1__167556-169058+__BDE75684_1	S6	ACGTATAATG	ATATGAATAC	-676;-466;-293	73.160632	3	-8	false	raw seed phase retained; repeat/unit coordinates use group-selected seed phase
P0_seed7	LC680885_1__167556-169058+__BDE75684_1	S6	ATACGTATAA	ATATGAATAC	-1085;-874;-678;-468;-295	136.131058	5	-6	false	raw seed phase retained; repeat/unit coordinates use group-selected seed phase
P0_seed7	LC680885_1__167556-169058+__BDE75684_1	S6	ATATGAATAC	ATATGAATAC	-1091;-880;-684;-474;-301	150.123004	5	0	true	raw seed phase retained; repeat/unit coordinates use group-selected seed phase
P0_seed7	LC680885_1__167556-169058+__BDE75684_1	S6	ATGAATACGT	ATATGAATAC	-1089;-878;-682;-472;-299	148.190930	5	-2	false	raw seed phase retained; repeat/unit coordinates use group-selected seed phase
P0_seed7	LC680885_1__167556-169058+__BDE75684_1	S6	ATTATATGAA	ATATGAATAC	-1094;-883;-687;-477;-304	153.569189	5	3	false	raw seed phase retained; repeat/unit coordinates use group-selected seed phase
P0_seed7	LC680885_1__167556-169058+__BDE75684_1	S6	CATTATATGA	ATATGAATAC	-935;-688;-478;-305	100.906903	4	4	false	raw seed phase retained; repeat/unit coordinates use group-selected seed phase
P0_seed7	LC680885_1__167556-169058+__BDE75684_1	S6	CGTATAATGA	ATATGAATAC	-675;-465;-292	71.999715	3	-9	false	raw seed phase retained; repeat/unit coordinates use group-selected seed phase
P0_seed7	LC680885_1__167556-169058+__BDE75684_1	S6	GAATACGTAT	ATATGAATAC	-1087;-876;-680;-470;-297	141.043155	5	-4	false	raw seed phase retained; repeat/unit coordinates use group-selected seed phase
P0_seed7	LC680885_1__167556-169058+__BDE75684_1	S6	TACGTATAAT	ATATGAATAC	-1084;-873;-677;-467;-294	131.904117	5	-7	false	raw seed phase retained; repeat/unit coordinates use group-selected seed phase
P0_seed7	LC680885_1__167556-169058+__BDE75684_1	S6	TATATGAATA	ATATGAATAC	-1092;-881;-685;-475;-302;-64	164.550216	6	1	false	raw seed phase retained; repeat/unit coordinates use group-selected seed phase
P0_seed7	LC680885_1__167556-169058+__BDE75684_1	S6	TATGAATACG	ATATGAATAC	-1090;-879;-683;-473;-300	147.959733	5	-1	false	raw seed phase retained; repeat/unit coordinates use group-selected seed phase
P0_seed7	LC680885_1__167556-169058+__BDE75684_1	S6	TCTATAATTA	ATATGAATAC	-707;-497;-325	71.355674	3		false	raw seed phase retained; repeat/unit coordinates use group-selected seed phase
P0_seed7	LC680885_1__167556-169058+__BDE75684_1	S6	TGAATACGTA	ATATGAATAC	-1088;-877;-681;-471;-298	145.441666	5	-3	false	raw seed phase retained; repeat/unit coordinates use group-selected seed phase
P0_seed7	LC680885_1__167556-169058+__BDE75684_1	S6	TTATATGAAT	ATATGAATAC	-1093;-882;-686;-476;-303	152.659466	5	2	false	raw seed phase retained; repeat/unit coordinates use group-selected seed phase
P0_seed7	LC680885_1__167556-169058+__BDE75684_1	S6	TTCTATAATT	ATATGAATAC	-708;-498;-326	69.289453	3		false	raw seed phase retained; repeat/unit coordinates use group-selected seed phase
P0_seed7	MN091626_1__24879-26381+__QDJ97640_1	PALS_2	AATACGTATA	ATATGAATAC	-1086;-875;-679;-468;-295	137.244485	5	-5	false	raw seed phase retained; repeat/unit coordinates use group-selected seed phase
P0_seed7	MN091626_1__24879-26381+__QDJ97640_1	PALS_2	ACGTATAATG	ATATGAATAC	-676;-465;-292	73.257408	3	-8	false	raw seed phase retained; repeat/unit coordinates use group-selected seed phase
P0_seed7	MN091626_1__24879-26381+__QDJ97640_1	PALS_2	ATACGTATAA	ATATGAATAC	-1085;-874;-678;-467;-294	136.309907	5	-6	false	raw seed phase retained; repeat/unit coordinates use group-selected seed phase
P0_seed7	MN091626_1__24879-26381+__QDJ97640_1	PALS_2	ATATGAATAC	ATATGAATAC	-1091;-880;-684;-473;-300	150.209805	5	0	true	raw seed phase retained; repeat/unit coordinates use group-selected seed phase
P0_seed7	MN091626_1__24879-26381+__QDJ97640_1	PALS_2	ATGAATACGT	ATATGAATAC	-1089;-878;-682;-471;-298	148.287443	5	-2	false	raw seed phase retained; repeat/unit coordinates use group-selected seed phase
P0_seed7	MN091626_1__24879-26381+__QDJ97640_1	PALS_2	ATTATATGAA	ATATGAATAC	-1094;-883;-687;-476;-303	153.678972	5	3	false	raw seed phase retained; repeat/unit coordinates use group-selected seed phase
P0_seed7	MN091626_1__24879-26381+__QDJ97640_1	PALS_2	CATTATATGA	ATATGAATAC	-935;-688;-477;-304	101.023483	4	4	false	raw seed phase retained; repeat/unit coordinates use group-selected seed phase
P0_seed7	MN091626_1__24879-26381+__QDJ97640_1	PALS_2	CGTATAATGA	ATATGAATAC	-675;-464;-291	72.081987	3	-9	false	raw seed phase retained; repeat/unit coordinates use group-selected seed phase
P0_seed7	MN091626_1__24879-26381+__QDJ97640_1	PALS_2	GAATACGTAT	ATATGAATAC	-1087;-876;-680;-469;-296	141.189802	5	-4	false	raw seed phase retained; repeat/unit coordinates use group-selected seed phase
P0_seed7	MN091626_1__24879-26381+__QDJ97640_1	PALS_2	TACGTATAAT	ATATGAATAC	-1084;-873;-677;-466;-293	132.082245	5	-7	false	raw seed phase retained; repeat/unit coordinates use group-selected seed phase
P0_seed7	MN091626_1__24879-26381+__QDJ97640_1	PALS_2	TATATGAATA	ATATGAATAC	-1092;-881;-685;-474;-301;-63	164.637866	6	1	false	raw seed phase retained; repeat/unit coordinates use group-selected seed phase
P0_seed7	MN091626_1__24879-26381+__QDJ97640_1	PALS_2	TATGAATACG	ATATGAATAC	-1090;-879;-683;-472;-299	148.053998	5	-1	false	raw seed phase retained; repeat/unit coordinates use group-selected seed phase
P0_seed7	MN091626_1__24879-26381+__QDJ97640_1	PALS_2	TCTATAATTA	ATATGAATAC	-707;-496;-324	71.413285	3		false	raw seed phase retained; repeat/unit coordinates use group-selected seed phase
P0_seed7	MN091626_1__24879-26381+__QDJ97640_1	PALS_2	TGAATACGTA	ATATGAATAC	-1088;-877;-681;-470;-297	145.589395	5	-3	false	raw seed phase retained; repeat/unit coordinates use group-selected seed phase
P0_seed7	MN091626_1__24879-26381+__QDJ97640_1	PALS_2	TTATATGAAT	ATATGAATAC	-1093;-882;-686;-475;-302	152.744380	5	2	false	raw seed phase retained; repeat/unit coordinates use group-selected seed phase
P0_seed7	MN091626_1__24879-26381+__QDJ97640_1	PALS_2	TTCTATAATT	ATATGAATAC	-708;-497;-325	69.374570	3		false	raw seed phase retained; repeat/unit coordinates use group-selected seed phase
P0_seed7	MZ779063_1__125252-126754+__UAJ17040_1	UFV_DC4	ACGTATAATG	ATATGAATAC	-678;-466;-293	69.250676	3	-8	false	raw seed phase retained; repeat/unit coordinates use group-selected seed phase
P0_seed7	MZ779063_1__125252-126754+__UAJ17040_1	UFV_DC4	ATACGTATAA	ATATGAATAC	-1087;-877;-680;-468;-295	131.339478	5	-6	false	raw seed phase retained; repeat/unit coordinates use group-selected seed phase
P0_seed7	MZ779063_1__125252-126754+__UAJ17040_1	UFV_DC4	ATATGAATAC	ATATGAATAC	-1093;-883;-686;-474;-301	145.471814	5	0	true	raw seed phase retained; repeat/unit coordinates use group-selected seed phase
P0_seed7	MZ779063_1__125252-126754+__UAJ17040_1	UFV_DC4	ATGAATACGT	ATATGAATAC	-1091;-881;-684;-472;-299	143.399022	5	-2	false	raw seed phase retained; repeat/unit coordinates use group-selected seed phase
P0_seed7	MZ779063_1__125252-126754+__UAJ17040_1	UFV_DC4	ATTATATGAA	ATATGAATAC	-1096;-689;-477;-304	120.851149	4	3	false	raw seed phase retained; repeat/unit coordinates use group-selected seed phase
P0_seed7	MZ779063_1__125252-126754+__UAJ17040_1	UFV_DC4	GAATACGTAT	ATATGAATAC	-1089;-879;-682;-470;-297	136.141051	5	-4	false	raw seed phase retained; repeat/unit coordinates use group-selected seed phase
P0_seed7	MZ779063_1__125252-126754+__UAJ17040_1	UFV_DC4	TACGTATAAT	ATATGAATAC	-1086;-876;-679;-467;-294	128.743832	5	-7	false	raw seed phase retained; repeat/unit coordinates use group-selected seed phase
P0_seed7	MZ779063_1__125252-126754+__UAJ17040_1	UFV_DC4	TATGAATACG	ATATGAATAC	-1092;-882;-685;-473;-300	143.211006	5	-1	false	raw seed phase retained; repeat/unit coordinates use group-selected seed phase
P0_seed7	MZ779063_1__125252-126754+__UAJ17040_1	UFV_DC4	TCTATAATTA	ATATGAATAC	-709;-497;-325	70.555327	3		false	raw seed phase retained; repeat/unit coordinates use group-selected seed phase
P0_seed7	MZ779063_1__125252-126754+__UAJ17040_1	UFV_DC4	TGAATACGTA	ATATGAATAC	-1090;-880;-683;-471;-298	140.587570	5	-3	false	raw seed phase retained; repeat/unit coordinates use group-selected seed phase
P0_seed7	MZ779063_1__125252-126754+__UAJ17040_1	UFV_DC4	TTATATGAAT	ATATGAATAC	-1095;-688;-476;-303	122.933735	4	2	false	raw seed phase retained; repeat/unit coordinates use group-selected seed phase
P0_seed7	MZ779063_1__125252-126754+__UAJ17040_1	UFV_DC4	TTCTATAATT	ATATGAATAC	-710;-498;-326	68.491883	3		false	raw seed phase retained; repeat/unit coordinates use group-selected seed phase
PB50_near3	OR455461_1__177982-179535-__WNX97802_1	AH12	ATGAATACGT	ATGAATACGT	-912;-710;-500;-305	109.515594	4	0	true	raw seed phase retained; repeat/unit coordinates use group-selected seed phase
PB50_near3	MW349128_1__219310-220863+__QQO92593_1	Machias	ATGAATACGT	ATGAATACGT	-912;-711;-500;-304	110.120311	4	0	true	raw seed phase retained; repeat/unit coordinates use group-selected seed phase
PB50_near3	MW349128_1__219310-220863+__QQO92593_1	Machias	GAAATTTAAT	ATGAATACGT	-902;-719;-485;-289	81.892166	4	-1	false	raw seed phase retained; repeat/unit coordinates use group-selected seed phase
PB50_near3	MW349128_1__219310-220863+__QQO92593_1	Machias	TGAAATTTAA	ATGAATACGT	-903;-702;-486;-290	77.863920	4	-9	false	raw seed phase retained; repeat/unit coordinates use group-selected seed phase
PB50_near3	OR770614_1__150938-152491-__WPH64254_1	PB50	ATGAATACGT	ATGAATACGT	-912;-711;-500;-304	109.787986	4	0	true	raw seed phase retained; repeat/unit coordinates use group-selected seed phase
PB50_near3	OR770614_1__150938-152491-__WPH64254_1	PB50	GAAATTTAAT	ATGAATACGT	-902;-719;-485;-289	82.037652	4	-1	false	raw seed phase retained; repeat/unit coordinates use group-selected seed phase
PB50_near3	OR770614_1__150938-152491-__WPH64254_1	PB50	TGAAATTTAA	ATGAATACGT	-903;-702;-486;-290	77.971228	4	-9	false	raw seed phase retained; repeat/unit coordinates use group-selected seed phase
