relationship	left_unit_id	left_label	left_group	left_ordinal	right_unit_id	right_label	right_group	right_ordinal	core_to_core_global_identity	trimmed_spacer_global_identity	evidence_rule
within_group	MarsHill|unit01	MarsHill	P0_seed7	1	SA1|unit01	SA1	P0_seed7	1	0.657658	0.636364	unique reciprocal free sequence best plus both whole-locus boundaries within 10 nt
within_group	Madawaska|unit01	Madawaska	P0_seed7	1	SA1|unit01	SA1	P0_seed7	1	0.662162	0.651613	unique reciprocal free sequence best plus both whole-locus boundaries within 10 nt
within_group	LY01|unit01	LY01	P0_seed7	1	SA1|unit01	SA1	P0_seed7	1	0.651584	0.616883	unique reciprocal free sequence best plus both whole-locus boundaries within 10 nt
within_group	S6|unit01	S6	P0_seed7	1	SA1|unit01	SA1	P0_seed7	1	0.642202	0.638158	unique reciprocal free sequence best plus both whole-locus boundaries within 10 nt
within_group	PALS_2|unit01	PALS_2	P0_seed7	1	SA1|unit01	SA1	P0_seed7	1	0.642202	0.638158	unique reciprocal free sequence best plus both whole-locus boundaries within 10 nt
within_group	SA1|unit01	SA1	P0_seed7	1	UFV_DC4|unit01	UFV_DC4	P0_seed7	1	0.674208	0.644737	unique reciprocal free sequence best plus both whole-locus boundaries within 10 nt
within_group	MarsHill|unit03	MarsHill	P0_seed7	3	SA1|unit03	SA1	P0_seed7	3	0.643192	0.585034	unique reciprocal free sequence best plus both whole-locus boundaries within 10 nt
within_group	Madawaska|unit03	Madawaska	P0_seed7	3	SA1|unit03	SA1	P0_seed7	3	0.660465	0.570470	unique reciprocal free sequence best plus both whole-locus boundaries within 10 nt
within_group	S6|unit03	S6	P0_seed7	3	SA1|unit03	SA1	P0_seed7	3	0.668224	0.582192	unique reciprocal free sequence best plus both whole-locus boundaries within 10 nt
within_group	PALS_2|unit03	PALS_2	P0_seed7	3	SA1|unit03	SA1	P0_seed7	3	0.660465	0.571429	unique reciprocal free sequence best plus both whole-locus boundaries within 10 nt
within_group	SA1|unit03	SA1	P0_seed7	3	UFV_DC4|unit03	UFV_DC4	P0_seed7	3	0.666667	0.581081	unique reciprocal free sequence best plus both whole-locus boundaries within 10 nt
within_group	MarsHill|unit04	MarsHill	P0_seed7	4	SA1|unit04	SA1	P0_seed7	4	0.692308	0.637931	unique reciprocal free sequence best plus both whole-locus boundaries within 10 nt
within_group	Madawaska|unit04	Madawaska	P0_seed7	4	SA1|unit04	SA1	P0_seed7	4	0.718232	0.660870	unique reciprocal free sequence best plus both whole-locus boundaries within 10 nt
within_group	LY01|unit04	LY01	P0_seed7	4	SA1|unit04	SA1	P0_seed7	4	0.691892	0.627119	unique reciprocal free sequence best plus both whole-locus boundaries within 10 nt
within_group	S6|unit04	S6	P0_seed7	4	SA1|unit04	SA1	P0_seed7	4	0.697802	0.646552	unique reciprocal free sequence best plus both whole-locus boundaries within 10 nt
within_group	PALS_2|unit04	PALS_2	P0_seed7	4	SA1|unit04	SA1	P0_seed7	4	0.692308	0.637931	unique reciprocal free sequence best plus both whole-locus boundaries within 10 nt
within_group	SA1|unit04	SA1	P0_seed7	4	UFV_DC4|unit04	UFV_DC4	P0_seed7	4	0.681319	0.629310	unique reciprocal free sequence best plus both whole-locus boundaries within 10 nt
within_group	Madawaska|unit01	Madawaska	P0_seed7	1	MarsHill|unit01	MarsHill	P0_seed7	1	0.967136	0.959184	unique reciprocal free sequence best plus both whole-locus boundaries within 10 nt
within_group	LY01|unit01	LY01	P0_seed7	1	MarsHill|unit01	MarsHill	P0_seed7	1	0.864486	0.851351	unique reciprocal free sequence best plus both whole-locus boundaries within 10 nt
within_group	MarsHill|unit01	MarsHill	P0_seed7	1	S6|unit01	S6	P0_seed7	1	0.915493	0.897959	unique reciprocal free sequence best plus both whole-locus boundaries within 10 nt
within_group	MarsHill|unit01	MarsHill	P0_seed7	1	PALS_2|unit01	PALS_2	P0_seed7	1	0.915493	0.897959	unique reciprocal free sequence best plus both whole-locus boundaries within 10 nt
within_group	MarsHill|unit01	MarsHill	P0_seed7	1	UFV_DC4|unit01	UFV_DC4	P0_seed7	1	0.915493	0.904762	unique reciprocal free sequence best plus both whole-locus boundaries within 10 nt
within_group	Madawaska|unit02	Madawaska	P0_seed7	2	MarsHill|unit02	MarsHill	P0_seed7	2	0.903553	0.870229	unique reciprocal free sequence best plus both whole-locus boundaries within 10 nt
within_group	LY01|unit02	LY01	P0_seed7	2	MarsHill|unit02	MarsHill	P0_seed7	2	0.883249	0.854962	unique reciprocal free sequence best plus both whole-locus boundaries within 10 nt
within_group	MarsHill|unit02	MarsHill	P0_seed7	2	S6|unit02	S6	P0_seed7	2	0.878173	0.839695	unique reciprocal free sequence best plus both whole-locus boundaries within 10 nt
within_group	MarsHill|unit02	MarsHill	P0_seed7	2	PALS_2|unit02	PALS_2	P0_seed7	2	0.888325	0.854962	unique reciprocal free sequence best plus both whole-locus boundaries within 10 nt
within_group	MarsHill|unit02	MarsHill	P0_seed7	2	UFV_DC4|unit02	UFV_DC4	P0_seed7	2	0.888889	0.848485	unique reciprocal free sequence best plus both whole-locus boundaries within 10 nt
cross_group	AH12|unit02	AH12	PB50_near3	2	MarsHill|unit02	MarsHill	P0_seed7	2	0.609302	0.570470	unique reciprocal free sequence best plus both whole-locus boundaries within 10 nt
cross_group	Machias|unit02	Machias	PB50_near3	2	MarsHill|unit02	MarsHill	P0_seed7	2	0.614679	0.563758	unique reciprocal free sequence best plus both whole-locus boundaries within 10 nt
cross_group	MarsHill|unit02	MarsHill	P0_seed7	2	PB50|unit02	PB50	PB50_near3	2	0.619266	0.570470	unique reciprocal free sequence best plus both whole-locus boundaries within 10 nt
within_group	Madawaska|unit03	Madawaska	P0_seed7	3	MarsHill|unit03	MarsHill	P0_seed7	3	0.901408	0.884354	unique reciprocal free sequence best plus both whole-locus boundaries within 10 nt
within_group	LY01|unit03	LY01	P0_seed7	3	MarsHill|unit03	MarsHill	P0_seed7	3	0.813953	0.758389	unique reciprocal free sequence best plus both whole-locus boundaries within 10 nt
within_group	MarsHill|unit03	MarsHill	P0_seed7	3	S6|unit03	S6	P0_seed7	3	0.877358	0.849315	unique reciprocal free sequence best plus both whole-locus boundaries within 10 nt
within_group	MarsHill|unit03	MarsHill	P0_seed7	3	PALS_2|unit03	PALS_2	P0_seed7	3	0.872642	0.842466	unique reciprocal free sequence best plus both whole-locus boundaries within 10 nt
within_group	MarsHill|unit03	MarsHill	P0_seed7	3	UFV_DC4|unit03	UFV_DC4	P0_seed7	3	0.882629	0.857143	unique reciprocal free sequence best plus both whole-locus boundaries within 10 nt
within_group	Madawaska|unit04	Madawaska	P0_seed7	4	MarsHill|unit04	MarsHill	P0_seed7	4	0.919540	0.916667	unique reciprocal free sequence best plus both whole-locus boundaries within 10 nt
within_group	LY01|unit04	LY01	P0_seed7	4	MarsHill|unit04	MarsHill	P0_seed7	4	0.858757	0.801802	unique reciprocal free sequence best plus both whole-locus boundaries within 10 nt
within_group	MarsHill|unit04	MarsHill	P0_seed7	4	S6|unit04	S6	P0_seed7	4	0.942529	0.944444	unique reciprocal free sequence best plus both whole-locus boundaries within 10 nt
within_group	MarsHill|unit04	MarsHill	P0_seed7	4	PALS_2|unit04	PALS_2	P0_seed7	4	0.936782	0.935185	unique reciprocal free sequence best plus both whole-locus boundaries within 10 nt
within_group	MarsHill|unit04	MarsHill	P0_seed7	4	UFV_DC4|unit04	UFV_DC4	P0_seed7	4	0.919540	0.925926	unique reciprocal free sequence best plus both whole-locus boundaries within 10 nt
within_group	MarsHill|unit05	MarsHill	P0_seed7	5	S6|unit05	S6	P0_seed7	5	0.925311	0.931429	unique reciprocal free sequence best plus both whole-locus boundaries within 10 nt
within_group	MarsHill|unit05	MarsHill	P0_seed7	5	PALS_2|unit05	PALS_2	P0_seed7	5	0.921162	0.925714	unique reciprocal free sequence best plus both whole-locus boundaries within 10 nt
within_group	MarsHill|unit05	MarsHill	P0_seed7	5	UFV_DC4|unit05	UFV_DC4	P0_seed7	5	0.917355	0.920455	unique reciprocal free sequence best plus both whole-locus boundaries within 10 nt
within_group	LY01|unit01	LY01	P0_seed7	1	Madawaska|unit01	Madawaska	P0_seed7	1	0.883178	0.885135	unique reciprocal free sequence best plus both whole-locus boundaries within 10 nt
within_group	Madawaska|unit01	Madawaska	P0_seed7	1	S6|unit01	S6	P0_seed7	1	0.929577	0.925170	unique reciprocal free sequence best plus both whole-locus boundaries within 10 nt
within_group	Madawaska|unit01	Madawaska	P0_seed7	1	PALS_2|unit01	PALS_2	P0_seed7	1	0.929577	0.925170	unique reciprocal free sequence best plus both whole-locus boundaries within 10 nt
within_group	Madawaska|unit01	Madawaska	P0_seed7	1	UFV_DC4|unit01	UFV_DC4	P0_seed7	1	0.929577	0.931973	unique reciprocal free sequence best plus both whole-locus boundaries within 10 nt
cross_group	AH12|unit01	AH12	PB50_near3	1	Madawaska|unit01	Madawaska	P0_seed7	1	0.586667	0.543624	unique reciprocal free sequence best plus both whole-locus boundaries within 10 nt
cross_group	Machias|unit01	Machias	PB50_near3	1	Madawaska|unit01	Madawaska	P0_seed7	1	0.582222	0.554140	unique reciprocal free sequence best plus both whole-locus boundaries within 10 nt
cross_group	Madawaska|unit01	Madawaska	P0_seed7	1	PB50|unit01	PB50	PB50_near3	1	0.582222	0.554140	unique reciprocal free sequence best plus both whole-locus boundaries within 10 nt
within_group	LY01|unit02	LY01	P0_seed7	2	Madawaska|unit02	Madawaska	P0_seed7	2	0.897959	0.869231	unique reciprocal free sequence best plus both whole-locus boundaries within 10 nt
within_group	Madawaska|unit02	Madawaska	P0_seed7	2	S6|unit02	S6	P0_seed7	2	0.959184	0.946154	unique reciprocal free sequence best plus both whole-locus boundaries within 10 nt
within_group	Madawaska|unit02	Madawaska	P0_seed7	2	PALS_2|unit02	PALS_2	P0_seed7	2	0.948980	0.930769	unique reciprocal free sequence best plus both whole-locus boundaries within 10 nt
within_group	Madawaska|unit02	Madawaska	P0_seed7	2	UFV_DC4|unit02	UFV_DC4	P0_seed7	2	0.944162	0.946565	unique reciprocal free sequence best plus both whole-locus boundaries within 10 nt
cross_group	AH12|unit02	AH12	PB50_near3	2	Madawaska|unit02	Madawaska	P0_seed7	2	0.616438	0.580000	unique reciprocal free sequence best plus both whole-locus boundaries within 10 nt
cross_group	Machias|unit02	Machias	PB50_near3	2	Madawaska|unit02	Madawaska	P0_seed7	2	0.623853	0.586667	unique reciprocal free sequence best plus both whole-locus boundaries within 10 nt
cross_group	Madawaska|unit02	Madawaska	P0_seed7	2	PB50|unit02	PB50	PB50_near3	2	0.617512	0.577181	unique reciprocal free sequence best plus both whole-locus boundaries within 10 nt
within_group	LY01|unit03	LY01	P0_seed7	3	Madawaska|unit03	Madawaska	P0_seed7	3	0.810185	0.760000	unique reciprocal free sequence best plus both whole-locus boundaries within 10 nt
within_group	Madawaska|unit03	Madawaska	P0_seed7	3	S6|unit03	S6	P0_seed7	3	0.933962	0.910959	unique reciprocal free sequence best plus both whole-locus boundaries within 10 nt
within_group	Madawaska|unit03	Madawaska	P0_seed7	3	PALS_2|unit03	PALS_2	P0_seed7	3	0.905660	0.869863	unique reciprocal free sequence best plus both whole-locus boundaries within 10 nt
within_group	Madawaska|unit03	Madawaska	P0_seed7	3	UFV_DC4|unit03	UFV_DC4	P0_seed7	3	0.915888	0.885135	unique reciprocal free sequence best plus both whole-locus boundaries within 10 nt
cross_group	AH12|unit03	AH12	PB50_near3	3	Madawaska|unit03	Madawaska	P0_seed7	3	0.618834	0.582781	unique reciprocal free sequence best plus both whole-locus boundaries within 10 nt
within_group	LY01|unit04	LY01	P0_seed7	4	Madawaska|unit04	Madawaska	P0_seed7	4	0.831461	0.794643	unique reciprocal free sequence best plus both whole-locus boundaries within 10 nt
within_group	Madawaska|unit04	Madawaska	P0_seed7	4	S6|unit04	S6	P0_seed7	4	0.930636	0.943925	unique reciprocal free sequence best plus both whole-locus boundaries within 10 nt
within_group	Madawaska|unit04	Madawaska	P0_seed7	4	PALS_2|unit04	PALS_2	P0_seed7	4	0.924855	0.934579	unique reciprocal free sequence best plus both whole-locus boundaries within 10 nt
within_group	Madawaska|unit04	Madawaska	P0_seed7	4	UFV_DC4|unit04	UFV_DC4	P0_seed7	4	0.885057	0.888889	unique reciprocal free sequence best plus both whole-locus boundaries within 10 nt
within_group	LY01|unit01	LY01	P0_seed7	1	S6|unit01	S6	P0_seed7	1	0.896714	0.884354	unique reciprocal free sequence best plus both whole-locus boundaries within 10 nt
within_group	LY01|unit01	LY01	P0_seed7	1	PALS_2|unit01	PALS_2	P0_seed7	1	0.896714	0.884354	unique reciprocal free sequence best plus both whole-locus boundaries within 10 nt
within_group	LY01|unit01	LY01	P0_seed7	1	UFV_DC4|unit01	UFV_DC4	P0_seed7	1	0.882629	0.884354	unique reciprocal free sequence best plus both whole-locus boundaries within 10 nt
cross_group	AH12|unit01	AH12	PB50_near3	1	LY01|unit01	LY01	P0_seed7	1	0.589041	0.567568	unique reciprocal free sequence best plus both whole-locus boundaries within 10 nt
cross_group	LY01|unit01	LY01	P0_seed7	1	Machias|unit01	Machias	PB50_near3	1	0.582569	0.551020	unique reciprocal free sequence best plus both whole-locus boundaries within 10 nt
cross_group	LY01|unit01	LY01	P0_seed7	1	PB50|unit01	PB50	PB50_near3	1	0.582569	0.551020	unique reciprocal free sequence best plus both whole-locus boundaries within 10 nt
within_group	LY01|unit02	LY01	P0_seed7	2	S6|unit02	S6	P0_seed7	2	0.862245	0.823077	unique reciprocal free sequence best plus both whole-locus boundaries within 10 nt
within_group	LY01|unit02	LY01	P0_seed7	2	PALS_2|unit02	PALS_2	P0_seed7	2	0.862245	0.823077	unique reciprocal free sequence best plus both whole-locus boundaries within 10 nt
within_group	LY01|unit02	LY01	P0_seed7	2	UFV_DC4|unit02	UFV_DC4	P0_seed7	2	0.862944	0.839695	unique reciprocal free sequence best plus both whole-locus boundaries within 10 nt
cross_group	AH12|unit02	AH12	PB50_near3	2	LY01|unit02	LY01	P0_seed7	2	0.592593	0.544218	unique reciprocal free sequence best plus both whole-locus boundaries within 10 nt
cross_group	LY01|unit02	LY01	P0_seed7	2	Machias|unit02	Machias	PB50_near3	2	0.600000	0.559211	unique reciprocal free sequence best plus both whole-locus boundaries within 10 nt
cross_group	LY01|unit02	LY01	P0_seed7	2	PB50|unit02	PB50	PB50_near3	2	0.583333	0.533784	unique reciprocal free sequence best plus both whole-locus boundaries within 10 nt
within_group	LY01|unit03	LY01	P0_seed7	3	S6|unit03	S6	P0_seed7	3	0.813953	0.765101	unique reciprocal free sequence best plus both whole-locus boundaries within 10 nt
within_group	LY01|unit03	LY01	P0_seed7	3	PALS_2|unit03	PALS_2	P0_seed7	3	0.813953	0.765101	unique reciprocal free sequence best plus both whole-locus boundaries within 10 nt
within_group	LY01|unit03	LY01	P0_seed7	3	UFV_DC4|unit03	UFV_DC4	P0_seed7	3	0.810185	0.760000	unique reciprocal free sequence best plus both whole-locus boundaries within 10 nt
within_group	LY01|unit04	LY01	P0_seed7	4	S6|unit04	S6	P0_seed7	4	0.848315	0.785714	unique reciprocal free sequence best plus both whole-locus boundaries within 10 nt
within_group	LY01|unit04	LY01	P0_seed7	4	PALS_2|unit04	PALS_2	P0_seed7	4	0.853933	0.794643	unique reciprocal free sequence best plus both whole-locus boundaries within 10 nt
within_group	LY01|unit04	LY01	P0_seed7	4	UFV_DC4|unit04	UFV_DC4	P0_seed7	4	0.837079	0.785714	unique reciprocal free sequence best plus both whole-locus boundaries within 10 nt
within_group	PALS_2|unit01	PALS_2	P0_seed7	1	S6|unit01	S6	P0_seed7	1	1.000000	1.000000	unique reciprocal free sequence best plus both whole-locus boundaries within 10 nt
within_group	S6|unit01	S6	P0_seed7	1	UFV_DC4|unit01	UFV_DC4	P0_seed7	1	0.957346	0.951724	unique reciprocal free sequence best plus both whole-locus boundaries within 10 nt
cross_group	AH12|unit01	AH12	PB50_near3	1	S6|unit01	S6	P0_seed7	1	0.581081	0.557047	unique reciprocal free sequence best plus both whole-locus boundaries within 10 nt
cross_group	Machias|unit01	Machias	PB50_near3	1	S6|unit01	S6	P0_seed7	1	0.568889	0.536913	unique reciprocal free sequence best plus both whole-locus boundaries within 10 nt
cross_group	PB50|unit01	PB50	PB50_near3	1	S6|unit01	S6	P0_seed7	1	0.568889	0.536913	unique reciprocal free sequence best plus both whole-locus boundaries within 10 nt
within_group	PALS_2|unit02	PALS_2	P0_seed7	2	S6|unit02	S6	P0_seed7	2	0.974490	0.961538	unique reciprocal free sequence best plus both whole-locus boundaries within 10 nt
within_group	S6|unit02	S6	P0_seed7	2	UFV_DC4|unit02	UFV_DC4	P0_seed7	2	0.934010	0.923664	unique reciprocal free sequence best plus both whole-locus boundaries within 10 nt
cross_group	AH12|unit02	AH12	PB50_near3	2	S6|unit02	S6	P0_seed7	2	0.611872	0.580000	unique reciprocal free sequence best plus both whole-locus boundaries within 10 nt
cross_group	Machias|unit02	Machias	PB50_near3	2	S6|unit02	S6	P0_seed7	2	0.614679	0.580000	unique reciprocal free sequence best plus both whole-locus boundaries within 10 nt
cross_group	PB50|unit02	PB50	PB50_near3	2	S6|unit02	S6	P0_seed7	2	0.612903	0.577181	unique reciprocal free sequence best plus both whole-locus boundaries within 10 nt
within_group	PALS_2|unit03	PALS_2	P0_seed7	3	S6|unit03	S6	P0_seed7	3	0.971564	0.958621	unique reciprocal free sequence best plus both whole-locus boundaries within 10 nt
within_group	S6|unit03	S6	P0_seed7	3	UFV_DC4|unit03	UFV_DC4	P0_seed7	3	0.957547	0.938356	unique reciprocal free sequence best plus both whole-locus boundaries within 10 nt
within_group	PALS_2|unit04	PALS_2	P0_seed7	4	S6|unit04	S6	P0_seed7	4	0.994220	0.990654	unique reciprocal free sequence best plus both whole-locus boundaries within 10 nt
within_group	S6|unit04	S6	P0_seed7	4	UFV_DC4|unit04	UFV_DC4	P0_seed7	4	0.930636	0.915888	unique reciprocal free sequence best plus both whole-locus boundaries within 10 nt
within_group	PALS_2|unit05	PALS_2	P0_seed7	5	S6|unit05	S6	P0_seed7	5	0.995798	0.994186	unique reciprocal free sequence best plus both whole-locus boundaries within 10 nt
within_group	S6|unit05	S6	P0_seed7	5	UFV_DC4|unit05	UFV_DC4	P0_seed7	5	0.974895	0.982659	unique reciprocal free sequence best plus both whole-locus boundaries within 10 nt
within_group	PALS_2|unit01	PALS_2	P0_seed7	1	UFV_DC4|unit01	UFV_DC4	P0_seed7	1	0.957346	0.951724	unique reciprocal free sequence best plus both whole-locus boundaries within 10 nt
cross_group	AH12|unit01	AH12	PB50_near3	1	PALS_2|unit01	PALS_2	P0_seed7	1	0.581081	0.557047	unique reciprocal free sequence best plus both whole-locus boundaries within 10 nt
cross_group	Machias|unit01	Machias	PB50_near3	1	PALS_2|unit01	PALS_2	P0_seed7	1	0.568889	0.536913	unique reciprocal free sequence best plus both whole-locus boundaries within 10 nt
cross_group	PALS_2|unit01	PALS_2	P0_seed7	1	PB50|unit01	PB50	PB50_near3	1	0.568889	0.536913	unique reciprocal free sequence best plus both whole-locus boundaries within 10 nt
within_group	PALS_2|unit02	PALS_2	P0_seed7	2	UFV_DC4|unit02	UFV_DC4	P0_seed7	2	0.923858	0.908397	unique reciprocal free sequence best plus both whole-locus boundaries within 10 nt
cross_group	AH12|unit02	AH12	PB50_near3	2	PALS_2|unit02	PALS_2	P0_seed7	2	0.606481	0.571429	unique reciprocal free sequence best plus both whole-locus boundaries within 10 nt
cross_group	Machias|unit02	Machias	PB50_near3	2	PALS_2|unit02	PALS_2	P0_seed7	2	0.619266	0.586667	unique reciprocal free sequence best plus both whole-locus boundaries within 10 nt
cross_group	PALS_2|unit02	PALS_2	P0_seed7	2	PB50|unit02	PB50	PB50_near3	2	0.617512	0.583893	unique reciprocal free sequence best plus both whole-locus boundaries within 10 nt
within_group	PALS_2|unit03	PALS_2	P0_seed7	3	UFV_DC4|unit03	UFV_DC4	P0_seed7	3	0.952830	0.931507	unique reciprocal free sequence best plus both whole-locus boundaries within 10 nt
within_group	PALS_2|unit04	PALS_2	P0_seed7	4	UFV_DC4|unit04	UFV_DC4	P0_seed7	4	0.924855	0.906542	unique reciprocal free sequence best plus both whole-locus boundaries within 10 nt
within_group	PALS_2|unit05	PALS_2	P0_seed7	5	UFV_DC4|unit05	UFV_DC4	P0_seed7	5	0.970711	0.976879	unique reciprocal free sequence best plus both whole-locus boundaries within 10 nt
cross_group	AH12|unit01	AH12	PB50_near3	1	UFV_DC4|unit01	UFV_DC4	P0_seed7	1	0.588496	0.556962	unique reciprocal free sequence best plus both whole-locus boundaries within 10 nt
cross_group	Machias|unit01	Machias	PB50_near3	1	UFV_DC4|unit01	UFV_DC4	P0_seed7	1	0.584071	0.551282	unique reciprocal free sequence best plus both whole-locus boundaries within 10 nt
cross_group	PB50|unit01	PB50	PB50_near3	1	UFV_DC4|unit01	UFV_DC4	P0_seed7	1	0.584071	0.551282	unique reciprocal free sequence best plus both whole-locus boundaries within 10 nt
cross_group	AH12|unit02	AH12	PB50_near3	2	UFV_DC4|unit02	UFV_DC4	P0_seed7	2	0.595455	0.556291	unique reciprocal free sequence best plus both whole-locus boundaries within 10 nt
cross_group	Machias|unit02	Machias	PB50_near3	2	UFV_DC4|unit02	UFV_DC4	P0_seed7	2	0.587156	0.553333	unique reciprocal free sequence best plus both whole-locus boundaries within 10 nt
cross_group	PB50|unit02	PB50	PB50_near3	2	UFV_DC4|unit02	UFV_DC4	P0_seed7	2	0.587156	0.553333	unique reciprocal free sequence best plus both whole-locus boundaries within 10 nt
cross_group	AH12|unit03	AH12	PB50_near3	3	UFV_DC4|unit03	UFV_DC4	P0_seed7	3	0.604545	0.536913	unique reciprocal free sequence best plus both whole-locus boundaries within 10 nt
within_group	AH12|unit01	AH12	PB50_near3	1	Machias|unit01	Machias	PB50_near3	1	0.980198	0.977941	unique reciprocal free sequence best plus both whole-locus boundaries within 10 nt
within_group	AH12|unit01	AH12	PB50_near3	1	PB50|unit01	PB50	PB50_near3	1	0.980198	0.977941	unique reciprocal free sequence best plus both whole-locus boundaries within 10 nt
within_group	AH12|unit02	AH12	PB50_near3	2	Machias|unit02	Machias	PB50_near3	2	0.933649	0.910345	unique reciprocal free sequence best plus both whole-locus boundaries within 10 nt
within_group	AH12|unit02	AH12	PB50_near3	2	PB50|unit02	PB50	PB50_near3	2	0.938389	0.924138	unique reciprocal free sequence best plus both whole-locus boundaries within 10 nt
within_group	AH12|unit03	AH12	PB50_near3	3	Machias|unit03	Machias	PB50_near3	3	0.969388	0.961538	unique reciprocal free sequence best plus both whole-locus boundaries within 10 nt
within_group	AH12|unit03	AH12	PB50_near3	3	PB50|unit03	PB50	PB50_near3	3	0.969388	0.961538	unique reciprocal free sequence best plus both whole-locus boundaries within 10 nt
within_group	Machias|unit01	Machias	PB50_near3	1	PB50|unit01	PB50	PB50_near3	1	1.000000	1.000000	unique reciprocal free sequence best plus both whole-locus boundaries within 10 nt
within_group	Machias|unit02	Machias	PB50_near3	2	PB50|unit02	PB50	PB50_near3	2	0.981043	0.979310	unique reciprocal free sequence best plus both whole-locus boundaries within 10 nt
within_group	Machias|unit03	Machias	PB50_near3	3	PB50|unit03	PB50	PB50_near3	3	1.000000	1.000000	unique reciprocal free sequence best plus both whole-locus boundaries within 10 nt
