locus_order	candidate_id	label	accession	analysis_subgroup	group_seed_word	seed_chain_copy_count	promoted_degenerate_edge_copy_count	copy_count	copy_starts_relative_to_RT	unit_lengths_nt	array_span_first_to_last_start_nt	distal_copy_relative_start	proximal_copy_relative_start	repeat_block_left_offset_from_seed	repeat_block_right_offset_exclusive_from_seed	repeat_block_length_nt	repeat_block_consensus	fixed26_locus_consensus	main_annotation_status	biological_endpoint_status	annotation_conflict_protein_ids	assignment_status	reported_art_support	boundary_alternative_count	boundary_alternative_summary
1	MW218148_1__10647-12152+__QPI16926_1	SA1	MW218148.1	P0_seed7	ATATGAATAC	5	0	5	-1049;-837;-666;-465;-289	212;171;201;176	760	-1049	-289	-3	14	17	ATTATATGAATACGTAT	GACATTATATGAATACGTATAATGAA	unique_group_supported_periodic_chain	operational_P2_boundary; biological_transcript_endpoint_unverified		report_supported_ART_type_II_reference	P0_known_ART_reference	1	distal_register:-1006:specific_unresolved_register_alternative_not_additional_copy
2	MW248466_1__215089-216594+__QQM14740_1	MarsHill	MW248466.1	P0_seed7	ATATGAATAC	5	1	6	-1094;-881;-684;-474;-301;-61	213;197;210;173;240	1033	-1094	-61	-3	14	17	ATTATATGAATACGTAT	GACATTATATGAATACGTATAATGTT	group_supported_periodic_chain_plus_one_pass_degenerate_edge	operational_P2_boundary; biological_transcript_endpoint_unverified		report_supported_ART_type_II_reference	P0_known_ART_reference	0	
3	MW349129_1__214290-215795+__QQO92858_1	Madawaska	MW349129.1	P0_seed7	ATATGAATAC	5	0	5	-1094;-881;-685;-473;-302	213;196;212;171	792	-1094	-302	-3	14	17	ATTATATGAATACGTAT	GACATTATATGAATACGTATAATGAT	unique_group_supported_periodic_chain	operational_P2_boundary; biological_transcript_endpoint_unverified	QQO92855.1;QQO92856.1;QQO92857.1	report_supported_ART_type_II_reference	P0_known_ART_reference	0	
4	OR836606_1__73311-74813-__WRM43423_1	LY01	OR836606.1	P0_seed7	ATATGAATAC	5	0	5	-1098;-886;-692;-478;-301	212;194;214;177	797	-1098	-301	-3	14	17	ATTATATGAATACGTAT	GACATTATATGAATACGTATAATGTA	unique_group_supported_periodic_chain	operational_P2_boundary; biological_transcript_endpoint_unverified		report_supported_ART_type_II_reference	P0_known_ART_reference	0	
5	LC680885_1__167556-169058+__BDE75684_1	S6	LC680885.1	P0_seed7	ATATGAATAC	5	1	6	-1091;-880;-684;-474;-301;-63	211;196;210;173;238	1028	-1091	-63	-3	14	17	ATTATATGAATACGTAT	GACATTATATGAATACGTATAATGAT	group_supported_periodic_chain_plus_one_pass_degenerate_edge	operational_P2_boundary; biological_transcript_endpoint_unverified		report_supported_ART_type_II_reference	P0_known_ART_reference	0	
6	MN091626_1__24879-26381+__QDJ97640_1	PALS_2	MN091626.1	P0_seed7	ATATGAATAC	5	1	6	-1091;-880;-684;-473;-300;-62	211;196;211;173;238	1029	-1091	-62	-3	14	17	ATTATATGAATACGTAT	GACATTATATGAATACGTATAATGAT	group_supported_periodic_chain_plus_one_pass_degenerate_edge	operational_P2_boundary; biological_transcript_endpoint_unverified		report_supported_ART_type_II_reference	P0_known_ART_reference	0	
7	MZ779063_1__125252-126754+__UAJ17040_1	UFV_DC4	MZ779063.1	P0_seed7	ATATGAATAC	5	1	6	-1093;-883;-686;-474;-301;-62	210;197;212;173;239	1031	-1093	-62	-3	14	17	ATTATATGAATACGTAT	GACATTATATGAATACGTATAATGTT	group_supported_periodic_chain_plus_one_pass_degenerate_edge	operational_P2_boundary; biological_transcript_endpoint_unverified		report_supported_ART_type_II_reference	P0_known_ART_reference	0	
8	OR455461_1__177982-179535-__WNX97802_1	AH12	OR455461.1	PB50_near3	ATGAATACGT	4	0	4	-912;-710;-500;-305	202;210;195	607	-912	-305	0	10	10	ATGAATACGT	AATTATATGAATACGTAAAATGAAAT	unique_group_supported_periodic_chain	operational_P2_boundary; biological_transcript_endpoint_unverified		type_II_ART_family_locus_candidate_sequence_and_neighborhood_supported	not_named_in_local_report	0	
9	MW349128_1__219310-220863+__QQO92593_1	Machias	MW349128.1	PB50_near3	ATGAATACGT	4	0	4	-912;-711;-500;-304	201;211;196	608	-912	-304	0	10	10	ATGAATACGT	AATTATATGAATACGTAAAATGAAAT	unique_group_supported_periodic_chain	operational_P2_boundary; biological_transcript_endpoint_unverified		type_II_ART_family_locus_candidate_sequence_and_neighborhood_supported	not_named_in_local_report	0	
10	OR770614_1__150938-152491-__WPH64254_1	PB50	OR770614.1	PB50_near3	ATGAATACGT	4	0	4	-912;-711;-500;-304	201;211;196	608	-912	-304	0	10	10	ATGAATACGT	AATTTTATGAATACGTAAAATGAAAT	unique_group_supported_periodic_chain	operational_P2_boundary; biological_transcript_endpoint_unverified		reported_ART_17_array_positive_type_II; public_feature_mapping_supported	reported_ART_17	0	
