query_unit_id	query_label	query_group	query_ordinal	target_candidate_id	target_label	target_group	best_target_unit_id	best_target_ordinal	best_core_to_core_identity	runner_up_core_to_core_identity	best_runner_up_margin	best_is_unique	best_tie_count	same_ordinal	reciprocal_unique_best	mapped_query_left_boundary_in_target_relative	mapped_query_right_boundary_in_target_relative	left_boundary_offset_to_best_target_nt	right_boundary_offset_to_best_target_nt	whole_locus_boundary_support_within_10nt	sequence_and_coordinate_supported_correspondence	correspondence_status
SA1|unit01	SA1	P0_seed7	1	MW248466_1__215089-216594+__QQM14740_1	MarsHill	P0_seed7	MarsHill|unit01	1	0.657658	0.545455	0.112203	true	1	true	true	-1094	-881	0	0	true	true	unique_reciprocal_sequence_best_plus_whole_locus_boundaries
SA1|unit01	SA1	P0_seed7	1	MW349129_1__214290-215795+__QQO92858_1	Madawaska	P0_seed7	Madawaska|unit01	1	0.662162	0.558952	0.103210	true	1	true	true	-1094	-881	0	0	true	true	unique_reciprocal_sequence_best_plus_whole_locus_boundaries
SA1|unit01	SA1	P0_seed7	1	OR836606_1__73311-74813-__WRM43423_1	LY01	P0_seed7	LY01|unit01	1	0.651584	0.559633	0.091951	true	1	true	true	-1098	-886	0	0	true	true	unique_reciprocal_sequence_best_plus_whole_locus_boundaries
SA1|unit01	SA1	P0_seed7	1	LC680885_1__167556-169058+__BDE75684_1	S6	P0_seed7	S6|unit01	1	0.642202	0.571429	0.070773	true	1	true	true	-1091	-880	0	0	true	true	unique_reciprocal_sequence_best_plus_whole_locus_boundaries
SA1|unit01	SA1	P0_seed7	1	MN091626_1__24879-26381+__QDJ97640_1	PALS_2	P0_seed7	PALS_2|unit01	1	0.642202	0.563636	0.078565	true	1	true	true	-1091	-880	0	0	true	true	unique_reciprocal_sequence_best_plus_whole_locus_boundaries
SA1|unit01	SA1	P0_seed7	1	MZ779063_1__125252-126754+__UAJ17040_1	UFV_DC4	P0_seed7	UFV_DC4|unit01	1	0.674208	0.571429	0.102780	true	1	true	true	-1093	-883	0	0	true	true	unique_reciprocal_sequence_best_plus_whole_locus_boundaries
SA1|unit01	SA1	P0_seed7	1	OR455461_1__177982-179535-__WNX97802_1	AH12	PB50_near3	AH12|unit01	1	0.566210	0.547945	0.018265	true	1	true	true	-952		-40		false	false	unique_reciprocal_sequence_best_without_whole_locus_boundary_support
SA1|unit01	SA1	P0_seed7	1	MW349128_1__219310-220863+__QQO92593_1	Machias	PB50_near3	Machias|unit01	1	0.554545	0.536036	0.018509	true	1	true	true	-952		-40		false	false	unique_reciprocal_sequence_best_without_whole_locus_boundary_support
SA1|unit01	SA1	P0_seed7	1	OR770614_1__150938-152491-__WPH64254_1	PB50	PB50_near3	PB50|unit01	1	0.554545	0.534247	0.020299	true	1	true	true	-952	-732	-40	-21	false	false	unique_reciprocal_sequence_best_without_whole_locus_boundary_support
SA1|unit02	SA1	P0_seed7	2	MW248466_1__215089-216594+__QQM14740_1	MarsHill	P0_seed7	MarsHill|unit04	4	0.653631	0.616915	0.036716	true	1	false	false	-881	-684	-407	-383	false	false	free_sequence_best_only
SA1|unit02	SA1	P0_seed7	2	MW349129_1__214290-215795+__QQO92858_1	Madawaska	P0_seed7	Madawaska|unit04	4	0.662857	0.626866	0.035991	true	1	false	false	-881	-685	-408	-383	false	false	free_sequence_best_only
SA1|unit02	SA1	P0_seed7	2	OR836606_1__73311-74813-__WRM43423_1	LY01	P0_seed7	LY01|unit04	4	0.621622	0.584112	0.037509	true	1	false	false	-886	-692	-408	-391	false	false	free_sequence_best_only
SA1|unit02	SA1	P0_seed7	2	LC680885_1__167556-169058+__BDE75684_1	S6	P0_seed7	S6|unit04	4	0.646067	0.620000	0.026067	true	1	false	false	-880	-684	-406	-383	false	false	free_sequence_best_only
SA1|unit02	SA1	P0_seed7	2	MN091626_1__24879-26381+__QDJ97640_1	PALS_2	P0_seed7	PALS_2|unit04	4	0.651685	0.625000	0.026685	true	1	false	false	-880	-684	-407	-384	false	false	free_sequence_best_only
SA1|unit02	SA1	P0_seed7	2	MZ779063_1__125252-126754+__UAJ17040_1	UFV_DC4	P0_seed7	UFV_DC4|unit04	4	0.632768	0.600939	0.031829	true	1	false	false	-883	-686	-409	-385	false	false	free_sequence_best_only
SA1|unit02	SA1	P0_seed7	2	OR455461_1__177982-179535-__WNX97802_1	AH12	PB50_near3	AH12|unit03	3	0.538462	0.528037	0.010424	true	1	false	false		-656		-351	false	false	free_sequence_best_only
SA1|unit02	SA1	P0_seed7	2	MW349128_1__219310-220863+__QQO92593_1	Machias	PB50_near3	Machias|unit02	2	0.539171	0.538462	0.000709	true	1	true	true		-666		-166	false	false	unique_reciprocal_sequence_best_without_whole_locus_boundary_support
SA1|unit02	SA1	P0_seed7	2	OR770614_1__150938-152491-__WPH64254_1	PB50	PB50_near3	PB50|unit03	3	0.538462	0.525581	0.012880	true	1	false	false	-732	-586	-232	-282	false	false	free_sequence_best_only
SA1|unit03	SA1	P0_seed7	3	MW248466_1__215089-216594+__QQM14740_1	MarsHill	P0_seed7	MarsHill|unit03	3	0.643192	0.606635	0.036557	true	1	true	true	-684	-474	0	0	true	true	unique_reciprocal_sequence_best_plus_whole_locus_boundaries
SA1|unit03	SA1	P0_seed7	3	MW349129_1__214290-215795+__QQO92858_1	Madawaska	P0_seed7	Madawaska|unit03	3	0.660465	0.605769	0.054696	true	1	true	true	-685	-473	0	0	true	true	unique_reciprocal_sequence_best_plus_whole_locus_boundaries
SA1|unit03	SA1	P0_seed7	3	OR836606_1__73311-74813-__WRM43423_1	LY01	P0_seed7	LY01|unit03	3	0.611111	0.596154	0.014957	true	1	true	false	-692	-478	0	0	true	false	free_sequence_best_only
SA1|unit03	SA1	P0_seed7	3	LC680885_1__167556-169058+__BDE75684_1	S6	P0_seed7	S6|unit03	3	0.668224	0.605769	0.062455	true	1	true	true	-684	-474	0	0	true	true	unique_reciprocal_sequence_best_plus_whole_locus_boundaries
SA1|unit03	SA1	P0_seed7	3	MN091626_1__24879-26381+__QDJ97640_1	PALS_2	P0_seed7	PALS_2|unit03	3	0.660465	0.604762	0.055703	true	1	true	true	-684	-473	0	0	true	true	unique_reciprocal_sequence_best_plus_whole_locus_boundaries
SA1|unit03	SA1	P0_seed7	3	MZ779063_1__125252-126754+__UAJ17040_1	UFV_DC4	P0_seed7	UFV_DC4|unit03	3	0.666667	0.606635	0.060032	true	1	true	true	-686	-474	0	0	true	true	unique_reciprocal_sequence_best_plus_whole_locus_boundaries
SA1|unit03	SA1	P0_seed7	3	OR455461_1__177982-179535-__WNX97802_1	AH12	PB50_near3	AH12|unit03	3	0.598086	0.522727	0.075359	true	1	true	true	-656	-502	-156	-197	false	false	unique_reciprocal_sequence_best_without_whole_locus_boundary_support
SA1|unit03	SA1	P0_seed7	3	MW349128_1__219310-220863+__QQO92593_1	Machias	PB50_near3	Machias|unit03	3	0.609524	0.522936	0.086588	true	1	true	true	-666	-502	-166	-198	false	false	unique_reciprocal_sequence_best_without_whole_locus_boundary_support
SA1|unit03	SA1	P0_seed7	3	OR770614_1__150938-152491-__WPH64254_1	PB50	PB50_near3	PB50|unit03	3	0.609524	0.522936	0.086588	true	1	true	true	-586	-450	-86	-146	false	false	unique_reciprocal_sequence_best_without_whole_locus_boundary_support
SA1|unit04	SA1	P0_seed7	4	MW248466_1__215089-216594+__QQM14740_1	MarsHill	P0_seed7	MarsHill|unit04	4	0.692308	0.605911	0.086396	true	1	true	true	-474	-301	0	0	true	true	unique_reciprocal_sequence_best_plus_whole_locus_boundaries
SA1|unit04	SA1	P0_seed7	4	MW349129_1__214290-215795+__QQO92858_1	Madawaska	P0_seed7	Madawaska|unit04	4	0.718232	0.616162	0.102070	true	1	true	true	-473	-302	0	0	true	true	unique_reciprocal_sequence_best_plus_whole_locus_boundaries
SA1|unit04	SA1	P0_seed7	4	OR836606_1__73311-74813-__WRM43423_1	LY01	P0_seed7	LY01|unit04	4	0.691892	0.617512	0.074380	true	1	true	true	-478	-301	0	0	true	true	unique_reciprocal_sequence_best_plus_whole_locus_boundaries
SA1|unit04	SA1	P0_seed7	4	LC680885_1__167556-169058+__BDE75684_1	S6	P0_seed7	S6|unit04	4	0.697802	0.601010	0.096792	true	1	true	true	-474	-301	0	0	true	true	unique_reciprocal_sequence_best_plus_whole_locus_boundaries
SA1|unit04	SA1	P0_seed7	4	MN091626_1__24879-26381+__QDJ97640_1	PALS_2	P0_seed7	PALS_2|unit04	4	0.692308	0.589862	0.102446	true	1	true	true	-473	-300	0	0	true	true	unique_reciprocal_sequence_best_plus_whole_locus_boundaries
SA1|unit04	SA1	P0_seed7	4	MZ779063_1__125252-126754+__UAJ17040_1	UFV_DC4	P0_seed7	UFV_DC4|unit04	4	0.681319	0.587379	0.093940	true	1	true	true	-474	-301	0	0	true	true	unique_reciprocal_sequence_best_plus_whole_locus_boundaries
SA1|unit04	SA1	P0_seed7	4	OR455461_1__177982-179535-__WNX97802_1	AH12	PB50_near3	AH12|unit03	3	0.559406	0.545872	0.013534	true	1	false	false	-502	-307	-2	-2	true	false	free_sequence_best_only
SA1|unit04	SA1	P0_seed7	4	MW349128_1__219310-220863+__QQO92593_1	Machias	PB50_near3	Machias|unit03	3	0.581281	0.527778	0.053503	true	1	false	false	-502	-306	-2	-2	true	false	free_sequence_best_only
SA1|unit04	SA1	P0_seed7	4	OR770614_1__150938-152491-__WPH64254_1	PB50	PB50_near3	PB50|unit03	3	0.581281	0.532407	0.048873	true	1	false	false	-450	-306	50	-2	false	false	free_sequence_best_only
MarsHill|unit01	MarsHill	P0_seed7	1	MW218148_1__10647-12152+__QPI16926_1	SA1	P0_seed7	SA1|unit01	1	0.657658	0.542986	0.114671	true	1	true	true	-1049	-837	0	0	true	true	unique_reciprocal_sequence_best_plus_whole_locus_boundaries
MarsHill|unit01	MarsHill	P0_seed7	1	MW349129_1__214290-215795+__QQO92858_1	Madawaska	P0_seed7	Madawaska|unit01	1	0.967136	0.562212	0.404924	true	1	true	true	-1094	-881	0	0	true	true	unique_reciprocal_sequence_best_plus_whole_locus_boundaries
MarsHill|unit01	MarsHill	P0_seed7	1	OR836606_1__73311-74813-__WRM43423_1	LY01	P0_seed7	LY01|unit01	1	0.864486	0.562791	0.301695	true	1	true	true	-1098	-886	0	0	true	true	unique_reciprocal_sequence_best_plus_whole_locus_boundaries
MarsHill|unit01	MarsHill	P0_seed7	1	LC680885_1__167556-169058+__BDE75684_1	S6	P0_seed7	S6|unit01	1	0.915493	0.578704	0.336789	true	1	true	true	-1091	-880	0	0	true	true	unique_reciprocal_sequence_best_plus_whole_locus_boundaries
MarsHill|unit01	MarsHill	P0_seed7	1	MN091626_1__24879-26381+__QDJ97640_1	PALS_2	P0_seed7	PALS_2|unit01	1	0.915493	0.569444	0.346049	true	1	true	true	-1091	-880	0	0	true	true	unique_reciprocal_sequence_best_plus_whole_locus_boundaries
MarsHill|unit01	MarsHill	P0_seed7	1	MZ779063_1__125252-126754+__UAJ17040_1	UFV_DC4	P0_seed7	UFV_DC4|unit01	1	0.915493	0.568807	0.346686	true	1	true	true	-1093	-883	0	0	true	true	unique_reciprocal_sequence_best_plus_whole_locus_boundaries
MarsHill|unit01	MarsHill	P0_seed7	1	OR455461_1__177982-179535-__WNX97802_1	AH12	PB50_near3	AH12|unit01	1	0.586667	0.537445	0.049222	true	1	true	true	-934	-712	-22	-2	false	false	unique_reciprocal_sequence_best_without_whole_locus_boundary_support
MarsHill|unit01	MarsHill	P0_seed7	1	MW349128_1__219310-220863+__QQO92593_1	Machias	PB50_near3	Machias|unit01	1	0.582222	0.526549	0.055674	true	1	true	true	-934	-713	-22	-2	false	false	unique_reciprocal_sequence_best_without_whole_locus_boundary_support
MarsHill|unit01	MarsHill	P0_seed7	1	OR770614_1__150938-152491-__WPH64254_1	PB50	PB50_near3	PB50|unit01	1	0.582222	0.535398	0.046824	true	1	true	true	-934	-713	-22	-2	false	false	unique_reciprocal_sequence_best_without_whole_locus_boundary_support
MarsHill|unit02	MarsHill	P0_seed7	2	MW218148_1__10647-12152+__QPI16926_1	SA1	P0_seed7	SA1|unit02	2	0.616915	0.606635	0.010280	true	1	true	false	-837	-666	0	0	true	false	free_sequence_best_only
MarsHill|unit02	MarsHill	P0_seed7	2	MW349129_1__214290-215795+__QQO92858_1	Madawaska	P0_seed7	Madawaska|unit02	2	0.903553	0.603774	0.299780	true	1	true	true	-881	-685	0	0	true	true	unique_reciprocal_sequence_best_plus_whole_locus_boundaries
MarsHill|unit02	MarsHill	P0_seed7	2	OR836606_1__73311-74813-__WRM43423_1	LY01	P0_seed7	LY01|unit02	2	0.883249	0.606061	0.277188	true	1	true	true	-886	-692	0	0	true	true	unique_reciprocal_sequence_best_plus_whole_locus_boundaries
MarsHill|unit02	MarsHill	P0_seed7	2	LC680885_1__167556-169058+__BDE75684_1	S6	P0_seed7	S6|unit02	2	0.878173	0.592965	0.285208	true	1	true	true	-880	-684	0	0	true	true	unique_reciprocal_sequence_best_plus_whole_locus_boundaries
MarsHill|unit02	MarsHill	P0_seed7	2	MN091626_1__24879-26381+__QDJ97640_1	PALS_2	P0_seed7	PALS_2|unit02	2	0.888325	0.612150	0.276175	true	1	true	true	-880	-684	0	0	true	true	unique_reciprocal_sequence_best_plus_whole_locus_boundaries
MarsHill|unit02	MarsHill	P0_seed7	2	MZ779063_1__125252-126754+__UAJ17040_1	UFV_DC4	P0_seed7	UFV_DC4|unit02	2	0.888889	0.601852	0.287037	true	1	true	true	-883	-686	0	0	true	true	unique_reciprocal_sequence_best_plus_whole_locus_boundaries
MarsHill|unit02	MarsHill	P0_seed7	2	OR455461_1__177982-179535-__WNX97802_1	AH12	PB50_near3	AH12|unit02	2	0.609302	0.565217	0.044085	true	1	true	true	-712	-502	-2	-2	true	true	unique_reciprocal_sequence_best_plus_whole_locus_boundaries
MarsHill|unit02	MarsHill	P0_seed7	2	MW349128_1__219310-220863+__QQO92593_1	Machias	PB50_near3	Machias|unit02	2	0.614679	0.578947	0.035732	true	1	true	true	-713	-502	-2	-2	true	true	unique_reciprocal_sequence_best_plus_whole_locus_boundaries
MarsHill|unit02	MarsHill	P0_seed7	2	OR770614_1__150938-152491-__WPH64254_1	PB50	PB50_near3	PB50|unit02	2	0.619266	0.578947	0.040319	true	1	true	true	-713	-502	-2	-2	true	true	unique_reciprocal_sequence_best_plus_whole_locus_boundaries
MarsHill|unit03	MarsHill	P0_seed7	3	MW218148_1__10647-12152+__QPI16926_1	SA1	P0_seed7	SA1|unit03	3	0.643192	0.616822	0.026370	true	1	true	true	-666	-465	0	0	true	true	unique_reciprocal_sequence_best_plus_whole_locus_boundaries
MarsHill|unit03	MarsHill	P0_seed7	3	MW349129_1__214290-215795+__QQO92858_1	Madawaska	P0_seed7	Madawaska|unit03	3	0.901408	0.632075	0.269333	true	1	true	true	-685	-473	0	0	true	true	unique_reciprocal_sequence_best_plus_whole_locus_boundaries
MarsHill|unit03	MarsHill	P0_seed7	3	OR836606_1__73311-74813-__WRM43423_1	LY01	P0_seed7	LY01|unit03	3	0.813953	0.616114	0.197840	true	1	true	true	-692	-478	0	0	true	true	unique_reciprocal_sequence_best_plus_whole_locus_boundaries
MarsHill|unit03	MarsHill	P0_seed7	3	LC680885_1__167556-169058+__BDE75684_1	S6	P0_seed7	S6|unit03	3	0.877358	0.622642	0.254717	true	1	true	true	-684	-474	0	0	true	true	unique_reciprocal_sequence_best_plus_whole_locus_boundaries
MarsHill|unit03	MarsHill	P0_seed7	3	MN091626_1__24879-26381+__QDJ97640_1	PALS_2	P0_seed7	PALS_2|unit03	3	0.872642	0.630841	0.241800	true	1	true	true	-684	-473	0	0	true	true	unique_reciprocal_sequence_best_plus_whole_locus_boundaries
MarsHill|unit03	MarsHill	P0_seed7	3	MZ779063_1__125252-126754+__UAJ17040_1	UFV_DC4	P0_seed7	UFV_DC4|unit03	3	0.882629	0.630841	0.251788	true	1	true	true	-686	-474	0	0	true	true	unique_reciprocal_sequence_best_plus_whole_locus_boundaries
MarsHill|unit03	MarsHill	P0_seed7	3	OR455461_1__177982-179535-__WNX97802_1	AH12	PB50_near3	AH12|unit03	3	0.596413	0.570136	0.026277	true	1	true	true	-502		-2		false	false	unique_reciprocal_sequence_best_without_whole_locus_boundary_support
MarsHill|unit03	MarsHill	P0_seed7	3	MW349128_1__219310-220863+__QQO92593_1	Machias	PB50_near3	Machias|unit03	3	0.587444	0.575893	0.011551	true	1	true	false	-502	-426	-2	-122	false	false	free_sequence_best_only
MarsHill|unit03	MarsHill	P0_seed7	3	OR770614_1__150938-152491-__WPH64254_1	PB50	PB50_near3	PB50|unit03	3	0.587444	0.584821	0.002623	true	1	true	false	-502	-426	-2	-122	false	false	free_sequence_best_only
MarsHill|unit04	MarsHill	P0_seed7	4	MW218148_1__10647-12152+__QPI16926_1	SA1	P0_seed7	SA1|unit04	4	0.692308	0.653631	0.038676	true	1	true	true	-465	-289	0	0	true	true	unique_reciprocal_sequence_best_plus_whole_locus_boundaries
MarsHill|unit04	MarsHill	P0_seed7	4	MW349129_1__214290-215795+__QQO92858_1	Madawaska	P0_seed7	Madawaska|unit04	4	0.919540	0.620000	0.299540	true	1	true	true	-473	-302	0	0	true	true	unique_reciprocal_sequence_best_plus_whole_locus_boundaries
MarsHill|unit04	MarsHill	P0_seed7	4	OR836606_1__73311-74813-__WRM43423_1	LY01	P0_seed7	LY01|unit04	4	0.858757	0.601010	0.257747	true	1	true	true	-478	-301	0	0	true	true	unique_reciprocal_sequence_best_plus_whole_locus_boundaries
MarsHill|unit04	MarsHill	P0_seed7	4	LC680885_1__167556-169058+__BDE75684_1	S6	P0_seed7	S6|unit04	4	0.942529	0.616114	0.326415	true	1	true	true	-474	-301	0	0	true	true	unique_reciprocal_sequence_best_plus_whole_locus_boundaries
MarsHill|unit04	MarsHill	P0_seed7	4	MN091626_1__24879-26381+__QDJ97640_1	PALS_2	P0_seed7	PALS_2|unit04	4	0.936782	0.619718	0.317063	true	1	true	true	-473	-300	0	0	true	true	unique_reciprocal_sequence_best_plus_whole_locus_boundaries
MarsHill|unit04	MarsHill	P0_seed7	4	MZ779063_1__125252-126754+__UAJ17040_1	UFV_DC4	P0_seed7	UFV_DC4|unit04	4	0.919540	0.605634	0.313906	true	1	true	true	-474	-301	0	0	true	true	unique_reciprocal_sequence_best_plus_whole_locus_boundaries
MarsHill|unit04	MarsHill	P0_seed7	4	OR455461_1__177982-179535-__WNX97802_1	AH12	PB50_near3	AH12|unit03	3	0.591133	0.556075	0.035058	true	1	false	false		-307		-2	false	false	free_sequence_best_only
MarsHill|unit04	MarsHill	P0_seed7	4	MW349128_1__219310-220863+__QQO92593_1	Machias	PB50_near3	Machias|unit03	3	0.588235	0.555556	0.032680	true	1	false	true	-426	-306	74	-2	false	false	unique_reciprocal_sequence_best_without_whole_locus_boundary_support
MarsHill|unit04	MarsHill	P0_seed7	4	OR770614_1__150938-152491-__WPH64254_1	PB50	PB50_near3	PB50|unit03	3	0.588235	0.555556	0.032680	true	1	false	true	-426	-306	74	-2	false	false	unique_reciprocal_sequence_best_without_whole_locus_boundary_support
MarsHill|unit05	MarsHill	P0_seed7	5	MW218148_1__10647-12152+__QPI16926_1	SA1	P0_seed7	SA1|unit03	3	0.520661	0.502041	0.018620	true	1	false	false	-289	-64	377	401	false	false	free_sequence_best_only
MarsHill|unit05	MarsHill	P0_seed7	5	MW349129_1__214290-215795+__QQO92858_1	Madawaska	P0_seed7	Madawaska|unit03	3	0.536585	0.526316	0.010270	true	1	false	false	-302	-62	383	411	false	false	free_sequence_best_only
MarsHill|unit05	MarsHill	P0_seed7	5	OR836606_1__73311-74813-__WRM43423_1	LY01	P0_seed7	LY01|unit03	3	0.549180	0.519841	0.029339	true	1	false	false	-301	-62	391	416	false	false	free_sequence_best_only
MarsHill|unit05	MarsHill	P0_seed7	5	LC680885_1__167556-169058+__BDE75684_1	S6	P0_seed7	S6|unit05	5	0.925311	0.553279	0.372033	true	1	true	true	-301	-63	0	0	true	true	unique_reciprocal_sequence_best_plus_whole_locus_boundaries
MarsHill|unit05	MarsHill	P0_seed7	5	MN091626_1__24879-26381+__QDJ97640_1	PALS_2	P0_seed7	PALS_2|unit05	5	0.921162	0.557377	0.363785	true	1	true	true	-300	-62	0	0	true	true	unique_reciprocal_sequence_best_plus_whole_locus_boundaries
MarsHill|unit05	MarsHill	P0_seed7	5	MZ779063_1__125252-126754+__UAJ17040_1	UFV_DC4	P0_seed7	UFV_DC4|unit05	5	0.917355	0.548780	0.368575	true	1	true	true	-301	-62	0	0	true	true	unique_reciprocal_sequence_best_plus_whole_locus_boundaries
MarsHill|unit05	MarsHill	P0_seed7	5	OR455461_1__177982-179535-__WNX97802_1	AH12	PB50_near3	AH12|unit02	2	0.522267	0.495868	0.026399	true	1	false	false	-307	-62	403	438	false	false	free_sequence_best_only
MarsHill|unit05	MarsHill	P0_seed7	5	MW349128_1__219310-220863+__QQO92593_1	Machias	PB50_near3	Machias|unit02	2	0.520492	0.493776	0.026716	true	1	false	false	-306	-62	405	438	false	false	free_sequence_best_only
MarsHill|unit05	MarsHill	P0_seed7	5	OR770614_1__150938-152491-__WPH64254_1	PB50	PB50_near3	PB50|unit02	2	0.514170	0.493776	0.020394	true	1	false	false	-306	-62	405	438	false	false	free_sequence_best_only
Madawaska|unit01	Madawaska	P0_seed7	1	MW218148_1__10647-12152+__QPI16926_1	SA1	P0_seed7	SA1|unit01	1	0.662162	0.549107	0.113055	true	1	true	true	-1049	-837	0	0	true	true	unique_reciprocal_sequence_best_plus_whole_locus_boundaries
Madawaska|unit01	Madawaska	P0_seed7	1	MW248466_1__215089-216594+__QQM14740_1	MarsHill	P0_seed7	MarsHill|unit01	1	0.967136	0.558685	0.408451	true	1	true	true	-1094	-881	0	0	true	true	unique_reciprocal_sequence_best_plus_whole_locus_boundaries
Madawaska|unit01	Madawaska	P0_seed7	1	OR836606_1__73311-74813-__WRM43423_1	LY01	P0_seed7	LY01|unit01	1	0.883178	0.553571	0.329606	true	1	true	true	-1098	-886	0	0	true	true	unique_reciprocal_sequence_best_plus_whole_locus_boundaries
Madawaska|unit01	Madawaska	P0_seed7	1	LC680885_1__167556-169058+__BDE75684_1	S6	P0_seed7	S6|unit01	1	0.929577	0.572093	0.357484	true	1	true	true	-1091	-880	0	0	true	true	unique_reciprocal_sequence_best_plus_whole_locus_boundaries
Madawaska|unit01	Madawaska	P0_seed7	1	MN091626_1__24879-26381+__QDJ97640_1	PALS_2	P0_seed7	PALS_2|unit01	1	0.929577	0.567442	0.362136	true	1	true	true	-1091	-880	0	0	true	true	unique_reciprocal_sequence_best_plus_whole_locus_boundaries
Madawaska|unit01	Madawaska	P0_seed7	1	MZ779063_1__125252-126754+__UAJ17040_1	UFV_DC4	P0_seed7	UFV_DC4|unit01	1	0.929577	0.566820	0.362757	true	1	true	true	-1093	-883	0	0	true	true	unique_reciprocal_sequence_best_plus_whole_locus_boundaries
Madawaska|unit01	Madawaska	P0_seed7	1	OR455461_1__177982-179535-__WNX97802_1	AH12	PB50_near3	AH12|unit01	1	0.586667	0.543860	0.042807	true	1	true	true	-914	-712	-2	-2	true	true	unique_reciprocal_sequence_best_plus_whole_locus_boundaries
Madawaska|unit01	Madawaska	P0_seed7	1	MW349128_1__219310-220863+__QQO92593_1	Machias	PB50_near3	Machias|unit01	1	0.582222	0.530973	0.051249	true	1	true	true	-914	-713	-2	-2	true	true	unique_reciprocal_sequence_best_plus_whole_locus_boundaries
Madawaska|unit01	Madawaska	P0_seed7	1	OR770614_1__150938-152491-__WPH64254_1	PB50	PB50_near3	PB50|unit01	1	0.582222	0.537445	0.044777	true	1	true	true	-914	-713	-2	-2	true	true	unique_reciprocal_sequence_best_plus_whole_locus_boundaries
Madawaska|unit02	Madawaska	P0_seed7	2	MW218148_1__10647-12152+__QPI16926_1	SA1	P0_seed7	SA1|unit02	2	0.626866	0.616162	0.010704	true	1	true	false	-837	-666	0	0	true	false	free_sequence_best_only
Madawaska|unit02	Madawaska	P0_seed7	2	MW248466_1__215089-216594+__QQM14740_1	MarsHill	P0_seed7	MarsHill|unit02	2	0.903553	0.632075	0.271478	true	1	true	true	-881	-684	0	0	true	true	unique_reciprocal_sequence_best_plus_whole_locus_boundaries
Madawaska|unit02	Madawaska	P0_seed7	2	OR836606_1__73311-74813-__WRM43423_1	LY01	P0_seed7	LY01|unit02	2	0.897959	0.596330	0.301629	true	1	true	true	-886	-692	0	0	true	true	unique_reciprocal_sequence_best_plus_whole_locus_boundaries
Madawaska|unit02	Madawaska	P0_seed7	2	LC680885_1__167556-169058+__BDE75684_1	S6	P0_seed7	S6|unit02	2	0.959184	0.613208	0.345976	true	1	true	true	-880	-684	0	0	true	true	unique_reciprocal_sequence_best_plus_whole_locus_boundaries
Madawaska|unit02	Madawaska	P0_seed7	2	MN091626_1__24879-26381+__QDJ97640_1	PALS_2	P0_seed7	PALS_2|unit02	2	0.948980	0.619718	0.329261	true	1	true	true	-880	-684	0	0	true	true	unique_reciprocal_sequence_best_plus_whole_locus_boundaries
Madawaska|unit02	Madawaska	P0_seed7	2	MZ779063_1__125252-126754+__UAJ17040_1	UFV_DC4	P0_seed7	UFV_DC4|unit02	2	0.944162	0.598131	0.346032	true	1	true	true	-883	-686	0	0	true	true	unique_reciprocal_sequence_best_plus_whole_locus_boundaries
Madawaska|unit02	Madawaska	P0_seed7	2	OR455461_1__177982-179535-__WNX97802_1	AH12	PB50_near3	AH12|unit02	2	0.616438	0.564593	0.051845	true	1	true	true	-712	-502	-2	-2	true	true	unique_reciprocal_sequence_best_plus_whole_locus_boundaries
Madawaska|unit02	Madawaska	P0_seed7	2	MW349128_1__219310-220863+__QQO92593_1	Machias	PB50_near3	Machias|unit02	2	0.623853	0.574163	0.049691	true	1	true	true	-713	-502	-2	-2	true	true	unique_reciprocal_sequence_best_plus_whole_locus_boundaries
Madawaska|unit02	Madawaska	P0_seed7	2	OR770614_1__150938-152491-__WPH64254_1	PB50	PB50_near3	PB50|unit02	2	0.617512	0.574163	0.043349	true	1	true	true	-713	-502	-2	-2	true	true	unique_reciprocal_sequence_best_plus_whole_locus_boundaries
Madawaska|unit03	Madawaska	P0_seed7	3	MW218148_1__10647-12152+__QPI16926_1	SA1	P0_seed7	SA1|unit03	3	0.660465	0.600939	0.059526	true	1	true	true	-666	-465	0	0	true	true	unique_reciprocal_sequence_best_plus_whole_locus_boundaries
Madawaska|unit03	Madawaska	P0_seed7	3	MW248466_1__215089-216594+__QQM14740_1	MarsHill	P0_seed7	MarsHill|unit03	3	0.901408	0.610329	0.291080	true	1	true	true	-684	-474	0	0	true	true	unique_reciprocal_sequence_best_plus_whole_locus_boundaries
Madawaska|unit03	Madawaska	P0_seed7	3	OR836606_1__73311-74813-__WRM43423_1	LY01	P0_seed7	LY01|unit03	3	0.810185	0.615023	0.195162	true	1	true	true	-692	-478	0	0	true	true	unique_reciprocal_sequence_best_plus_whole_locus_boundaries
Madawaska|unit03	Madawaska	P0_seed7	3	LC680885_1__167556-169058+__BDE75684_1	S6	P0_seed7	S6|unit03	3	0.933962	0.623256	0.310706	true	1	true	true	-684	-474	0	0	true	true	unique_reciprocal_sequence_best_plus_whole_locus_boundaries
Madawaska|unit03	Madawaska	P0_seed7	3	MN091626_1__24879-26381+__QDJ97640_1	PALS_2	P0_seed7	PALS_2|unit03	3	0.905660	0.607477	0.298184	true	1	true	true	-684	-473	0	0	true	true	unique_reciprocal_sequence_best_plus_whole_locus_boundaries
Madawaska|unit03	Madawaska	P0_seed7	3	MZ779063_1__125252-126754+__UAJ17040_1	UFV_DC4	P0_seed7	UFV_DC4|unit03	3	0.915888	0.612150	0.303738	true	1	true	true	-686	-474	0	0	true	true	unique_reciprocal_sequence_best_plus_whole_locus_boundaries
Madawaska|unit03	Madawaska	P0_seed7	3	OR455461_1__177982-179535-__WNX97802_1	AH12	PB50_near3	AH12|unit03	3	0.618834	0.562500	0.056334	true	1	true	true	-502	-307	-2	-2	true	true	unique_reciprocal_sequence_best_plus_whole_locus_boundaries
Madawaska|unit03	Madawaska	P0_seed7	3	MW349128_1__219310-220863+__QQO92593_1	Machias	PB50_near3	Machias|unit03	3	0.608108	0.565022	0.043086	true	1	true	true	-502		-2		false	false	unique_reciprocal_sequence_best_without_whole_locus_boundary_support
Madawaska|unit03	Madawaska	P0_seed7	3	OR770614_1__150938-152491-__WPH64254_1	PB50	PB50_near3	PB50|unit03	3	0.608108	0.565022	0.043086	true	1	true	true	-502		-2		false	false	unique_reciprocal_sequence_best_without_whole_locus_boundary_support
Madawaska|unit04	Madawaska	P0_seed7	4	MW218148_1__10647-12152+__QPI16926_1	SA1	P0_seed7	SA1|unit04	4	0.718232	0.662857	0.055375	true	1	true	true	-465	-289	0	0	true	true	unique_reciprocal_sequence_best_plus_whole_locus_boundaries
Madawaska|unit04	Madawaska	P0_seed7	4	MW248466_1__215089-216594+__QQM14740_1	MarsHill	P0_seed7	MarsHill|unit04	4	0.919540	0.586854	0.332686	true	1	true	true	-474	-301	0	0	true	true	unique_reciprocal_sequence_best_plus_whole_locus_boundaries
Madawaska|unit04	Madawaska	P0_seed7	4	OR836606_1__73311-74813-__WRM43423_1	LY01	P0_seed7	LY01|unit04	4	0.831461	0.578704	0.252757	true	1	true	true	-478	-301	0	0	true	true	unique_reciprocal_sequence_best_plus_whole_locus_boundaries
Madawaska|unit04	Madawaska	P0_seed7	4	LC680885_1__167556-169058+__BDE75684_1	S6	P0_seed7	S6|unit04	4	0.930636	0.613208	0.317428	true	1	true	true	-474	-301	0	0	true	true	unique_reciprocal_sequence_best_plus_whole_locus_boundaries
Madawaska|unit04	Madawaska	P0_seed7	4	MN091626_1__24879-26381+__QDJ97640_1	PALS_2	P0_seed7	PALS_2|unit04	4	0.924855	0.603774	0.321082	true	1	true	true	-473	-300	0	0	true	true	unique_reciprocal_sequence_best_plus_whole_locus_boundaries
Madawaska|unit04	Madawaska	P0_seed7	4	MZ779063_1__125252-126754+__UAJ17040_1	UFV_DC4	P0_seed7	UFV_DC4|unit04	4	0.885057	0.615023	0.270034	true	1	true	true	-474	-301	0	0	true	true	unique_reciprocal_sequence_best_plus_whole_locus_boundaries
Madawaska|unit04	Madawaska	P0_seed7	4	OR455461_1__177982-179535-__WNX97802_1	AH12	PB50_near3	AH12|unit03	3	0.583333	0.546341	0.036992	true	1	false	false	-307		193		false	false	free_sequence_best_only
Madawaska|unit04	Madawaska	P0_seed7	4	MW349128_1__219310-220863+__QQO92593_1	Machias	PB50_near3	Machias|unit03	3	0.588235	0.544118	0.044118	true	1	false	false		-306		-2	false	false	free_sequence_best_only
Madawaska|unit04	Madawaska	P0_seed7	4	OR770614_1__150938-152491-__WPH64254_1	PB50	PB50_near3	PB50|unit03	3	0.588235	0.544118	0.044118	true	1	false	false		-306		-2	false	false	free_sequence_best_only
LY01|unit01	LY01	P0_seed7	1	MW218148_1__10647-12152+__QPI16926_1	SA1	P0_seed7	SA1|unit01	1	0.651584	0.551402	0.100182	true	1	true	true	-1049	-837	0	0	true	true	unique_reciprocal_sequence_best_plus_whole_locus_boundaries
LY01|unit01	LY01	P0_seed7	1	MW248466_1__215089-216594+__QQM14740_1	MarsHill	P0_seed7	MarsHill|unit01	1	0.864486	0.563877	0.300609	true	1	true	true	-1094	-881	0	0	true	true	unique_reciprocal_sequence_best_plus_whole_locus_boundaries
LY01|unit01	LY01	P0_seed7	1	MW349129_1__214290-215795+__QQO92858_1	Madawaska	P0_seed7	Madawaska|unit01	1	0.883178	0.546729	0.336449	true	1	true	true	-1094	-881	0	0	true	true	unique_reciprocal_sequence_best_plus_whole_locus_boundaries
LY01|unit01	LY01	P0_seed7	1	LC680885_1__167556-169058+__BDE75684_1	S6	P0_seed7	S6|unit01	1	0.896714	0.546296	0.350417	true	1	true	true	-1091	-880	0	0	true	true	unique_reciprocal_sequence_best_plus_whole_locus_boundaries
LY01|unit01	LY01	P0_seed7	1	MN091626_1__24879-26381+__QDJ97640_1	PALS_2	P0_seed7	PALS_2|unit01	1	0.896714	0.551111	0.345603	true	1	true	true	-1091	-880	0	0	true	true	unique_reciprocal_sequence_best_plus_whole_locus_boundaries
LY01|unit01	LY01	P0_seed7	1	MZ779063_1__125252-126754+__UAJ17040_1	UFV_DC4	P0_seed7	UFV_DC4|unit01	1	0.882629	0.553097	0.329532	true	1	true	true	-1093	-883	0	0	true	true	unique_reciprocal_sequence_best_plus_whole_locus_boundaries
LY01|unit01	LY01	P0_seed7	1	OR455461_1__177982-179535-__WNX97802_1	AH12	PB50_near3	AH12|unit01	1	0.589041	0.546256	0.042786	true	1	true	true	-914	-712	-2	-2	true	true	unique_reciprocal_sequence_best_plus_whole_locus_boundaries
LY01|unit01	LY01	P0_seed7	1	MW349128_1__219310-220863+__QQO92593_1	Machias	PB50_near3	Machias|unit01	1	0.582569	0.562771	0.019798	true	1	true	true	-914	-713	-2	-2	true	true	unique_reciprocal_sequence_best_plus_whole_locus_boundaries
LY01|unit01	LY01	P0_seed7	1	OR770614_1__150938-152491-__WPH64254_1	PB50	PB50_near3	PB50|unit01	1	0.582569	0.550218	0.032350	true	1	true	true	-914	-713	-2	-2	true	true	unique_reciprocal_sequence_best_plus_whole_locus_boundaries
LY01|unit02	LY01	P0_seed7	2	MW218148_1__10647-12152+__QPI16926_1	SA1	P0_seed7	SA1|unit03	3	0.596154	0.587065	0.009089	true	1	false	false	-837	-666	-171	-201	false	false	free_sequence_best_only
LY01|unit02	LY01	P0_seed7	2	MW248466_1__215089-216594+__QQM14740_1	MarsHill	P0_seed7	MarsHill|unit02	2	0.883249	0.601010	0.282239	true	1	true	true	-881	-684	0	0	true	true	unique_reciprocal_sequence_best_plus_whole_locus_boundaries
LY01|unit02	LY01	P0_seed7	2	MW349129_1__214290-215795+__QQO92858_1	Madawaska	P0_seed7	Madawaska|unit02	2	0.897959	0.598131	0.299828	true	1	true	true	-881	-685	0	0	true	true	unique_reciprocal_sequence_best_plus_whole_locus_boundaries
LY01|unit02	LY01	P0_seed7	2	LC680885_1__167556-169058+__BDE75684_1	S6	P0_seed7	S6|unit02	2	0.862245	0.617512	0.244733	true	1	true	true	-880	-684	0	0	true	true	unique_reciprocal_sequence_best_plus_whole_locus_boundaries
LY01|unit02	LY01	P0_seed7	2	MN091626_1__24879-26381+__QDJ97640_1	PALS_2	P0_seed7	PALS_2|unit02	2	0.862245	0.596330	0.265915	true	1	true	true	-880	-684	0	0	true	true	unique_reciprocal_sequence_best_plus_whole_locus_boundaries
LY01|unit02	LY01	P0_seed7	2	MZ779063_1__125252-126754+__UAJ17040_1	UFV_DC4	P0_seed7	UFV_DC4|unit02	2	0.862944	0.601852	0.261092	true	1	true	true	-883	-686	0	0	true	true	unique_reciprocal_sequence_best_plus_whole_locus_boundaries
LY01|unit02	LY01	P0_seed7	2	OR455461_1__177982-179535-__WNX97802_1	AH12	PB50_near3	AH12|unit02	2	0.592593	0.564593	0.027999	true	1	true	true	-712	-502	-2	-2	true	true	unique_reciprocal_sequence_best_plus_whole_locus_boundaries
LY01|unit02	LY01	P0_seed7	2	MW349128_1__219310-220863+__QQO92593_1	Machias	PB50_near3	Machias|unit02	2	0.600000	0.578947	0.021053	true	1	true	true	-713	-502	-2	-2	true	true	unique_reciprocal_sequence_best_plus_whole_locus_boundaries
LY01|unit02	LY01	P0_seed7	2	OR770614_1__150938-152491-__WPH64254_1	PB50	PB50_near3	PB50|unit02	2	0.583333	0.578947	0.004386	true	1	true	true	-713	-502	-2	-2	true	true	unique_reciprocal_sequence_best_plus_whole_locus_boundaries
LY01|unit03	LY01	P0_seed7	3	MW218148_1__10647-12152+__QPI16926_1	SA1	P0_seed7	SA1|unit04	4	0.617512	0.611111	0.006400	true	1	false	false	-666	-465	-201	-176	false	false	free_sequence_best_only
LY01|unit03	LY01	P0_seed7	3	MW248466_1__215089-216594+__QQM14740_1	MarsHill	P0_seed7	MarsHill|unit03	3	0.813953	0.589041	0.224912	true	1	true	true	-684	-474	0	0	true	true	unique_reciprocal_sequence_best_plus_whole_locus_boundaries
LY01|unit03	LY01	P0_seed7	3	MW349129_1__214290-215795+__QQO92858_1	Madawaska	P0_seed7	Madawaska|unit03	3	0.810185	0.596330	0.213855	true	1	true	true	-685	-473	0	0	true	true	unique_reciprocal_sequence_best_plus_whole_locus_boundaries
LY01|unit03	LY01	P0_seed7	3	LC680885_1__167556-169058+__BDE75684_1	S6	P0_seed7	S6|unit03	3	0.813953	0.600000	0.213953	true	1	true	true	-684	-474	0	0	true	true	unique_reciprocal_sequence_best_plus_whole_locus_boundaries
LY01|unit03	LY01	P0_seed7	3	MN091626_1__24879-26381+__QDJ97640_1	PALS_2	P0_seed7	PALS_2|unit03	3	0.813953	0.589862	0.224092	true	1	true	true	-684	-473	0	0	true	true	unique_reciprocal_sequence_best_plus_whole_locus_boundaries
LY01|unit03	LY01	P0_seed7	3	MZ779063_1__125252-126754+__UAJ17040_1	UFV_DC4	P0_seed7	UFV_DC4|unit03	3	0.810185	0.584475	0.225710	true	1	true	true	-686	-474	0	0	true	true	unique_reciprocal_sequence_best_plus_whole_locus_boundaries
LY01|unit03	LY01	P0_seed7	3	OR455461_1__177982-179535-__WNX97802_1	AH12	PB50_near3	AH12|unit03	3	0.570776	0.556054	0.014722	true	1	true	false	-502	-307	-2	-2	true	false	free_sequence_best_only
LY01|unit03	LY01	P0_seed7	3	MW349128_1__219310-220863+__QQO92593_1	Machias	PB50_near3	Machias|unit02	2	0.574561	0.558036	0.016526	true	1	false	false	-502	-415	209	85	false	false	free_sequence_best_only
LY01|unit03	LY01	P0_seed7	3	OR770614_1__150938-152491-__WPH64254_1	PB50	PB50_near3	PB50|unit02	2	0.565789	0.558036	0.007754	true	1	false	false	-502	-415	209	85	false	false	free_sequence_best_only
LY01|unit04	LY01	P0_seed7	4	MW218148_1__10647-12152+__QPI16926_1	SA1	P0_seed7	SA1|unit04	4	0.691892	0.621622	0.070270	true	1	true	true	-465	-289	0	0	true	true	unique_reciprocal_sequence_best_plus_whole_locus_boundaries
LY01|unit04	LY01	P0_seed7	4	MW248466_1__215089-216594+__QQM14740_1	MarsHill	P0_seed7	MarsHill|unit04	4	0.858757	0.616114	0.242643	true	1	true	true	-474	-301	0	0	true	true	unique_reciprocal_sequence_best_plus_whole_locus_boundaries
LY01|unit04	LY01	P0_seed7	4	MW349129_1__214290-215795+__QQO92858_1	Madawaska	P0_seed7	Madawaska|unit04	4	0.831461	0.615023	0.216437	true	1	true	true	-473	-302	0	0	true	true	unique_reciprocal_sequence_best_plus_whole_locus_boundaries
LY01|unit04	LY01	P0_seed7	4	LC680885_1__167556-169058+__BDE75684_1	S6	P0_seed7	S6|unit04	4	0.848315	0.611374	0.236940	true	1	true	true	-474	-301	0	0	true	true	unique_reciprocal_sequence_best_plus_whole_locus_boundaries
LY01|unit04	LY01	P0_seed7	4	MN091626_1__24879-26381+__QDJ97640_1	PALS_2	P0_seed7	PALS_2|unit04	4	0.853933	0.605000	0.248933	true	1	true	true	-473	-300	0	0	true	true	unique_reciprocal_sequence_best_plus_whole_locus_boundaries
LY01|unit04	LY01	P0_seed7	4	MZ779063_1__125252-126754+__UAJ17040_1	UFV_DC4	P0_seed7	UFV_DC4|unit04	4	0.837079	0.600939	0.236140	true	1	true	true	-474	-301	0	0	true	true	unique_reciprocal_sequence_best_plus_whole_locus_boundaries
LY01|unit04	LY01	P0_seed7	4	OR455461_1__177982-179535-__WNX97802_1	AH12	PB50_near3	AH12|unit03	3	0.615764	0.567961	0.047802	true	1	false	true	-307		193		false	false	unique_reciprocal_sequence_best_without_whole_locus_boundary_support
LY01|unit04	LY01	P0_seed7	4	MW349128_1__219310-220863+__QQO92593_1	Machias	PB50_near3	Machias|unit03	3	0.615764	0.570732	0.045032	true	1	false	true	-415	-306	85	-2	false	false	unique_reciprocal_sequence_best_without_whole_locus_boundary_support
LY01|unit04	LY01	P0_seed7	4	OR770614_1__150938-152491-__WPH64254_1	PB50	PB50_near3	PB50|unit03	3	0.615764	0.570732	0.045032	true	1	false	true	-415	-306	85	-2	false	false	unique_reciprocal_sequence_best_without_whole_locus_boundary_support
S6|unit01	S6	P0_seed7	1	MW218148_1__10647-12152+__QPI16926_1	SA1	P0_seed7	SA1|unit01	1	0.642202	0.543779	0.098423	true	1	true	true	-1049	-837	0	0	true	true	unique_reciprocal_sequence_best_plus_whole_locus_boundaries
S6|unit01	S6	P0_seed7	1	MW248466_1__215089-216594+__QQM14740_1	MarsHill	P0_seed7	MarsHill|unit01	1	0.915493	0.553488	0.362005	true	1	true	true	-1094	-881	0	0	true	true	unique_reciprocal_sequence_best_plus_whole_locus_boundaries
S6|unit01	S6	P0_seed7	1	MW349129_1__214290-215795+__QQO92858_1	Madawaska	P0_seed7	Madawaska|unit01	1	0.929577	0.558140	0.371438	true	1	true	true	-1094	-881	0	0	true	true	unique_reciprocal_sequence_best_plus_whole_locus_boundaries
S6|unit01	S6	P0_seed7	1	OR836606_1__73311-74813-__WRM43423_1	LY01	P0_seed7	LY01|unit01	1	0.896714	0.556075	0.340639	true	1	true	true	-1098	-886	0	0	true	true	unique_reciprocal_sequence_best_plus_whole_locus_boundaries
S6|unit01	S6	P0_seed7	1	MN091626_1__24879-26381+__QDJ97640_1	PALS_2	P0_seed7	PALS_2|unit01	1	1.000000	0.562212	0.437788	true	1	true	true	-1091	-880	0	0	true	true	unique_reciprocal_sequence_best_plus_whole_locus_boundaries
S6|unit01	S6	P0_seed7	1	MZ779063_1__125252-126754+__UAJ17040_1	UFV_DC4	P0_seed7	UFV_DC4|unit01	1	0.957346	0.562791	0.394555	true	1	true	true	-1093	-883	0	0	true	true	unique_reciprocal_sequence_best_plus_whole_locus_boundaries
S6|unit01	S6	P0_seed7	1	OR455461_1__177982-179535-__WNX97802_1	AH12	PB50_near3	AH12|unit01	1	0.581081	0.552632	0.028450	true	1	true	true	-914	-712	-2	-2	true	true	unique_reciprocal_sequence_best_plus_whole_locus_boundaries
S6|unit01	S6	P0_seed7	1	MW349128_1__219310-220863+__QQO92593_1	Machias	PB50_near3	Machias|unit01	1	0.568889	0.529148	0.039741	true	1	true	true	-914	-713	-2	-2	true	true	unique_reciprocal_sequence_best_plus_whole_locus_boundaries
S6|unit01	S6	P0_seed7	1	OR770614_1__150938-152491-__WPH64254_1	PB50	PB50_near3	PB50|unit01	1	0.568889	0.530172	0.038716	true	1	true	true	-914	-713	-2	-2	true	true	unique_reciprocal_sequence_best_plus_whole_locus_boundaries
S6|unit02	S6	P0_seed7	2	MW218148_1__10647-12152+__QPI16926_1	SA1	P0_seed7	SA1|unit02	2	0.620000	0.605769	0.014231	true	1	true	false	-837	-666	0	0	true	false	free_sequence_best_only
S6|unit02	S6	P0_seed7	2	MW248466_1__215089-216594+__QQM14740_1	MarsHill	P0_seed7	MarsHill|unit02	2	0.878173	0.622642	0.255531	true	1	true	true	-881	-684	0	0	true	true	unique_reciprocal_sequence_best_plus_whole_locus_boundaries
S6|unit02	S6	P0_seed7	2	MW349129_1__214290-215795+__QQO92858_1	Madawaska	P0_seed7	Madawaska|unit02	2	0.959184	0.623256	0.335928	true	1	true	true	-881	-685	0	0	true	true	unique_reciprocal_sequence_best_plus_whole_locus_boundaries
S6|unit02	S6	P0_seed7	2	OR836606_1__73311-74813-__WRM43423_1	LY01	P0_seed7	LY01|unit02	2	0.862245	0.605000	0.257245	true	1	true	true	-886	-692	0	0	true	true	unique_reciprocal_sequence_best_plus_whole_locus_boundaries
S6|unit02	S6	P0_seed7	2	MN091626_1__24879-26381+__QDJ97640_1	PALS_2	P0_seed7	PALS_2|unit02	2	0.974490	0.605634	0.368856	true	1	true	true	-880	-684	0	0	true	true	unique_reciprocal_sequence_best_plus_whole_locus_boundaries
S6|unit02	S6	P0_seed7	2	MZ779063_1__125252-126754+__UAJ17040_1	UFV_DC4	P0_seed7	UFV_DC4|unit02	2	0.934010	0.603015	0.330995	true	1	true	true	-883	-686	0	0	true	true	unique_reciprocal_sequence_best_plus_whole_locus_boundaries
S6|unit02	S6	P0_seed7	2	OR455461_1__177982-179535-__WNX97802_1	AH12	PB50_near3	AH12|unit02	2	0.611872	0.574074	0.037798	true	1	true	true	-712	-502	-2	-2	true	true	unique_reciprocal_sequence_best_plus_whole_locus_boundaries
S6|unit02	S6	P0_seed7	2	MW349128_1__219310-220863+__QQO92593_1	Machias	PB50_near3	Machias|unit02	2	0.614679	0.568075	0.046604	true	1	true	true	-713	-502	-2	-2	true	true	unique_reciprocal_sequence_best_plus_whole_locus_boundaries
S6|unit02	S6	P0_seed7	2	OR770614_1__150938-152491-__WPH64254_1	PB50	PB50_near3	PB50|unit02	2	0.612903	0.568075	0.044828	true	1	true	true	-713	-502	-2	-2	true	true	unique_reciprocal_sequence_best_plus_whole_locus_boundaries
S6|unit03	S6	P0_seed7	3	MW218148_1__10647-12152+__QPI16926_1	SA1	P0_seed7	SA1|unit03	3	0.668224	0.582938	0.085286	true	1	true	true	-666	-465	0	0	true	true	unique_reciprocal_sequence_best_plus_whole_locus_boundaries
S6|unit03	S6	P0_seed7	3	MW248466_1__215089-216594+__QQM14740_1	MarsHill	P0_seed7	MarsHill|unit03	3	0.877358	0.616114	0.261245	true	1	true	true	-684	-474	0	0	true	true	unique_reciprocal_sequence_best_plus_whole_locus_boundaries
S6|unit03	S6	P0_seed7	3	MW349129_1__214290-215795+__QQO92858_1	Madawaska	P0_seed7	Madawaska|unit03	3	0.933962	0.613208	0.320755	true	1	true	true	-685	-473	0	0	true	true	unique_reciprocal_sequence_best_plus_whole_locus_boundaries
S6|unit03	S6	P0_seed7	3	OR836606_1__73311-74813-__WRM43423_1	LY01	P0_seed7	LY01|unit03	3	0.813953	0.617512	0.196442	true	1	true	true	-692	-478	0	0	true	true	unique_reciprocal_sequence_best_plus_whole_locus_boundaries
S6|unit03	S6	P0_seed7	3	MN091626_1__24879-26381+__QDJ97640_1	PALS_2	P0_seed7	PALS_2|unit03	3	0.971564	0.589623	0.381941	true	1	true	true	-684	-473	0	0	true	true	unique_reciprocal_sequence_best_plus_whole_locus_boundaries
S6|unit03	S6	P0_seed7	3	MZ779063_1__125252-126754+__UAJ17040_1	UFV_DC4	P0_seed7	UFV_DC4|unit03	3	0.957547	0.591549	0.365998	true	1	true	true	-686	-474	0	0	true	true	unique_reciprocal_sequence_best_plus_whole_locus_boundaries
S6|unit03	S6	P0_seed7	3	OR455461_1__177982-179535-__WNX97802_1	AH12	PB50_near3	AH12|unit03	3	0.610092	0.581081	0.029011	true	1	true	true	-502		-2		false	false	unique_reciprocal_sequence_best_without_whole_locus_boundary_support
S6|unit03	S6	P0_seed7	3	MW349128_1__219310-220863+__QQO92593_1	Machias	PB50_near3	Machias|unit03	3	0.602740	0.575221	0.027518	true	1	true	false	-502		-2		false	false	free_sequence_best_only
S6|unit03	S6	P0_seed7	3	OR770614_1__150938-152491-__WPH64254_1	PB50	PB50_near3	PB50|unit03	3	0.602740	0.584071	0.018669	true	1	true	false	-502		-2		false	false	free_sequence_best_only
S6|unit04	S6	P0_seed7	4	MW218148_1__10647-12152+__QPI16926_1	SA1	P0_seed7	SA1|unit04	4	0.697802	0.646067	0.051735	true	1	true	true	-465	-289	0	0	true	true	unique_reciprocal_sequence_best_plus_whole_locus_boundaries
S6|unit04	S6	P0_seed7	4	MW248466_1__215089-216594+__QQM14740_1	MarsHill	P0_seed7	MarsHill|unit04	4	0.942529	0.592965	0.349564	true	1	true	true	-474	-301	0	0	true	true	unique_reciprocal_sequence_best_plus_whole_locus_boundaries
S6|unit04	S6	P0_seed7	4	MW349129_1__214290-215795+__QQO92858_1	Madawaska	P0_seed7	Madawaska|unit04	4	0.930636	0.598131	0.332505	true	1	true	true	-473	-302	0	0	true	true	unique_reciprocal_sequence_best_plus_whole_locus_boundaries
S6|unit04	S6	P0_seed7	4	OR836606_1__73311-74813-__WRM43423_1	LY01	P0_seed7	LY01|unit04	4	0.848315	0.585253	0.263061	true	1	true	true	-478	-301	0	0	true	true	unique_reciprocal_sequence_best_plus_whole_locus_boundaries
S6|unit04	S6	P0_seed7	4	MN091626_1__24879-26381+__QDJ97640_1	PALS_2	P0_seed7	PALS_2|unit04	4	0.994220	0.587940	0.406280	true	1	true	true	-473	-300	0	0	true	true	unique_reciprocal_sequence_best_plus_whole_locus_boundaries
S6|unit04	S6	P0_seed7	4	MZ779063_1__125252-126754+__UAJ17040_1	UFV_DC4	P0_seed7	UFV_DC4|unit04	4	0.930636	0.588785	0.341851	true	1	true	true	-474	-301	0	0	true	true	unique_reciprocal_sequence_best_plus_whole_locus_boundaries
S6|unit04	S6	P0_seed7	4	OR455461_1__177982-179535-__WNX97802_1	AH12	PB50_near3	AH12|unit03	3	0.602941	0.533981	0.068961	true	1	false	false		-307		-2	false	false	free_sequence_best_only
S6|unit04	S6	P0_seed7	4	MW349128_1__219310-220863+__QQO92593_1	Machias	PB50_near3	Machias|unit03	3	0.612745	0.544186	0.068559	true	1	false	true		-306		-2	false	false	unique_reciprocal_sequence_best_without_whole_locus_boundary_support
S6|unit04	S6	P0_seed7	4	OR770614_1__150938-152491-__WPH64254_1	PB50	PB50_near3	PB50|unit03	3	0.612745	0.539535	0.073210	true	1	false	true		-306		-2	false	false	unique_reciprocal_sequence_best_without_whole_locus_boundary_support
S6|unit05	S6	P0_seed7	5	MW218148_1__10647-12152+__QPI16926_1	SA1	P0_seed7	SA1|unit03	3	0.539419	0.512500	0.026919	true	1	false	false	-289	-64	377	401	false	false	free_sequence_best_only
S6|unit05	S6	P0_seed7	5	MW248466_1__215089-216594+__QQM14740_1	MarsHill	P0_seed7	MarsHill|unit05	5	0.925311	0.540650	0.384661	true	1	true	true	-301	-61	0	0	true	true	unique_reciprocal_sequence_best_plus_whole_locus_boundaries
S6|unit05	S6	P0_seed7	5	MW349129_1__214290-215795+__QQO92858_1	Madawaska	P0_seed7	Madawaska|unit01	1	0.532787	0.526971	0.005816	true	1	false	false	-302	-62	792	819	false	false	free_sequence_best_only
S6|unit05	S6	P0_seed7	5	OR836606_1__73311-74813-__WRM43423_1	LY01	P0_seed7	LY01|unit03	3	0.553719	0.524390	0.029329	true	1	false	false	-301	-62	391	416	false	false	free_sequence_best_only
S6|unit05	S6	P0_seed7	5	MN091626_1__24879-26381+__QDJ97640_1	PALS_2	P0_seed7	PALS_2|unit05	5	0.995798	0.561983	0.433815	true	1	true	true	-300	-62	0	0	true	true	unique_reciprocal_sequence_best_plus_whole_locus_boundaries
S6|unit05	S6	P0_seed7	5	MZ779063_1__125252-126754+__UAJ17040_1	UFV_DC4	P0_seed7	UFV_DC4|unit05	5	0.974895	0.557377	0.417518	true	1	true	true	-301	-62	0	0	true	true	unique_reciprocal_sequence_best_plus_whole_locus_boundaries
S6|unit05	S6	P0_seed7	5	OR455461_1__177982-179535-__WNX97802_1	AH12	PB50_near3	AH12|unit02	2	0.521912	0.508264	0.013648	true	1	false	false	-307	-62	403	438	false	false	free_sequence_best_only
S6|unit05	S6	P0_seed7	5	MW349128_1__219310-220863+__QQO92593_1	Machias	PB50_near3	Machias|unit02	2	0.514286	0.508333	0.005952	true	1	false	false	-306	-62	405	438	false	false	free_sequence_best_only
S6|unit05	S6	P0_seed7	5	OR770614_1__150938-152491-__WPH64254_1	PB50	PB50_near3	PB50|unit02	2	0.513944	0.508333	0.005611	true	1	false	false	-306	-62	405	438	false	false	free_sequence_best_only
PALS_2|unit01	PALS_2	P0_seed7	1	MW218148_1__10647-12152+__QPI16926_1	SA1	P0_seed7	SA1|unit01	1	0.642202	0.543779	0.098423	true	1	true	true	-1049	-837	0	0	true	true	unique_reciprocal_sequence_best_plus_whole_locus_boundaries
PALS_2|unit01	PALS_2	P0_seed7	1	MW248466_1__215089-216594+__QQM14740_1	MarsHill	P0_seed7	MarsHill|unit01	1	0.915493	0.553488	0.362005	true	1	true	true	-1094	-881	0	0	true	true	unique_reciprocal_sequence_best_plus_whole_locus_boundaries
PALS_2|unit01	PALS_2	P0_seed7	1	MW349129_1__214290-215795+__QQO92858_1	Madawaska	P0_seed7	Madawaska|unit01	1	0.929577	0.558140	0.371438	true	1	true	true	-1094	-881	0	0	true	true	unique_reciprocal_sequence_best_plus_whole_locus_boundaries
PALS_2|unit01	PALS_2	P0_seed7	1	OR836606_1__73311-74813-__WRM43423_1	LY01	P0_seed7	LY01|unit01	1	0.896714	0.556075	0.340639	true	1	true	true	-1098	-886	0	0	true	true	unique_reciprocal_sequence_best_plus_whole_locus_boundaries
PALS_2|unit01	PALS_2	P0_seed7	1	LC680885_1__167556-169058+__BDE75684_1	S6	P0_seed7	S6|unit01	1	1.000000	0.558140	0.441860	true	1	true	true	-1091	-880	0	0	true	true	unique_reciprocal_sequence_best_plus_whole_locus_boundaries
PALS_2|unit01	PALS_2	P0_seed7	1	MZ779063_1__125252-126754+__UAJ17040_1	UFV_DC4	P0_seed7	UFV_DC4|unit01	1	0.957346	0.562791	0.394555	true	1	true	true	-1093	-883	0	0	true	true	unique_reciprocal_sequence_best_plus_whole_locus_boundaries
PALS_2|unit01	PALS_2	P0_seed7	1	OR455461_1__177982-179535-__WNX97802_1	AH12	PB50_near3	AH12|unit01	1	0.581081	0.552632	0.028450	true	1	true	true	-914	-712	-2	-2	true	true	unique_reciprocal_sequence_best_plus_whole_locus_boundaries
PALS_2|unit01	PALS_2	P0_seed7	1	MW349128_1__219310-220863+__QQO92593_1	Machias	PB50_near3	Machias|unit01	1	0.568889	0.529148	0.039741	true	1	true	true	-914	-713	-2	-2	true	true	unique_reciprocal_sequence_best_plus_whole_locus_boundaries
PALS_2|unit01	PALS_2	P0_seed7	1	OR770614_1__150938-152491-__WPH64254_1	PB50	PB50_near3	PB50|unit01	1	0.568889	0.530172	0.038716	true	1	true	true	-914	-713	-2	-2	true	true	unique_reciprocal_sequence_best_plus_whole_locus_boundaries
PALS_2|unit02	PALS_2	P0_seed7	2	MW218148_1__10647-12152+__QPI16926_1	SA1	P0_seed7	SA1|unit02	2	0.625000	0.604762	0.020238	true	1	true	false	-837	-666	0	0	true	false	free_sequence_best_only
PALS_2|unit02	PALS_2	P0_seed7	2	MW248466_1__215089-216594+__QQM14740_1	MarsHill	P0_seed7	MarsHill|unit02	2	0.888325	0.630841	0.257484	true	1	true	true	-881	-684	0	0	true	true	unique_reciprocal_sequence_best_plus_whole_locus_boundaries
PALS_2|unit02	PALS_2	P0_seed7	2	MW349129_1__214290-215795+__QQO92858_1	Madawaska	P0_seed7	Madawaska|unit02	2	0.948980	0.607477	0.341503	true	1	true	true	-881	-685	0	0	true	true	unique_reciprocal_sequence_best_plus_whole_locus_boundaries
PALS_2|unit02	PALS_2	P0_seed7	2	OR836606_1__73311-74813-__WRM43423_1	LY01	P0_seed7	LY01|unit02	2	0.862245	0.605000	0.257245	true	1	true	true	-886	-692	0	0	true	true	unique_reciprocal_sequence_best_plus_whole_locus_boundaries
PALS_2|unit02	PALS_2	P0_seed7	2	LC680885_1__167556-169058+__BDE75684_1	S6	P0_seed7	S6|unit02	2	0.974490	0.588785	0.385705	true	1	true	true	-880	-684	0	0	true	true	unique_reciprocal_sequence_best_plus_whole_locus_boundaries
PALS_2|unit02	PALS_2	P0_seed7	2	MZ779063_1__125252-126754+__UAJ17040_1	UFV_DC4	P0_seed7	UFV_DC4|unit02	2	0.923858	0.592965	0.330893	true	1	true	true	-883	-686	0	0	true	true	unique_reciprocal_sequence_best_plus_whole_locus_boundaries
PALS_2|unit02	PALS_2	P0_seed7	2	OR455461_1__177982-179535-__WNX97802_1	AH12	PB50_near3	AH12|unit02	2	0.606481	0.559242	0.047240	true	1	true	true	-712	-502	-2	-2	true	true	unique_reciprocal_sequence_best_plus_whole_locus_boundaries
PALS_2|unit02	PALS_2	P0_seed7	2	MW349128_1__219310-220863+__QQO92593_1	Machias	PB50_near3	Machias|unit02	2	0.619266	0.582160	0.037106	true	1	true	true	-713	-502	-2	-2	true	true	unique_reciprocal_sequence_best_plus_whole_locus_boundaries
PALS_2|unit02	PALS_2	P0_seed7	2	OR770614_1__150938-152491-__WPH64254_1	PB50	PB50_near3	PB50|unit02	2	0.617512	0.582160	0.035352	true	1	true	true	-713	-502	-2	-2	true	true	unique_reciprocal_sequence_best_plus_whole_locus_boundaries
PALS_2|unit03	PALS_2	P0_seed7	3	MW218148_1__10647-12152+__QPI16926_1	SA1	P0_seed7	SA1|unit03	3	0.660465	0.589862	0.070603	true	1	true	true	-666	-465	0	0	true	true	unique_reciprocal_sequence_best_plus_whole_locus_boundaries
PALS_2|unit03	PALS_2	P0_seed7	3	MW248466_1__215089-216594+__QQM14740_1	MarsHill	P0_seed7	MarsHill|unit03	3	0.872642	0.619718	0.252923	true	1	true	true	-684	-474	0	0	true	true	unique_reciprocal_sequence_best_plus_whole_locus_boundaries
PALS_2|unit03	PALS_2	P0_seed7	3	MW349129_1__214290-215795+__QQO92858_1	Madawaska	P0_seed7	Madawaska|unit03	3	0.905660	0.619718	0.285942	true	1	true	true	-685	-473	0	0	true	true	unique_reciprocal_sequence_best_plus_whole_locus_boundaries
PALS_2|unit03	PALS_2	P0_seed7	3	OR836606_1__73311-74813-__WRM43423_1	LY01	P0_seed7	LY01|unit03	3	0.813953	0.599057	0.214897	true	1	true	true	-692	-478	0	0	true	true	unique_reciprocal_sequence_best_plus_whole_locus_boundaries
PALS_2|unit03	PALS_2	P0_seed7	3	LC680885_1__167556-169058+__BDE75684_1	S6	P0_seed7	S6|unit03	3	0.971564	0.605634	0.365930	true	1	true	true	-684	-474	0	0	true	true	unique_reciprocal_sequence_best_plus_whole_locus_boundaries
PALS_2|unit03	PALS_2	P0_seed7	3	MZ779063_1__125252-126754+__UAJ17040_1	UFV_DC4	P0_seed7	UFV_DC4|unit03	3	0.952830	0.591549	0.361281	true	1	true	true	-686	-474	0	0	true	true	unique_reciprocal_sequence_best_plus_whole_locus_boundaries
PALS_2|unit03	PALS_2	P0_seed7	3	OR455461_1__177982-179535-__WNX97802_1	AH12	PB50_near3	AH12|unit03	3	0.616438	0.584821	0.031617	true	1	true	true	-502		-2		false	false	unique_reciprocal_sequence_best_without_whole_locus_boundary_support
PALS_2|unit03	PALS_2	P0_seed7	3	MW349128_1__219310-220863+__QQO92593_1	Machias	PB50_near3	Machias|unit03	3	0.600917	0.596491	0.004426	true	1	true	false	-502		-2		false	false	free_sequence_best_only
PALS_2|unit03	PALS_2	P0_seed7	3	OR770614_1__150938-152491-__WPH64254_1	PB50	PB50_near3	PB50|unit03	3	0.600917	0.584071	0.016847	true	1	true	false	-502		-2		false	false	free_sequence_best_only
PALS_2|unit04	PALS_2	P0_seed7	4	MW218148_1__10647-12152+__QPI16926_1	SA1	P0_seed7	SA1|unit04	4	0.692308	0.651685	0.040622	true	1	true	true	-465	-289	0	0	true	true	unique_reciprocal_sequence_best_plus_whole_locus_boundaries
PALS_2|unit04	PALS_2	P0_seed7	4	MW248466_1__215089-216594+__QQM14740_1	MarsHill	P0_seed7	MarsHill|unit04	4	0.936782	0.589623	0.347159	true	1	true	true	-474	-301	0	0	true	true	unique_reciprocal_sequence_best_plus_whole_locus_boundaries
PALS_2|unit04	PALS_2	P0_seed7	4	MW349129_1__214290-215795+__QQO92858_1	Madawaska	P0_seed7	Madawaska|unit04	4	0.924855	0.602804	0.322052	true	1	true	true	-473	-302	0	0	true	true	unique_reciprocal_sequence_best_plus_whole_locus_boundaries
PALS_2|unit04	PALS_2	P0_seed7	4	OR836606_1__73311-74813-__WRM43423_1	LY01	P0_seed7	LY01|unit04	4	0.853933	0.589862	0.264071	true	1	true	true	-478	-301	0	0	true	true	unique_reciprocal_sequence_best_plus_whole_locus_boundaries
PALS_2|unit04	PALS_2	P0_seed7	4	LC680885_1__167556-169058+__BDE75684_1	S6	P0_seed7	S6|unit04	4	0.994220	0.597990	0.396230	true	1	true	true	-474	-301	0	0	true	true	unique_reciprocal_sequence_best_plus_whole_locus_boundaries
PALS_2|unit04	PALS_2	P0_seed7	4	MZ779063_1__125252-126754+__UAJ17040_1	UFV_DC4	P0_seed7	UFV_DC4|unit04	4	0.924855	0.593458	0.331398	true	1	true	true	-474	-301	0	0	true	true	unique_reciprocal_sequence_best_plus_whole_locus_boundaries
PALS_2|unit04	PALS_2	P0_seed7	4	OR455461_1__177982-179535-__WNX97802_1	AH12	PB50_near3	AH12|unit03	3	0.607843	0.529126	0.078717	true	1	false	false		-307		-2	false	false	free_sequence_best_only
PALS_2|unit04	PALS_2	P0_seed7	4	MW349128_1__219310-220863+__QQO92593_1	Machias	PB50_near3	Machias|unit03	3	0.617647	0.539535	0.078112	true	1	false	true		-306		-2	false	false	unique_reciprocal_sequence_best_without_whole_locus_boundary_support
PALS_2|unit04	PALS_2	P0_seed7	4	OR770614_1__150938-152491-__WPH64254_1	PB50	PB50_near3	PB50|unit03	3	0.617647	0.534884	0.082763	true	1	false	true		-306		-2	false	false	unique_reciprocal_sequence_best_without_whole_locus_boundary_support
PALS_2|unit05	PALS_2	P0_seed7	5	MW218148_1__10647-12152+__QPI16926_1	SA1	P0_seed7	SA1|unit03	3	0.543568	0.516667	0.026902	true	1	false	false	-289	-64	377	401	false	false	free_sequence_best_only
PALS_2|unit05	PALS_2	P0_seed7	5	MW248466_1__215089-216594+__QQM14740_1	MarsHill	P0_seed7	MarsHill|unit05	5	0.921162	0.540650	0.380511	true	1	true	true	-301	-61	0	0	true	true	unique_reciprocal_sequence_best_plus_whole_locus_boundaries
PALS_2|unit05	PALS_2	P0_seed7	5	MW349129_1__214290-215795+__QQO92858_1	Madawaska	P0_seed7	Madawaska|unit01	1	0.524390	0.522822	0.001569	true	1	false	false	-302	-62	792	819	false	false	free_sequence_best_only
PALS_2|unit05	PALS_2	P0_seed7	5	OR836606_1__73311-74813-__WRM43423_1	LY01	P0_seed7	LY01|unit03	3	0.551440	0.516807	0.034634	true	1	false	false	-301	-62	391	416	false	false	free_sequence_best_only
PALS_2|unit05	PALS_2	P0_seed7	5	LC680885_1__167556-169058+__BDE75684_1	S6	P0_seed7	S6|unit05	5	0.995798	0.547718	0.448080	true	1	true	true	-301	-63	0	0	true	true	unique_reciprocal_sequence_best_plus_whole_locus_boundaries
PALS_2|unit05	PALS_2	P0_seed7	5	MZ779063_1__125252-126754+__UAJ17040_1	UFV_DC4	P0_seed7	UFV_DC4|unit05	5	0.970711	0.553279	0.417433	true	1	true	true	-301	-62	0	0	true	true	unique_reciprocal_sequence_best_plus_whole_locus_boundaries
PALS_2|unit05	PALS_2	P0_seed7	5	OR455461_1__177982-179535-__WNX97802_1	AH12	PB50_near3	AH12|unit02	2	0.517928	0.504132	0.013796	true	1	false	false	-307	-62	403	438	false	false	free_sequence_best_only
PALS_2|unit05	PALS_2	P0_seed7	5	MW349128_1__219310-220863+__QQO92593_1	Machias	PB50_near3	Machias|unit02	2	0.522267	0.504132	0.018135	true	1	false	false	-306	-62	405	438	false	false	free_sequence_best_only
PALS_2|unit05	PALS_2	P0_seed7	5	OR770614_1__150938-152491-__WPH64254_1	PB50	PB50_near3	PB50|unit02	2	0.516260	0.504132	0.012128	true	1	false	false	-306	-62	405	438	false	false	free_sequence_best_only
UFV_DC4|unit01	UFV_DC4	P0_seed7	1	MW218148_1__10647-12152+__QPI16926_1	SA1	P0_seed7	SA1|unit01	1	0.674208	0.547170	0.127038	true	1	true	true	-1049	-837	0	0	true	true	unique_reciprocal_sequence_best_plus_whole_locus_boundaries
UFV_DC4|unit01	UFV_DC4	P0_seed7	1	MW248466_1__215089-216594+__QQM14740_1	MarsHill	P0_seed7	MarsHill|unit01	1	0.915493	0.542601	0.372892	true	1	true	true	-1094	-881	0	0	true	true	unique_reciprocal_sequence_best_plus_whole_locus_boundaries
UFV_DC4|unit01	UFV_DC4	P0_seed7	1	MW349129_1__214290-215795+__QQO92858_1	Madawaska	P0_seed7	Madawaska|unit01	1	0.929577	0.565421	0.364157	true	1	true	true	-1094	-881	0	0	true	true	unique_reciprocal_sequence_best_plus_whole_locus_boundaries
UFV_DC4|unit01	UFV_DC4	P0_seed7	1	OR836606_1__73311-74813-__WRM43423_1	LY01	P0_seed7	LY01|unit01	1	0.882629	0.548837	0.333792	true	1	true	true	-1098	-886	0	0	true	true	unique_reciprocal_sequence_best_plus_whole_locus_boundaries
UFV_DC4|unit01	UFV_DC4	P0_seed7	1	LC680885_1__167556-169058+__BDE75684_1	S6	P0_seed7	S6|unit01	1	0.957346	0.565421	0.391925	true	1	true	true	-1091	-880	0	0	true	true	unique_reciprocal_sequence_best_plus_whole_locus_boundaries
UFV_DC4|unit01	UFV_DC4	P0_seed7	1	MN091626_1__24879-26381+__QDJ97640_1	PALS_2	P0_seed7	PALS_2|unit01	1	0.957346	0.560185	0.397161	true	1	true	true	-1091	-880	0	0	true	true	unique_reciprocal_sequence_best_plus_whole_locus_boundaries
UFV_DC4|unit01	UFV_DC4	P0_seed7	1	OR455461_1__177982-179535-__WNX97802_1	AH12	PB50_near3	AH12|unit01	1	0.588496	0.522321	0.066174	true	1	true	true	-914	-712	-2	-2	true	true	unique_reciprocal_sequence_best_plus_whole_locus_boundaries
UFV_DC4|unit01	UFV_DC4	P0_seed7	1	MW349128_1__219310-220863+__QQO92593_1	Machias	PB50_near3	Machias|unit01	1	0.584071	0.556522	0.027549	true	1	true	true	-914	-713	-2	-2	true	true	unique_reciprocal_sequence_best_plus_whole_locus_boundaries
UFV_DC4|unit01	UFV_DC4	P0_seed7	1	OR770614_1__150938-152491-__WPH64254_1	PB50	PB50_near3	PB50|unit01	1	0.584071	0.528889	0.055182	true	1	true	true	-914	-713	-2	-2	true	true	unique_reciprocal_sequence_best_plus_whole_locus_boundaries
UFV_DC4|unit02	UFV_DC4	P0_seed7	2	MW218148_1__10647-12152+__QPI16926_1	SA1	P0_seed7	SA1|unit03	3	0.606635	0.597990	0.008645	true	1	false	false	-837	-666	-171	-201	false	false	free_sequence_best_only
UFV_DC4|unit02	UFV_DC4	P0_seed7	2	MW248466_1__215089-216594+__QQM14740_1	MarsHill	P0_seed7	MarsHill|unit02	2	0.888889	0.630841	0.258048	true	1	true	true	-881	-684	0	0	true	true	unique_reciprocal_sequence_best_plus_whole_locus_boundaries
UFV_DC4|unit02	UFV_DC4	P0_seed7	2	MW349129_1__214290-215795+__QQO92858_1	Madawaska	P0_seed7	Madawaska|unit02	2	0.944162	0.612150	0.332013	true	1	true	true	-881	-685	0	0	true	true	unique_reciprocal_sequence_best_plus_whole_locus_boundaries
UFV_DC4|unit02	UFV_DC4	P0_seed7	2	OR836606_1__73311-74813-__WRM43423_1	LY01	P0_seed7	LY01|unit02	2	0.862944	0.584475	0.278469	true	1	true	true	-886	-692	0	0	true	true	unique_reciprocal_sequence_best_plus_whole_locus_boundaries
UFV_DC4|unit02	UFV_DC4	P0_seed7	2	LC680885_1__167556-169058+__BDE75684_1	S6	P0_seed7	S6|unit02	2	0.934010	0.591549	0.342461	true	1	true	true	-880	-684	0	0	true	true	unique_reciprocal_sequence_best_plus_whole_locus_boundaries
UFV_DC4|unit02	UFV_DC4	P0_seed7	2	MN091626_1__24879-26381+__QDJ97640_1	PALS_2	P0_seed7	PALS_2|unit02	2	0.923858	0.591549	0.332309	true	1	true	true	-880	-684	0	0	true	true	unique_reciprocal_sequence_best_plus_whole_locus_boundaries
UFV_DC4|unit02	UFV_DC4	P0_seed7	2	OR455461_1__177982-179535-__WNX97802_1	AH12	PB50_near3	AH12|unit02	2	0.595455	0.567442	0.028013	true	1	true	true	-712	-502	-2	-2	true	true	unique_reciprocal_sequence_best_plus_whole_locus_boundaries
UFV_DC4|unit02	UFV_DC4	P0_seed7	2	MW349128_1__219310-220863+__QQO92593_1	Machias	PB50_near3	Machias|unit02	2	0.587156	0.567442	0.019714	true	1	true	true	-713	-502	-2	-2	true	true	unique_reciprocal_sequence_best_plus_whole_locus_boundaries
UFV_DC4|unit02	UFV_DC4	P0_seed7	2	OR770614_1__150938-152491-__WPH64254_1	PB50	PB50_near3	PB50|unit02	2	0.587156	0.567442	0.019714	true	1	true	true	-713	-502	-2	-2	true	true	unique_reciprocal_sequence_best_plus_whole_locus_boundaries
UFV_DC4|unit03	UFV_DC4	P0_seed7	3	MW218148_1__10647-12152+__QPI16926_1	SA1	P0_seed7	SA1|unit03	3	0.666667	0.600939	0.065728	true	1	true	true	-666	-465	0	0	true	true	unique_reciprocal_sequence_best_plus_whole_locus_boundaries
UFV_DC4|unit03	UFV_DC4	P0_seed7	3	MW248466_1__215089-216594+__QQM14740_1	MarsHill	P0_seed7	MarsHill|unit03	3	0.882629	0.605634	0.276995	true	1	true	true	-684	-474	0	0	true	true	unique_reciprocal_sequence_best_plus_whole_locus_boundaries
UFV_DC4|unit03	UFV_DC4	P0_seed7	3	MW349129_1__214290-215795+__QQO92858_1	Madawaska	P0_seed7	Madawaska|unit03	3	0.915888	0.615023	0.300864	true	1	true	true	-685	-473	0	0	true	true	unique_reciprocal_sequence_best_plus_whole_locus_boundaries
UFV_DC4|unit03	UFV_DC4	P0_seed7	3	OR836606_1__73311-74813-__WRM43423_1	LY01	P0_seed7	LY01|unit03	3	0.810185	0.601852	0.208333	true	1	true	true	-692	-478	0	0	true	true	unique_reciprocal_sequence_best_plus_whole_locus_boundaries
UFV_DC4|unit03	UFV_DC4	P0_seed7	3	LC680885_1__167556-169058+__BDE75684_1	S6	P0_seed7	S6|unit03	3	0.957547	0.593458	0.364089	true	1	true	true	-684	-474	0	0	true	true	unique_reciprocal_sequence_best_plus_whole_locus_boundaries
UFV_DC4|unit03	UFV_DC4	P0_seed7	3	MN091626_1__24879-26381+__QDJ97640_1	PALS_2	P0_seed7	PALS_2|unit03	3	0.952830	0.593458	0.359372	true	1	true	true	-684	-473	0	0	true	true	unique_reciprocal_sequence_best_plus_whole_locus_boundaries
UFV_DC4|unit03	UFV_DC4	P0_seed7	3	OR455461_1__177982-179535-__WNX97802_1	AH12	PB50_near3	AH12|unit03	3	0.604545	0.568889	0.035657	true	1	true	true	-502	-307	-2	-2	true	true	unique_reciprocal_sequence_best_plus_whole_locus_boundaries
UFV_DC4|unit03	UFV_DC4	P0_seed7	3	MW349128_1__219310-220863+__QQO92593_1	Machias	PB50_near3	Machias|unit02	2	0.584416	0.581498	0.002918	true	1	false	false	-502	-415	209	85	false	false	free_sequence_best_only
UFV_DC4|unit03	UFV_DC4	P0_seed7	3	OR770614_1__150938-152491-__WPH64254_1	PB50	PB50_near3	PB50|unit03	3	0.581498	0.579646	0.001852	true	1	true	false	-502	-415	-2	-111	false	false	free_sequence_best_only
UFV_DC4|unit04	UFV_DC4	P0_seed7	4	MW218148_1__10647-12152+__QPI16926_1	SA1	P0_seed7	SA1|unit04	4	0.681319	0.632768	0.048550	true	1	true	true	-465	-289	0	0	true	true	unique_reciprocal_sequence_best_plus_whole_locus_boundaries
UFV_DC4|unit04	UFV_DC4	P0_seed7	4	MW248466_1__215089-216594+__QQM14740_1	MarsHill	P0_seed7	MarsHill|unit04	4	0.919540	0.587156	0.332384	true	1	true	true	-474	-301	0	0	true	true	unique_reciprocal_sequence_best_plus_whole_locus_boundaries
UFV_DC4|unit04	UFV_DC4	P0_seed7	4	MW349129_1__214290-215795+__QQO92858_1	Madawaska	P0_seed7	Madawaska|unit04	4	0.885057	0.592965	0.292093	true	1	true	true	-473	-302	0	0	true	true	unique_reciprocal_sequence_best_plus_whole_locus_boundaries
UFV_DC4|unit04	UFV_DC4	P0_seed7	4	OR836606_1__73311-74813-__WRM43423_1	LY01	P0_seed7	LY01|unit04	4	0.837079	0.598039	0.239039	true	1	true	true	-478	-301	0	0	true	true	unique_reciprocal_sequence_best_plus_whole_locus_boundaries
UFV_DC4|unit04	UFV_DC4	P0_seed7	4	LC680885_1__167556-169058+__BDE75684_1	S6	P0_seed7	S6|unit04	4	0.930636	0.603015	0.327621	true	1	true	true	-474	-301	0	0	true	true	unique_reciprocal_sequence_best_plus_whole_locus_boundaries
UFV_DC4|unit04	UFV_DC4	P0_seed7	4	MN091626_1__24879-26381+__QDJ97640_1	PALS_2	P0_seed7	PALS_2|unit04	4	0.924855	0.592965	0.331891	true	1	true	true	-473	-300	0	0	true	true	unique_reciprocal_sequence_best_plus_whole_locus_boundaries
UFV_DC4|unit04	UFV_DC4	P0_seed7	4	OR455461_1__177982-179535-__WNX97802_1	AH12	PB50_near3	AH12|unit03	3	0.583333	0.548077	0.035256	true	1	false	false	-307		193		false	false	free_sequence_best_only
UFV_DC4|unit04	UFV_DC4	P0_seed7	4	MW349128_1__219310-220863+__QQO92593_1	Machias	PB50_near3	Machias|unit03	3	0.588235	0.541063	0.047172	true	1	false	true	-415	-306	85	-2	false	false	unique_reciprocal_sequence_best_without_whole_locus_boundary_support
UFV_DC4|unit04	UFV_DC4	P0_seed7	4	OR770614_1__150938-152491-__WPH64254_1	PB50	PB50_near3	PB50|unit03	3	0.588235	0.541063	0.047172	true	1	false	true	-415	-306	85	-2	false	false	unique_reciprocal_sequence_best_without_whole_locus_boundary_support
UFV_DC4|unit05	UFV_DC4	P0_seed7	5	MW218148_1__10647-12152+__QPI16926_1	SA1	P0_seed7	SA1|unit03	3	0.537190	0.518519	0.018672	true	1	false	false	-289	-64	377	401	false	false	free_sequence_best_only
UFV_DC4|unit05	UFV_DC4	P0_seed7	5	MW248466_1__215089-216594+__QQM14740_1	MarsHill	P0_seed7	MarsHill|unit05	5	0.917355	0.544715	0.372640	true	1	true	true	-301	-61	0	0	true	true	unique_reciprocal_sequence_best_plus_whole_locus_boundaries
UFV_DC4|unit05	UFV_DC4	P0_seed7	5	MW349129_1__214290-215795+__QQO92858_1	Madawaska	P0_seed7	Madawaska|unit02	2	0.526971	0.526316	0.000655	true	1	false	false	-302	-62	579	623	false	false	free_sequence_best_only
UFV_DC4|unit05	UFV_DC4	P0_seed7	5	OR836606_1__73311-74813-__WRM43423_1	LY01	P0_seed7	LY01|unit03	3	0.567347	0.510460	0.056887	true	1	false	false	-301	-62	391	416	false	false	free_sequence_best_only
UFV_DC4|unit05	UFV_DC4	P0_seed7	5	LC680885_1__167556-169058+__BDE75684_1	S6	P0_seed7	S6|unit05	5	0.974895	0.553719	0.421176	true	1	true	true	-301	-63	0	0	true	true	unique_reciprocal_sequence_best_plus_whole_locus_boundaries
UFV_DC4|unit05	UFV_DC4	P0_seed7	5	MN091626_1__24879-26381+__QDJ97640_1	PALS_2	P0_seed7	PALS_2|unit05	5	0.970711	0.572016	0.398695	true	1	true	true	-300	-62	0	0	true	true	unique_reciprocal_sequence_best_plus_whole_locus_boundaries
UFV_DC4|unit05	UFV_DC4	P0_seed7	5	OR455461_1__177982-179535-__WNX97802_1	AH12	PB50_near3	AH12|unit02	2	0.521912	0.518672	0.003240	true	1	false	false		-62		438	false	false	free_sequence_best_only
UFV_DC4|unit05	UFV_DC4	P0_seed7	5	MW349128_1__219310-220863+__QQO92593_1	Machias	PB50_near3	Machias|unit02	2	0.524390	0.512397	0.011994	true	1	false	false	-306	-62	405	438	false	false	free_sequence_best_only
UFV_DC4|unit05	UFV_DC4	P0_seed7	5	OR770614_1__150938-152491-__WPH64254_1	PB50	PB50_near3	PB50|unit02	2	0.520000	0.512397	0.007603	true	1	false	false	-306	-62	405	438	false	false	free_sequence_best_only
AH12|unit01	AH12	PB50_near3	1	MW218148_1__10647-12152+__QPI16926_1	SA1	P0_seed7	SA1|unit01	1	0.566210	0.516746	0.049464	true	1	true	true	-1004	-724	45	113	false	false	unique_reciprocal_sequence_best_without_whole_locus_boundary_support
AH12|unit01	AH12	PB50_near3	1	MW248466_1__215089-216594+__QQM14740_1	MarsHill	P0_seed7	MarsHill|unit01	1	0.586667	0.551220	0.035447	true	1	true	true	-1073	-879	21	2	false	false	unique_reciprocal_sequence_best_without_whole_locus_boundary_support
AH12|unit01	AH12	PB50_near3	1	MW349129_1__214290-215795+__QQO92858_1	Madawaska	P0_seed7	Madawaska|unit01	1	0.586667	0.546341	0.040325	true	1	true	true	-1092	-879	2	2	true	true	unique_reciprocal_sequence_best_plus_whole_locus_boundaries
AH12|unit01	AH12	PB50_near3	1	OR836606_1__73311-74813-__WRM43423_1	LY01	P0_seed7	LY01|unit01	1	0.589041	0.567961	0.021080	true	1	true	true	-1096	-884	2	2	true	true	unique_reciprocal_sequence_best_plus_whole_locus_boundaries
AH12|unit01	AH12	PB50_near3	1	LC680885_1__167556-169058+__BDE75684_1	S6	P0_seed7	S6|unit01	1	0.581081	0.556561	0.024520	true	1	true	true	-1089	-878	2	2	true	true	unique_reciprocal_sequence_best_plus_whole_locus_boundaries
AH12|unit01	AH12	PB50_near3	1	MN091626_1__24879-26381+__QDJ97640_1	PALS_2	P0_seed7	PALS_2|unit01	1	0.581081	0.556054	0.025027	true	1	true	true	-1089	-878	2	2	true	true	unique_reciprocal_sequence_best_plus_whole_locus_boundaries
AH12|unit01	AH12	PB50_near3	1	MZ779063_1__125252-126754+__UAJ17040_1	UFV_DC4	P0_seed7	UFV_DC4|unit01	1	0.588496	0.549107	0.039388	true	1	true	true	-1091	-881	2	2	true	true	unique_reciprocal_sequence_best_plus_whole_locus_boundaries
AH12|unit01	AH12	PB50_near3	1	MW349128_1__219310-220863+__QQO92593_1	Machias	PB50_near3	Machias|unit01	1	0.980198	0.545455	0.434743	true	1	true	true	-912	-711	0	0	true	true	unique_reciprocal_sequence_best_plus_whole_locus_boundaries
AH12|unit01	AH12	PB50_near3	1	OR770614_1__150938-152491-__WPH64254_1	PB50	PB50_near3	PB50|unit01	1	0.980198	0.550459	0.429739	true	1	true	true	-912	-711	0	0	true	true	unique_reciprocal_sequence_best_plus_whole_locus_boundaries
AH12|unit02	AH12	PB50_near3	2	MW218148_1__10647-12152+__QPI16926_1	SA1	P0_seed7	SA1|unit04	4	0.545872	0.542601	0.003271	true	1	false	false	-724	-463	-259	-174	false	false	free_sequence_best_only
AH12|unit02	AH12	PB50_near3	2	MW248466_1__215089-216594+__QQM14740_1	MarsHill	P0_seed7	MarsHill|unit02	2	0.609302	0.570136	0.039167	true	1	true	true	-879	-682	2	2	true	true	unique_reciprocal_sequence_best_plus_whole_locus_boundaries
AH12|unit02	AH12	PB50_near3	2	MW349129_1__214290-215795+__QQO92858_1	Madawaska	P0_seed7	Madawaska|unit02	2	0.616438	0.562500	0.053938	true	1	true	true	-879	-683	2	2	true	true	unique_reciprocal_sequence_best_plus_whole_locus_boundaries
AH12|unit02	AH12	PB50_near3	2	OR836606_1__73311-74813-__WRM43423_1	LY01	P0_seed7	LY01|unit02	2	0.592593	0.546256	0.046337	true	1	true	true	-884	-690	2	2	true	true	unique_reciprocal_sequence_best_plus_whole_locus_boundaries
AH12|unit02	AH12	PB50_near3	2	LC680885_1__167556-169058+__BDE75684_1	S6	P0_seed7	S6|unit02	2	0.611872	0.581081	0.030791	true	1	true	true	-878	-682	2	2	true	true	unique_reciprocal_sequence_best_plus_whole_locus_boundaries
AH12|unit02	AH12	PB50_near3	2	MN091626_1__24879-26381+__QDJ97640_1	PALS_2	P0_seed7	PALS_2|unit02	2	0.606481	0.584821	0.021660	true	1	true	true	-878	-682	2	2	true	true	unique_reciprocal_sequence_best_plus_whole_locus_boundaries
AH12|unit02	AH12	PB50_near3	2	MZ779063_1__125252-126754+__UAJ17040_1	UFV_DC4	P0_seed7	UFV_DC4|unit02	2	0.595455	0.568889	0.026566	true	1	true	true	-881	-684	2	2	true	true	unique_reciprocal_sequence_best_plus_whole_locus_boundaries
AH12|unit02	AH12	PB50_near3	2	MW349128_1__219310-220863+__QQO92593_1	Machias	PB50_near3	Machias|unit02	2	0.933649	0.581818	0.351831	true	1	true	true	-711	-500	0	0	true	true	unique_reciprocal_sequence_best_plus_whole_locus_boundaries
AH12|unit02	AH12	PB50_near3	2	OR770614_1__150938-152491-__WPH64254_1	PB50	PB50_near3	PB50|unit02	2	0.938389	0.581818	0.356570	true	1	true	true	-711	-500	0	0	true	true	unique_reciprocal_sequence_best_plus_whole_locus_boundaries
AH12|unit03	AH12	PB50_near3	3	MW218148_1__10647-12152+__QPI16926_1	SA1	P0_seed7	SA1|unit03	3	0.598086	0.559406	0.038680	true	1	true	true	-463	-287	203	178	false	false	unique_reciprocal_sequence_best_without_whole_locus_boundary_support
AH12|unit03	AH12	PB50_near3	3	MW248466_1__215089-216594+__QQM14740_1	MarsHill	P0_seed7	MarsHill|unit03	3	0.596413	0.591133	0.005280	true	1	true	true	-682	-299	2	175	false	false	unique_reciprocal_sequence_best_without_whole_locus_boundary_support
AH12|unit03	AH12	PB50_near3	3	MW349129_1__214290-215795+__QQO92858_1	Madawaska	P0_seed7	Madawaska|unit03	3	0.618834	0.583333	0.035501	true	1	true	true	-683	-471	2	2	true	true	unique_reciprocal_sequence_best_plus_whole_locus_boundaries
AH12|unit03	AH12	PB50_near3	3	OR836606_1__73311-74813-__WRM43423_1	LY01	P0_seed7	LY01|unit04	4	0.615764	0.570776	0.044987	true	1	false	true	-690	-476	-212	-175	false	false	unique_reciprocal_sequence_best_without_whole_locus_boundary_support
AH12|unit03	AH12	PB50_near3	3	LC680885_1__167556-169058+__BDE75684_1	S6	P0_seed7	S6|unit03	3	0.610092	0.602941	0.007151	true	1	true	true	-682	-299	2	175	false	false	unique_reciprocal_sequence_best_without_whole_locus_boundary_support
AH12|unit03	AH12	PB50_near3	3	MN091626_1__24879-26381+__QDJ97640_1	PALS_2	P0_seed7	PALS_2|unit03	3	0.616438	0.607843	0.008595	true	1	true	true	-682	-298	2	175	false	false	unique_reciprocal_sequence_best_without_whole_locus_boundary_support
AH12|unit03	AH12	PB50_near3	3	MZ779063_1__125252-126754+__UAJ17040_1	UFV_DC4	P0_seed7	UFV_DC4|unit03	3	0.604545	0.583333	0.021212	true	1	true	true	-684	-472	2	2	true	true	unique_reciprocal_sequence_best_plus_whole_locus_boundaries
AH12|unit03	AH12	PB50_near3	3	MW349128_1__219310-220863+__QQO92593_1	Machias	PB50_near3	Machias|unit03	3	0.969388	0.578475	0.390912	true	1	true	true	-500	-304	0	0	true	true	unique_reciprocal_sequence_best_plus_whole_locus_boundaries
AH12|unit03	AH12	PB50_near3	3	OR770614_1__150938-152491-__WPH64254_1	PB50	PB50_near3	PB50|unit03	3	0.969388	0.567568	0.401820	true	1	true	true	-500	-304	0	0	true	true	unique_reciprocal_sequence_best_plus_whole_locus_boundaries
Machias|unit01	Machias	PB50_near3	1	MW218148_1__10647-12152+__QPI16926_1	SA1	P0_seed7	SA1|unit01	1	0.554545	0.516746	0.037799	true	1	true	true	-1004	-724	45	113	false	false	unique_reciprocal_sequence_best_without_whole_locus_boundary_support
Machias|unit01	Machias	PB50_near3	1	MW248466_1__215089-216594+__QQM14740_1	MarsHill	P0_seed7	MarsHill|unit01	1	0.582222	0.544118	0.038105	true	1	true	true	-1073	-879	21	2	false	false	unique_reciprocal_sequence_best_without_whole_locus_boundary_support
Machias|unit01	Machias	PB50_near3	1	MW349129_1__214290-215795+__QQO92858_1	Madawaska	P0_seed7	Madawaska|unit01	1	0.582222	0.544186	0.038036	true	1	true	true	-1092	-879	2	2	true	true	unique_reciprocal_sequence_best_plus_whole_locus_boundaries
Machias|unit01	Machias	PB50_near3	1	OR836606_1__73311-74813-__WRM43423_1	LY01	P0_seed7	LY01|unit01	1	0.582569	0.570732	0.011837	true	1	true	true	-1096	-884	2	2	true	true	unique_reciprocal_sequence_best_plus_whole_locus_boundaries
Machias|unit01	Machias	PB50_near3	1	LC680885_1__167556-169058+__BDE75684_1	S6	P0_seed7	S6|unit01	1	0.568889	0.550000	0.018889	true	1	true	true	-1089	-878	2	2	true	true	unique_reciprocal_sequence_best_plus_whole_locus_boundaries
Machias|unit01	Machias	PB50_near3	1	MN091626_1__24879-26381+__QDJ97640_1	PALS_2	P0_seed7	PALS_2|unit01	1	0.568889	0.552036	0.016853	true	1	true	true	-1089	-878	2	2	true	true	unique_reciprocal_sequence_best_plus_whole_locus_boundaries
Machias|unit01	Machias	PB50_near3	1	MZ779063_1__125252-126754+__UAJ17040_1	UFV_DC4	P0_seed7	UFV_DC4|unit01	1	0.584071	0.547945	0.036126	true	1	true	true	-1091	-881	2	2	true	true	unique_reciprocal_sequence_best_plus_whole_locus_boundaries
Machias|unit01	Machias	PB50_near3	1	OR455461_1__177982-179535-__WNX97802_1	AH12	PB50_near3	AH12|unit01	1	0.980198	0.571429	0.408769	true	1	true	true	-912	-710	0	0	true	true	unique_reciprocal_sequence_best_plus_whole_locus_boundaries
Machias|unit01	Machias	PB50_near3	1	OR770614_1__150938-152491-__WPH64254_1	PB50	PB50_near3	PB50|unit01	1	1.000000	0.559809	0.440191	true	1	true	true	-912	-711	0	0	true	true	unique_reciprocal_sequence_best_plus_whole_locus_boundaries
Machias|unit02	Machias	PB50_near3	2	MW218148_1__10647-12152+__QPI16926_1	SA1	P0_seed7	SA1|unit02	2	0.539171	0.536036	0.003134	true	1	true	true	-724	-463	113	203	false	false	unique_reciprocal_sequence_best_without_whole_locus_boundary_support
Machias|unit02	Machias	PB50_near3	2	MW248466_1__215089-216594+__QQM14740_1	MarsHill	P0_seed7	MarsHill|unit02	2	0.614679	0.575893	0.038786	true	1	true	true	-879	-682	2	2	true	true	unique_reciprocal_sequence_best_plus_whole_locus_boundaries
Machias|unit02	Machias	PB50_near3	2	MW349129_1__214290-215795+__QQO92858_1	Madawaska	P0_seed7	Madawaska|unit02	2	0.623853	0.565022	0.058831	true	1	true	true	-879	-683	2	2	true	true	unique_reciprocal_sequence_best_plus_whole_locus_boundaries
Machias|unit02	Machias	PB50_near3	2	OR836606_1__73311-74813-__WRM43423_1	LY01	P0_seed7	LY01|unit02	2	0.600000	0.574561	0.025439	true	1	true	true	-884	-690	2	2	true	true	unique_reciprocal_sequence_best_plus_whole_locus_boundaries
Machias|unit02	Machias	PB50_near3	2	LC680885_1__167556-169058+__BDE75684_1	S6	P0_seed7	S6|unit02	2	0.614679	0.575221	0.039458	true	1	true	true	-878	-682	2	2	true	true	unique_reciprocal_sequence_best_plus_whole_locus_boundaries
Machias|unit02	Machias	PB50_near3	2	MN091626_1__24879-26381+__QDJ97640_1	PALS_2	P0_seed7	PALS_2|unit02	2	0.619266	0.596491	0.022775	true	1	true	true	-878	-682	2	2	true	true	unique_reciprocal_sequence_best_plus_whole_locus_boundaries
Machias|unit02	Machias	PB50_near3	2	MZ779063_1__125252-126754+__UAJ17040_1	UFV_DC4	P0_seed7	UFV_DC4|unit02	2	0.587156	0.584416	0.002740	true	1	true	true	-881	-684	2	2	true	true	unique_reciprocal_sequence_best_plus_whole_locus_boundaries
Machias|unit02	Machias	PB50_near3	2	OR455461_1__177982-179535-__WNX97802_1	AH12	PB50_near3	AH12|unit02	2	0.933649	0.578475	0.355174	true	1	true	true	-710	-500	0	0	true	true	unique_reciprocal_sequence_best_plus_whole_locus_boundaries
Machias|unit02	Machias	PB50_near3	2	OR770614_1__150938-152491-__WPH64254_1	PB50	PB50_near3	PB50|unit02	2	0.981043	0.590090	0.390953	true	1	true	true	-711	-500	0	0	true	true	unique_reciprocal_sequence_best_plus_whole_locus_boundaries
Machias|unit03	Machias	PB50_near3	3	MW218148_1__10647-12152+__QPI16926_1	SA1	P0_seed7	SA1|unit03	3	0.609524	0.581281	0.028243	true	1	true	true	-463	-287	203	178	false	false	unique_reciprocal_sequence_best_without_whole_locus_boundary_support
Machias|unit03	Machias	PB50_near3	3	MW248466_1__215089-216594+__QQM14740_1	MarsHill	P0_seed7	MarsHill|unit04	4	0.588235	0.587444	0.000791	true	1	false	true	-682	-299	-208	2	false	false	unique_reciprocal_sequence_best_without_whole_locus_boundary_support
Machias|unit03	Machias	PB50_near3	3	MW349129_1__214290-215795+__QQO92858_1	Madawaska	P0_seed7	Madawaska|unit03	3	0.608108	0.588235	0.019873	true	1	true	true	-683	-300	2	173	false	false	unique_reciprocal_sequence_best_without_whole_locus_boundary_support
Machias|unit03	Machias	PB50_near3	3	OR836606_1__73311-74813-__WRM43423_1	LY01	P0_seed7	LY01|unit04	4	0.615764	0.578947	0.036816	true	1	false	true	-690	-299	-212	2	false	false	unique_reciprocal_sequence_best_without_whole_locus_boundary_support
Machias|unit03	Machias	PB50_near3	3	LC680885_1__167556-169058+__BDE75684_1	S6	P0_seed7	S6|unit04	4	0.612745	0.602740	0.010005	true	1	false	true	-682	-299	-208	2	false	false	unique_reciprocal_sequence_best_without_whole_locus_boundary_support
Machias|unit03	Machias	PB50_near3	3	MN091626_1__24879-26381+__QDJ97640_1	PALS_2	P0_seed7	PALS_2|unit04	4	0.617647	0.600917	0.016730	true	1	false	true	-682	-298	-209	2	false	false	unique_reciprocal_sequence_best_without_whole_locus_boundary_support
Machias|unit03	Machias	PB50_near3	3	MZ779063_1__125252-126754+__UAJ17040_1	UFV_DC4	P0_seed7	UFV_DC4|unit04	4	0.588235	0.581498	0.006737	true	1	false	true	-684	-299	-210	2	false	false	unique_reciprocal_sequence_best_without_whole_locus_boundary_support
Machias|unit03	Machias	PB50_near3	3	OR455461_1__177982-179535-__WNX97802_1	AH12	PB50_near3	AH12|unit03	3	0.969388	0.581818	0.387570	true	1	true	true	-500	-305	0	0	true	true	unique_reciprocal_sequence_best_plus_whole_locus_boundaries
Machias|unit03	Machias	PB50_near3	3	OR770614_1__150938-152491-__WPH64254_1	PB50	PB50_near3	PB50|unit03	3	1.000000	0.564815	0.435185	true	1	true	true	-500	-304	0	0	true	true	unique_reciprocal_sequence_best_plus_whole_locus_boundaries
PB50|unit01	PB50	PB50_near3	1	MW218148_1__10647-12152+__QPI16926_1	SA1	P0_seed7	SA1|unit01	1	0.554545	0.516746	0.037799	true	1	true	true		-816		21	false	false	unique_reciprocal_sequence_best_without_whole_locus_boundary_support
PB50|unit01	PB50	PB50_near3	1	MW248466_1__215089-216594+__QQM14740_1	MarsHill	P0_seed7	MarsHill|unit01	1	0.582222	0.544118	0.038105	true	1	true	true	-1073	-879	21	2	false	false	unique_reciprocal_sequence_best_without_whole_locus_boundary_support
PB50|unit01	PB50	PB50_near3	1	MW349129_1__214290-215795+__QQO92858_1	Madawaska	P0_seed7	Madawaska|unit01	1	0.582222	0.544186	0.038036	true	1	true	true	-1092	-879	2	2	true	true	unique_reciprocal_sequence_best_plus_whole_locus_boundaries
PB50|unit01	PB50	PB50_near3	1	OR836606_1__73311-74813-__WRM43423_1	LY01	P0_seed7	LY01|unit01	1	0.582569	0.570732	0.011837	true	1	true	true	-1096	-884	2	2	true	true	unique_reciprocal_sequence_best_plus_whole_locus_boundaries
PB50|unit01	PB50	PB50_near3	1	LC680885_1__167556-169058+__BDE75684_1	S6	P0_seed7	S6|unit01	1	0.568889	0.550000	0.018889	true	1	true	true	-1089	-878	2	2	true	true	unique_reciprocal_sequence_best_plus_whole_locus_boundaries
PB50|unit01	PB50	PB50_near3	1	MN091626_1__24879-26381+__QDJ97640_1	PALS_2	P0_seed7	PALS_2|unit01	1	0.568889	0.552036	0.016853	true	1	true	true	-1089	-878	2	2	true	true	unique_reciprocal_sequence_best_plus_whole_locus_boundaries
PB50|unit01	PB50	PB50_near3	1	MZ779063_1__125252-126754+__UAJ17040_1	UFV_DC4	P0_seed7	UFV_DC4|unit01	1	0.584071	0.547945	0.036126	true	1	true	true	-1091	-881	2	2	true	true	unique_reciprocal_sequence_best_plus_whole_locus_boundaries
PB50|unit01	PB50	PB50_near3	1	OR455461_1__177982-179535-__WNX97802_1	AH12	PB50_near3	AH12|unit01	1	0.980198	0.571429	0.408769	true	1	true	true	-912	-710	0	0	true	true	unique_reciprocal_sequence_best_plus_whole_locus_boundaries
PB50|unit01	PB50	PB50_near3	1	MW349128_1__219310-220863+__QQO92593_1	Machias	PB50_near3	Machias|unit01	1	1.000000	0.559809	0.440191	true	1	true	true	-912	-711	0	0	true	true	unique_reciprocal_sequence_best_plus_whole_locus_boundaries
PB50|unit02	PB50	PB50_near3	2	MW218148_1__10647-12152+__QPI16926_1	SA1	P0_seed7	SA1|unit04	4	0.532407	0.525581	0.006826	true	1	false	false	-816	-523	-351	-234	false	false	free_sequence_best_only
PB50|unit02	PB50	PB50_near3	2	MW248466_1__215089-216594+__QQM14740_1	MarsHill	P0_seed7	MarsHill|unit02	2	0.619266	0.584821	0.034445	true	1	true	true	-879	-682	2	2	true	true	unique_reciprocal_sequence_best_plus_whole_locus_boundaries
PB50|unit02	PB50	PB50_near3	2	MW349129_1__214290-215795+__QQO92858_1	Madawaska	P0_seed7	Madawaska|unit02	2	0.617512	0.565022	0.052489	true	1	true	true	-879	-683	2	2	true	true	unique_reciprocal_sequence_best_plus_whole_locus_boundaries
PB50|unit02	PB50	PB50_near3	2	OR836606_1__73311-74813-__WRM43423_1	LY01	P0_seed7	LY01|unit02	2	0.583333	0.565789	0.017544	true	1	true	true	-884	-690	2	2	true	true	unique_reciprocal_sequence_best_plus_whole_locus_boundaries
PB50|unit02	PB50	PB50_near3	2	LC680885_1__167556-169058+__BDE75684_1	S6	P0_seed7	S6|unit02	2	0.612903	0.584071	0.028832	true	1	true	true	-878	-682	2	2	true	true	unique_reciprocal_sequence_best_plus_whole_locus_boundaries
PB50|unit02	PB50	PB50_near3	2	MN091626_1__24879-26381+__QDJ97640_1	PALS_2	P0_seed7	PALS_2|unit02	2	0.617512	0.584071	0.033441	true	1	true	true	-878	-682	2	2	true	true	unique_reciprocal_sequence_best_plus_whole_locus_boundaries
PB50|unit02	PB50	PB50_near3	2	MZ779063_1__125252-126754+__UAJ17040_1	UFV_DC4	P0_seed7	UFV_DC4|unit02	2	0.587156	0.579646	0.007510	true	1	true	true	-881	-684	2	2	true	true	unique_reciprocal_sequence_best_plus_whole_locus_boundaries
PB50|unit02	PB50	PB50_near3	2	OR455461_1__177982-179535-__WNX97802_1	AH12	PB50_near3	AH12|unit02	2	0.938389	0.567568	0.370821	true	1	true	true	-710	-500	0	0	true	true	unique_reciprocal_sequence_best_plus_whole_locus_boundaries
PB50|unit02	PB50	PB50_near3	2	MW349128_1__219310-220863+__QQO92593_1	Machias	PB50_near3	Machias|unit02	2	0.981043	0.564815	0.416228	true	1	true	true	-711	-500	0	0	true	true	unique_reciprocal_sequence_best_plus_whole_locus_boundaries
PB50|unit03	PB50	PB50_near3	3	MW218148_1__10647-12152+__QPI16926_1	SA1	P0_seed7	SA1|unit03	3	0.609524	0.581281	0.028243	true	1	true	true	-523	-287	143	178	false	false	unique_reciprocal_sequence_best_without_whole_locus_boundary_support
PB50|unit03	PB50	PB50_near3	3	MW248466_1__215089-216594+__QQM14740_1	MarsHill	P0_seed7	MarsHill|unit04	4	0.588235	0.587444	0.000791	true	1	false	true	-682	-299	-208	2	false	false	unique_reciprocal_sequence_best_without_whole_locus_boundary_support
PB50|unit03	PB50	PB50_near3	3	MW349129_1__214290-215795+__QQO92858_1	Madawaska	P0_seed7	Madawaska|unit03	3	0.608108	0.588235	0.019873	true	1	true	true	-683	-300	2	173	false	false	unique_reciprocal_sequence_best_without_whole_locus_boundary_support
PB50|unit03	PB50	PB50_near3	3	OR836606_1__73311-74813-__WRM43423_1	LY01	P0_seed7	LY01|unit04	4	0.615764	0.578947	0.036816	true	1	false	true	-690	-299	-212	2	false	false	unique_reciprocal_sequence_best_without_whole_locus_boundary_support
PB50|unit03	PB50	PB50_near3	3	LC680885_1__167556-169058+__BDE75684_1	S6	P0_seed7	S6|unit04	4	0.612745	0.602740	0.010005	true	1	false	true	-682	-299	-208	2	false	false	unique_reciprocal_sequence_best_without_whole_locus_boundary_support
PB50|unit03	PB50	PB50_near3	3	MN091626_1__24879-26381+__QDJ97640_1	PALS_2	P0_seed7	PALS_2|unit04	4	0.617647	0.600917	0.016730	true	1	false	true	-682	-298	-209	2	false	false	unique_reciprocal_sequence_best_without_whole_locus_boundary_support
PB50|unit03	PB50	PB50_near3	3	MZ779063_1__125252-126754+__UAJ17040_1	UFV_DC4	P0_seed7	UFV_DC4|unit04	4	0.588235	0.581498	0.006737	true	1	false	true	-684	-299	-210	2	false	false	unique_reciprocal_sequence_best_without_whole_locus_boundary_support
PB50|unit03	PB50	PB50_near3	3	OR455461_1__177982-179535-__WNX97802_1	AH12	PB50_near3	AH12|unit03	3	0.969388	0.581818	0.387570	true	1	true	true	-500	-305	0	0	true	true	unique_reciprocal_sequence_best_plus_whole_locus_boundaries
PB50|unit03	PB50	PB50_near3	3	MW349128_1__219310-220863+__QQO92593_1	Machias	PB50_near3	Machias|unit03	3	1.000000	0.590090	0.409910	true	1	true	true	-500	-304	0	0	true	true	unique_reciprocal_sequence_best_plus_whole_locus_boundaries
