left_unit_id	left_label	left_group	left_ordinal	right_unit_id	right_label	right_group	right_ordinal	relationship	core_to_core_global_identity	core_to_core_diagonal_identity	core_to_core_gap_columns	trimmed_spacer_global_identity	trimmed_spacer_diagonal_identity	trimmed_spacer_gap_columns
SA1|unit01	SA1	P0_seed7	1	MarsHill|unit01	MarsHill	P0_seed7	1	within_group	0.657658	0.719212	19	0.636364	0.705036	15
SA1|unit01	SA1	P0_seed7	1	MarsHill|unit02	MarsHill	P0_seed7	2	within_group	0.545455	0.634921	31	0.493421	0.600000	27
SA1|unit01	SA1	P0_seed7	1	MarsHill|unit03	MarsHill	P0_seed7	3	within_group	0.545045	0.605000	22	0.519481	0.588235	18
SA1|unit01	SA1	P0_seed7	1	MarsHill|unit04	MarsHill	P0_seed7	4	within_group	0.531818	0.709091	55	0.421769	0.584906	41
SA1|unit01	SA1	P0_seed7	1	MarsHill|unit05	MarsHill	P0_seed7	5	within_group	0.502041	0.594203	38	0.446328	0.552448	34
SA1|unit01	SA1	P0_seed7	1	Madawaska|unit01	Madawaska	P0_seed7	1	within_group	0.662162	0.724138	19	0.651613	0.731884	17
SA1|unit01	SA1	P0_seed7	1	Madawaska|unit02	Madawaska	P0_seed7	2	within_group	0.557078	0.645503	30	0.506579	0.620968	28
SA1|unit01	SA1	P0_seed7	1	Madawaska|unit03	Madawaska	P0_seed7	3	within_group	0.558952	0.656410	34	0.522293	0.607407	22
SA1|unit01	SA1	P0_seed7	1	Madawaska|unit04	Madawaska	P0_seed7	4	within_group	0.552995	0.722892	51	0.480000	0.712871	49
SA1|unit01	SA1	P0_seed7	1	LY01|unit01	LY01	P0_seed7	1	within_group	0.651584	0.709360	18	0.616883	0.688406	16
SA1|unit01	SA1	P0_seed7	1	LY01|unit02	LY01	P0_seed7	2	within_group	0.559633	0.648936	30	0.496689	0.609756	28
SA1|unit01	SA1	P0_seed7	1	LY01|unit03	LY01	P0_seed7	3	within_group	0.537778	0.601990	24	0.490323	0.546763	16
SA1|unit01	SA1	P0_seed7	1	LY01|unit04	LY01	P0_seed7	4	within_group	0.548387	0.691860	45	0.453333	0.635514	43
SA1|unit01	SA1	P0_seed7	1	S6|unit01	S6	P0_seed7	1	within_group	0.642202	0.682927	13	0.638158	0.697842	13
SA1|unit01	SA1	P0_seed7	1	S6|unit02	S6	P0_seed7	2	within_group	0.571429	0.649215	26	0.526667	0.626984	24
SA1|unit01	SA1	P0_seed7	1	S6|unit03	S6	P0_seed7	3	within_group	0.550661	0.641026	32	0.476510	0.503546	8
SA1|unit01	SA1	P0_seed7	1	S6|unit04	S6	P0_seed7	4	within_group	0.563636	0.751515	55	0.480263	0.722772	51
SA1|unit01	SA1	P0_seed7	1	S6|unit05	S6	P0_seed7	5	within_group	0.512500	0.585714	30	0.445087	0.531034	28
SA1|unit01	SA1	P0_seed7	1	PALS_2|unit01	PALS_2	P0_seed7	1	within_group	0.642202	0.682927	13	0.638158	0.697842	13
SA1|unit01	SA1	P0_seed7	1	PALS_2|unit02	PALS_2	P0_seed7	2	within_group	0.557078	0.645503	30	0.506579	0.620968	28
SA1|unit01	SA1	P0_seed7	1	PALS_2|unit03	PALS_2	P0_seed7	3	within_group	0.557018	0.651282	33	0.509554	0.597015	23
SA1|unit01	SA1	P0_seed7	1	PALS_2|unit04	PALS_2	P0_seed7	4	within_group	0.563636	0.751515	55	0.480263	0.722772	51
SA1|unit01	SA1	P0_seed7	1	PALS_2|unit05	PALS_2	P0_seed7	5	within_group	0.516667	0.590476	30	0.450867	0.537931	28
SA1|unit01	SA1	P0_seed7	1	UFV_DC4|unit01	UFV_DC4	P0_seed7	1	within_group	0.674208	0.741294	20	0.644737	0.710145	14
SA1|unit01	SA1	P0_seed7	1	UFV_DC4|unit02	UFV_DC4	P0_seed7	2	within_group	0.554545	0.645503	31	0.509804	0.629032	29
SA1|unit01	SA1	P0_seed7	1	UFV_DC4|unit03	UFV_DC4	P0_seed7	3	within_group	0.571429	0.683938	38	0.506667	0.535211	8
SA1|unit01	SA1	P0_seed7	1	UFV_DC4|unit04	UFV_DC4	P0_seed7	4	within_group	0.540179	0.751553	63	0.450331	0.666667	49
SA1|unit01	SA1	P0_seed7	1	UFV_DC4|unit05	UFV_DC4	P0_seed7	5	within_group	0.508130	0.609756	41	0.457627	0.570423	35
SA1|unit01	SA1	P0_seed7	1	AH12|unit01	AH12	PB50_near3	1	cross_group	0.566210	0.635897	24	0.533784	0.589552	14
SA1|unit01	SA1	P0_seed7	1	AH12|unit02	AH12	PB50_near3	2	cross_group	0.542601	0.608040	24	0.500000	0.566176	18
SA1|unit01	SA1	P0_seed7	1	AH12|unit03	AH12	PB50_near3	3	cross_group	0.547945	0.638298	31	0.500000	0.617886	29
SA1|unit01	SA1	P0_seed7	1	Machias|unit01	Machias	PB50_near3	1	cross_group	0.554545	0.632124	27	0.530201	0.598485	17
SA1|unit01	SA1	P0_seed7	1	Machias|unit02	Machias	PB50_near3	2	cross_group	0.536036	0.592040	21	0.493506	0.554745	17
SA1|unit01	SA1	P0_seed7	1	Machias|unit03	Machias	PB50_near3	3	cross_group	0.534247	0.619048	30	0.486842	0.596774	28
SA1|unit01	SA1	P0_seed7	1	PB50|unit01	PB50	PB50_near3	1	cross_group	0.554545	0.632124	27	0.530201	0.598485	17
SA1|unit01	SA1	P0_seed7	1	PB50|unit02	PB50	PB50_near3	2	cross_group	0.520548	0.558824	15	0.487013	0.547445	17
SA1|unit01	SA1	P0_seed7	1	PB50|unit03	PB50	PB50_near3	3	cross_group	0.534247	0.619048	30	0.486842	0.596774	28
SA1|unit02	SA1	P0_seed7	2	MarsHill|unit01	MarsHill	P0_seed7	1	within_group	0.534562	0.694611	50	0.456376	0.660194	46
SA1|unit02	SA1	P0_seed7	2	MarsHill|unit02	MarsHill	P0_seed7	2	within_group	0.616915	0.742515	34	0.507576	0.644231	28
SA1|unit02	SA1	P0_seed7	2	MarsHill|unit03	MarsHill	P0_seed7	3	within_group	0.616822	0.790419	47	0.506757	0.742574	47
SA1|unit02	SA1	P0_seed7	2	MarsHill|unit04	MarsHill	P0_seed7	4	within_group	0.653631	0.709091	14	0.553571	0.620000	12
SA1|unit02	SA1	P0_seed7	2	MarsHill|unit05	MarsHill	P0_seed7	5	within_group	0.487603	0.698225	73	0.405714	0.682692	71
SA1|unit02	SA1	P0_seed7	2	Madawaska|unit01	Madawaska	P0_seed7	1	within_group	0.525581	0.668639	46	0.442177	0.619048	42
SA1|unit02	SA1	P0_seed7	2	Madawaska|unit02	Madawaska	P0_seed7	2	within_group	0.626866	0.759036	35	0.522727	0.669903	29
SA1|unit02	SA1	P0_seed7	2	Madawaska|unit03	Madawaska	P0_seed7	3	within_group	0.600939	0.752941	43	0.489796	0.692308	43
SA1|unit02	SA1	P0_seed7	2	Madawaska|unit04	Madawaska	P0_seed7	4	within_group	0.662857	0.694611	8	0.559633	0.603960	8
SA1|unit02	SA1	P0_seed7	2	LY01|unit01	LY01	P0_seed7	1	within_group	0.551402	0.698225	45	0.465753	0.647619	41
SA1|unit02	SA1	P0_seed7	2	LY01|unit02	LY01	P0_seed7	2	within_group	0.580808	0.688623	31	0.454545	0.594059	31
SA1|unit02	SA1	P0_seed7	2	LY01|unit03	LY01	P0_seed7	3	within_group	0.584112	0.730994	43	0.466216	0.657143	43
SA1|unit02	SA1	P0_seed7	2	LY01|unit04	LY01	P0_seed7	4	within_group	0.621622	0.705521	22	0.464286	0.500000	8
SA1|unit02	SA1	P0_seed7	2	S6|unit01	S6	P0_seed7	1	within_group	0.530516	0.668639	44	0.441379	0.609524	40
SA1|unit02	SA1	P0_seed7	2	S6|unit02	S6	P0_seed7	2	within_group	0.620000	0.742515	33	0.537313	0.712871	33
SA1|unit02	SA1	P0_seed7	2	S6|unit03	S6	P0_seed7	3	within_group	0.582938	0.723529	41	0.468966	0.653846	41
SA1|unit02	SA1	P0_seed7	2	S6|unit04	S6	P0_seed7	4	within_group	0.646067	0.692771	12	0.553571	0.620000	12
SA1|unit02	SA1	P0_seed7	2	S6|unit05	S6	P0_seed7	5	within_group	0.512500	0.727811	71	0.439306	0.730769	69
SA1|unit02	SA1	P0_seed7	2	PALS_2|unit01	PALS_2	P0_seed7	1	within_group	0.530516	0.668639	44	0.441379	0.609524	40
SA1|unit02	SA1	P0_seed7	2	PALS_2|unit02	PALS_2	P0_seed7	2	within_group	0.625000	0.748503	33	0.534351	0.673077	27
SA1|unit02	SA1	P0_seed7	2	PALS_2|unit03	PALS_2	P0_seed7	3	within_group	0.584906	0.729412	42	0.472603	0.663462	42
SA1|unit02	SA1	P0_seed7	2	PALS_2|unit04	PALS_2	P0_seed7	4	within_group	0.651685	0.698795	12	0.562500	0.630000	12
SA1|unit02	SA1	P0_seed7	2	PALS_2|unit05	PALS_2	P0_seed7	5	within_group	0.485477	0.696429	73	0.402299	0.679612	71
SA1|unit02	SA1	P0_seed7	2	UFV_DC4|unit01	UFV_DC4	P0_seed7	1	within_group	0.547170	0.686391	43	0.458333	0.628571	39
SA1|unit02	SA1	P0_seed7	2	UFV_DC4|unit02	UFV_DC4	P0_seed7	2	within_group	0.597990	0.704142	30	0.518797	0.669903	30
SA1|unit02	SA1	P0_seed7	2	UFV_DC4|unit03	UFV_DC4	P0_seed7	3	within_group	0.600939	0.752941	43	0.496599	0.701923	43
SA1|unit02	SA1	P0_seed7	2	UFV_DC4|unit04	UFV_DC4	P0_seed7	4	within_group	0.632768	0.670659	10	0.531532	0.584158	10
SA1|unit02	SA1	P0_seed7	2	UFV_DC4|unit05	UFV_DC4	P0_seed7	5	within_group	0.518519	0.754491	76	0.436782	0.730769	70
SA1|unit02	SA1	P0_seed7	2	AH12|unit01	AH12	PB50_near3	1	cross_group	0.516746	0.658537	45	0.441176	0.571429	31
SA1|unit02	SA1	P0_seed7	2	AH12|unit02	AH12	PB50_near3	2	cross_group	0.528037	0.676647	47	0.458904	0.650485	43
SA1|unit02	SA1	P0_seed7	2	AH12|unit03	AH12	PB50_near3	3	cross_group	0.538462	0.708861	50	0.458647	0.603960	32
SA1|unit02	SA1	P0_seed7	2	Machias|unit01	Machias	PB50_near3	1	cross_group	0.516746	0.662577	46	0.444444	0.571429	30
SA1|unit02	SA1	P0_seed7	2	Machias|unit02	Machias	PB50_near3	2	cross_group	0.539171	0.709091	52	0.456376	0.673267	48
SA1|unit02	SA1	P0_seed7	2	Machias|unit03	Machias	PB50_near3	3	cross_group	0.538462	0.704403	49	0.453846	0.561905	25
SA1|unit02	SA1	P0_seed7	2	PB50|unit01	PB50	PB50_near3	1	cross_group	0.516746	0.662577	46	0.444444	0.571429	30
SA1|unit02	SA1	P0_seed7	2	PB50|unit02	PB50	PB50_near3	2	cross_group	0.525581	0.676647	48	0.445946	0.647059	46
SA1|unit02	SA1	P0_seed7	2	PB50|unit03	PB50	PB50_near3	3	cross_group	0.538462	0.704403	49	0.453846	0.561905	25
SA1|unit03	SA1	P0_seed7	3	MarsHill|unit01	MarsHill	P0_seed7	1	within_group	0.542986	0.621762	28	0.480263	0.561538	22
SA1|unit03	SA1	P0_seed7	3	MarsHill|unit02	MarsHill	P0_seed7	2	within_group	0.606635	0.684492	24	0.520833	0.614754	22
SA1|unit03	SA1	P0_seed7	3	MarsHill|unit03	MarsHill	P0_seed7	3	within_group	0.643192	0.691919	15	0.585034	0.651515	15
SA1|unit03	SA1	P0_seed7	3	MarsHill|unit04	MarsHill	P0_seed7	4	within_group	0.583333	0.700000	34	0.441176	0.566038	30
SA1|unit03	SA1	P0_seed7	3	MarsHill|unit05	MarsHill	P0_seed7	5	within_group	0.520661	0.633166	43	0.451429	0.589552	41
SA1|unit03	SA1	P0_seed7	3	Madawaska|unit01	Madawaska	P0_seed7	1	within_group	0.549107	0.647368	34	0.490323	0.598425	28
SA1|unit03	SA1	P0_seed7	3	Madawaska|unit02	Madawaska	P0_seed7	2	within_group	0.605769	0.666667	19	0.521127	0.601626	19
SA1|unit03	SA1	P0_seed7	3	Madawaska|unit03	Madawaska	P0_seed7	3	within_group	0.660465	0.717172	17	0.570470	0.643939	17
SA1|unit03	SA1	P0_seed7	3	Madawaska|unit04	Madawaska	P0_seed7	4	within_group	0.586207	0.704142	34	0.452555	0.601942	34
SA1|unit03	SA1	P0_seed7	3	LY01|unit01	LY01	P0_seed7	1	within_group	0.547511	0.630208	29	0.490066	0.569231	21
SA1|unit03	SA1	P0_seed7	3	LY01|unit02	LY01	P0_seed7	2	within_group	0.596154	0.663102	21	0.507042	0.595041	21
SA1|unit03	SA1	P0_seed7	3	LY01|unit03	LY01	P0_seed7	3	within_group	0.611111	0.663317	17	0.520000	0.586466	17
SA1|unit03	SA1	P0_seed7	3	LY01|unit04	LY01	P0_seed7	4	within_group	0.580488	0.687861	32	0.470588	0.581818	26
SA1|unit03	SA1	P0_seed7	3	S6|unit01	S6	P0_seed7	1	within_group	0.543779	0.605128	22	0.480000	0.553846	20
SA1|unit03	SA1	P0_seed7	3	S6|unit02	S6	P0_seed7	2	within_group	0.605769	0.666667	19	0.528169	0.609756	19
SA1|unit03	SA1	P0_seed7	3	S6|unit03	S6	P0_seed7	3	within_group	0.668224	0.725888	17	0.582192	0.639098	13
SA1|unit03	SA1	P0_seed7	3	S6|unit04	S6	P0_seed7	4	within_group	0.558824	0.670588	34	0.408759	0.533333	32
SA1|unit03	SA1	P0_seed7	3	S6|unit05	S6	P0_seed7	5	within_group	0.539419	0.656566	43	0.480000	0.636364	43
SA1|unit03	SA1	P0_seed7	3	PALS_2|unit01	PALS_2	P0_seed7	1	within_group	0.543779	0.605128	22	0.480000	0.553846	20
SA1|unit03	SA1	P0_seed7	3	PALS_2|unit02	PALS_2	P0_seed7	2	within_group	0.604762	0.679144	23	0.527778	0.628099	23
SA1|unit03	SA1	P0_seed7	3	PALS_2|unit03	PALS_2	P0_seed7	3	within_group	0.660465	0.720812	18	0.571429	0.631579	14
SA1|unit03	SA1	P0_seed7	3	PALS_2|unit04	PALS_2	P0_seed7	4	within_group	0.563725	0.676471	34	0.416058	0.542857	32
SA1|unit03	SA1	P0_seed7	3	PALS_2|unit05	PALS_2	P0_seed7	5	within_group	0.543568	0.661616	43	0.485714	0.643939	43
SA1|unit03	SA1	P0_seed7	3	UFV_DC4|unit01	UFV_DC4	P0_seed7	1	within_group	0.544186	0.596939	19	0.483221	0.553846	19
SA1|unit03	SA1	P0_seed7	3	UFV_DC4|unit02	UFV_DC4	P0_seed7	2	within_group	0.606635	0.684492	24	0.545455	0.634146	20
SA1|unit03	SA1	P0_seed7	3	UFV_DC4|unit03	UFV_DC4	P0_seed7	3	within_group	0.666667	0.730964	19	0.581081	0.646617	15
SA1|unit03	SA1	P0_seed7	3	UFV_DC4|unit04	UFV_DC4	P0_seed7	4	within_group	0.558252	0.684524	38	0.442857	0.607843	38
SA1|unit03	SA1	P0_seed7	3	UFV_DC4|unit05	UFV_DC4	P0_seed7	5	within_group	0.537190	0.656566	44	0.465909	0.621212	44
SA1|unit03	SA1	P0_seed7	3	AH12|unit01	AH12	PB50_near3	1	cross_group	0.513393	0.642458	45	0.454545	0.507812	15
SA1|unit03	SA1	P0_seed7	3	AH12|unit02	AH12	PB50_near3	2	cross_group	0.522727	0.602094	29	0.486842	0.582677	25
SA1|unit03	SA1	P0_seed7	3	AH12|unit03	AH12	PB50_near3	3	cross_group	0.598086	0.668449	22	0.507143	0.572581	16
SA1|unit03	SA1	P0_seed7	3	Machias|unit01	Machias	PB50_near3	1	cross_group	0.514019	0.585106	26	0.486111	0.555556	18
SA1|unit03	SA1	P0_seed7	3	Machias|unit02	Machias	PB50_near3	2	cross_group	0.522936	0.587629	24	0.473333	0.546154	20
SA1|unit03	SA1	P0_seed7	3	Machias|unit03	Machias	PB50_near3	3	cross_group	0.609524	0.684492	23	0.524823	0.596774	17
SA1|unit03	SA1	P0_seed7	3	PB50|unit01	PB50	PB50_near3	1	cross_group	0.514019	0.585106	26	0.486111	0.555556	18
SA1|unit03	SA1	P0_seed7	3	PB50|unit02	PB50	PB50_near3	2	cross_group	0.522936	0.587629	24	0.466216	0.522727	16
SA1|unit03	SA1	P0_seed7	3	PB50|unit03	PB50	PB50_near3	3	cross_group	0.609524	0.684492	23	0.524823	0.596774	17
SA1|unit04	SA1	P0_seed7	4	MarsHill|unit01	MarsHill	P0_seed7	1	within_group	0.509259	0.635838	43	0.442177	0.590909	37
SA1|unit04	SA1	P0_seed7	4	MarsHill|unit02	MarsHill	P0_seed7	2	within_group	0.605911	0.723529	33	0.536765	0.695238	31
SA1|unit04	SA1	P0_seed7	4	MarsHill|unit03	MarsHill	P0_seed7	3	within_group	0.605634	0.745665	40	0.479452	0.648148	38
SA1|unit04	SA1	P0_seed7	4	MarsHill|unit04	MarsHill	P0_seed7	4	within_group	0.692308	0.754491	15	0.637931	0.732673	15
SA1|unit04	SA1	P0_seed7	4	MarsHill|unit05	MarsHill	P0_seed7	5	within_group	0.491667	0.670455	64	0.379310	0.600000	64
SA1|unit04	SA1	P0_seed7	4	Madawaska|unit01	Madawaska	P0_seed7	1	within_group	0.531818	0.692308	51	0.442177	0.590909	37
SA1|unit04	SA1	P0_seed7	4	Madawaska|unit02	Madawaska	P0_seed7	2	within_group	0.616162	0.701149	24	0.549618	0.660550	22
SA1|unit04	SA1	P0_seed7	4	Madawaska|unit03	Madawaska	P0_seed7	3	within_group	0.573394	0.735294	48	0.456954	0.657143	46
SA1|unit04	SA1	P0_seed7	4	Madawaska|unit04	Madawaska	P0_seed7	4	within_group	0.718232	0.783133	15	0.660870	0.760000	15
SA1|unit04	SA1	P0_seed7	4	LY01|unit01	LY01	P0_seed7	1	within_group	0.528037	0.649425	40	0.466216	0.638889	40
SA1|unit04	SA1	P0_seed7	4	LY01|unit02	LY01	P0_seed7	2	within_group	0.587065	0.698225	32	0.526316	0.666667	28
SA1|unit04	SA1	P0_seed7	4	LY01|unit03	LY01	P0_seed7	3	within_group	0.617512	0.774566	44	0.489933	0.669725	40
SA1|unit04	SA1	P0_seed7	4	LY01|unit04	LY01	P0_seed7	4	within_group	0.691892	0.761905	17	0.627119	0.718447	15
SA1|unit04	SA1	P0_seed7	4	S6|unit01	S6	P0_seed7	1	within_group	0.502326	0.627907	43	0.455172	0.600000	35
SA1|unit04	SA1	P0_seed7	4	S6|unit02	S6	P0_seed7	2	within_group	0.601010	0.683908	24	0.534351	0.642202	22
SA1|unit04	SA1	P0_seed7	4	S6|unit03	S6	P0_seed7	3	within_group	0.572093	0.719298	44	0.434483	0.577982	36
SA1|unit04	SA1	P0_seed7	4	S6|unit04	S6	P0_seed7	4	within_group	0.697802	0.760479	15	0.646552	0.742574	15
SA1|unit04	SA1	P0_seed7	4	S6|unit05	S6	P0_seed7	5	within_group	0.495798	0.670455	62	0.383721	0.600000	62
SA1|unit04	SA1	P0_seed7	4	PALS_2|unit01	PALS_2	P0_seed7	1	within_group	0.502326	0.627907	43	0.455172	0.600000	35
SA1|unit04	SA1	P0_seed7	4	PALS_2|unit02	PALS_2	P0_seed7	2	within_group	0.578431	0.702381	36	0.503650	0.669903	34
SA1|unit04	SA1	P0_seed7	4	PALS_2|unit03	PALS_2	P0_seed7	3	within_group	0.589862	0.752941	47	0.453333	0.647619	45
SA1|unit04	SA1	P0_seed7	4	PALS_2|unit04	PALS_2	P0_seed7	4	within_group	0.692308	0.754491	15	0.637931	0.732673	15
SA1|unit04	SA1	P0_seed7	4	PALS_2|unit05	PALS_2	P0_seed7	5	within_group	0.495798	0.670455	62	0.383721	0.600000	62
SA1|unit04	SA1	P0_seed7	4	UFV_DC4|unit01	UFV_DC4	P0_seed7	1	within_group	0.516588	0.622857	36	0.465278	0.609091	34
SA1|unit04	SA1	P0_seed7	4	UFV_DC4|unit02	UFV_DC4	P0_seed7	2	within_group	0.587379	0.724551	39	0.525180	0.715686	37
SA1|unit04	SA1	P0_seed7	4	UFV_DC4|unit03	UFV_DC4	P0_seed7	3	within_group	0.580645	0.736842	46	0.445205	0.590909	36
SA1|unit04	SA1	P0_seed7	4	UFV_DC4|unit04	UFV_DC4	P0_seed7	4	within_group	0.681319	0.742515	15	0.629310	0.722772	15
SA1|unit04	SA1	P0_seed7	4	UFV_DC4|unit05	UFV_DC4	P0_seed7	5	within_group	0.485356	0.659091	63	0.369942	0.581818	63
SA1|unit04	SA1	P0_seed7	4	AH12|unit01	AH12	PB50_near3	1	cross_group	0.514423	0.629412	38	0.433824	0.536364	26
SA1|unit04	SA1	P0_seed7	4	AH12|unit02	AH12	PB50_near3	2	cross_group	0.545872	0.708333	50	0.486667	0.701923	46
SA1|unit04	SA1	P0_seed7	4	AH12|unit03	AH12	PB50_near3	3	cross_group	0.559406	0.668639	33	0.465649	0.564815	23
SA1|unit04	SA1	P0_seed7	4	Machias|unit01	Machias	PB50_near3	1	cross_group	0.497537	0.580460	29	0.444444	0.545455	25
SA1|unit04	SA1	P0_seed7	4	Machias|unit02	Machias	PB50_near3	2	cross_group	0.527778	0.666667	45	0.493151	0.660550	37
SA1|unit04	SA1	P0_seed7	4	Machias|unit03	Machias	PB50_near3	3	cross_group	0.581281	0.698225	34	0.500000	0.611111	24
SA1|unit04	SA1	P0_seed7	4	PB50|unit01	PB50	PB50_near3	1	cross_group	0.497537	0.580460	29	0.444444	0.545455	25
SA1|unit04	SA1	P0_seed7	4	PB50|unit02	PB50	PB50_near3	2	cross_group	0.532407	0.672515	45	0.459459	0.635514	41
SA1|unit04	SA1	P0_seed7	4	PB50|unit03	PB50	PB50_near3	3	cross_group	0.581281	0.698225	34	0.500000	0.611111	24
MarsHill|unit01	MarsHill	P0_seed7	1	Madawaska|unit01	Madawaska	P0_seed7	1	within_group	0.967136	0.967136	0	0.959184	0.959184	0
MarsHill|unit01	MarsHill	P0_seed7	1	Madawaska|unit02	Madawaska	P0_seed7	2	within_group	0.562212	0.635417	25	0.503311	0.603175	25
MarsHill|unit01	MarsHill	P0_seed7	1	Madawaska|unit03	Madawaska	P0_seed7	3	within_group	0.549107	0.611940	23	0.490323	0.550725	17
MarsHill|unit01	MarsHill	P0_seed7	1	Madawaska|unit04	Madawaska	P0_seed7	4	within_group	0.536697	0.704819	52	0.459459	0.653846	44
MarsHill|unit01	MarsHill	P0_seed7	1	LY01|unit01	LY01	P0_seed7	1	within_group	0.864486	0.876777	3	0.851351	0.868966	3
MarsHill|unit01	MarsHill	P0_seed7	1	LY01|unit02	LY01	P0_seed7	2	within_group	0.541284	0.624339	29	0.493243	0.574803	21
MarsHill|unit01	MarsHill	P0_seed7	1	LY01|unit03	LY01	P0_seed7	3	within_group	0.546667	0.608911	23	0.490446	0.557971	19
MarsHill|unit01	MarsHill	P0_seed7	1	LY01|unit04	LY01	P0_seed7	4	within_group	0.562791	0.691429	40	0.506757	0.681818	38
MarsHill|unit01	MarsHill	P0_seed7	1	S6|unit01	S6	P0_seed7	1	within_group	0.915493	0.924171	2	0.897959	0.910345	2
MarsHill|unit01	MarsHill	P0_seed7	1	S6|unit02	S6	P0_seed7	2	within_group	0.578704	0.647668	23	0.526667	0.622047	23
MarsHill|unit01	MarsHill	P0_seed7	1	S6|unit03	S6	P0_seed7	3	within_group	0.547945	0.588235	15	0.509804	0.565217	15
MarsHill|unit01	MarsHill	P0_seed7	1	S6|unit04	S6	P0_seed7	4	within_group	0.534247	0.700599	52	0.445946	0.622642	42
MarsHill|unit01	MarsHill	P0_seed7	1	S6|unit05	S6	P0_seed7	5	within_group	0.502024	0.607843	43	0.449438	0.567376	37
MarsHill|unit01	MarsHill	P0_seed7	1	PALS_2|unit01	PALS_2	P0_seed7	1	within_group	0.915493	0.924171	2	0.897959	0.910345	2
MarsHill|unit01	MarsHill	P0_seed7	1	PALS_2|unit02	PALS_2	P0_seed7	2	within_group	0.569444	0.637306	23	0.513333	0.606299	23
MarsHill|unit01	MarsHill	P0_seed7	1	PALS_2|unit03	PALS_2	P0_seed7	3	within_group	0.550000	0.593137	16	0.512987	0.572464	16
MarsHill|unit01	MarsHill	P0_seed7	1	PALS_2|unit04	PALS_2	P0_seed7	4	within_group	0.540909	0.716867	54	0.456376	0.647619	44
MarsHill|unit01	MarsHill	P0_seed7	1	PALS_2|unit05	PALS_2	P0_seed7	5	within_group	0.524194	0.640394	45	0.462857	0.562500	31
MarsHill|unit01	MarsHill	P0_seed7	1	UFV_DC4|unit01	UFV_DC4	P0_seed7	1	within_group	0.915493	0.928571	3	0.904762	0.923611	3
MarsHill|unit01	MarsHill	P0_seed7	1	UFV_DC4|unit02	UFV_DC4	P0_seed7	2	within_group	0.568807	0.645833	26	0.513158	0.619048	26
MarsHill|unit01	MarsHill	P0_seed7	1	UFV_DC4|unit03	UFV_DC4	P0_seed7	3	within_group	0.545455	0.585366	15	0.500000	0.539007	11
MarsHill|unit01	MarsHill	P0_seed7	1	UFV_DC4|unit04	UFV_DC4	P0_seed7	4	within_group	0.539535	0.678363	44	0.472973	0.660377	42
MarsHill|unit01	MarsHill	P0_seed7	1	UFV_DC4|unit05	UFV_DC4	P0_seed7	5	within_group	0.524590	0.615385	36	0.431818	0.527778	32
MarsHill|unit01	MarsHill	P0_seed7	1	AH12|unit01	AH12	PB50_near3	1	cross_group	0.586667	0.694737	35	0.554140	0.690476	31
MarsHill|unit01	MarsHill	P0_seed7	1	AH12|unit02	AH12	PB50_near3	2	cross_group	0.537445	0.622449	31	0.471338	0.552239	23
MarsHill|unit01	MarsHill	P0_seed7	1	AH12|unit03	AH12	PB50_near3	3	cross_group	0.522124	0.648352	44	0.477987	0.649573	42
MarsHill|unit01	MarsHill	P0_seed7	1	Machias|unit01	Machias	PB50_near3	1	cross_group	0.582222	0.693122	36	0.547771	0.688000	32
MarsHill|unit01	MarsHill	P0_seed7	1	Machias|unit02	Machias	PB50_near3	2	cross_group	0.526549	0.601010	28	0.493671	0.582090	24
MarsHill|unit01	MarsHill	P0_seed7	1	Machias|unit03	Machias	PB50_near3	3	cross_group	0.518018	0.614973	35	0.470968	0.598361	33
MarsHill|unit01	MarsHill	P0_seed7	1	PB50|unit01	PB50	PB50_near3	1	cross_group	0.582222	0.693122	36	0.547771	0.688000	32
MarsHill|unit01	MarsHill	P0_seed7	1	PB50|unit02	PB50	PB50_near3	2	cross_group	0.535398	0.611111	28	0.487500	0.590909	28
MarsHill|unit01	MarsHill	P0_seed7	1	PB50|unit03	PB50	PB50_near3	3	cross_group	0.518018	0.614973	35	0.470968	0.598361	33
MarsHill|unit02	MarsHill	P0_seed7	2	Madawaska|unit01	Madawaska	P0_seed7	1	within_group	0.548387	0.616580	24	0.466667	0.546875	22
MarsHill|unit02	MarsHill	P0_seed7	2	Madawaska|unit02	Madawaska	P0_seed7	2	within_group	0.903553	0.908163	1	0.870229	0.876923	1
MarsHill|unit02	MarsHill	P0_seed7	2	Madawaska|unit03	Madawaska	P0_seed7	3	within_group	0.603774	0.649746	15	0.486301	0.541985	15
MarsHill|unit02	MarsHill	P0_seed7	2	Madawaska|unit04	Madawaska	P0_seed7	4	within_group	0.580808	0.676471	28	0.469697	0.596154	28
MarsHill|unit02	MarsHill	P0_seed7	2	LY01|unit01	LY01	P0_seed7	1	within_group	0.534884	0.592784	21	0.459459	0.527132	19
MarsHill|unit02	MarsHill	P0_seed7	2	LY01|unit02	LY01	P0_seed7	2	within_group	0.883249	0.896907	3	0.854962	0.875000	3
MarsHill|unit02	MarsHill	P0_seed7	2	LY01|unit03	LY01	P0_seed7	3	within_group	0.589041	0.671875	27	0.496689	0.585938	23
MarsHill|unit02	MarsHill	P0_seed7	2	LY01|unit04	LY01	P0_seed7	4	within_group	0.606061	0.681818	22	0.477612	0.592593	26
MarsHill|unit02	MarsHill	P0_seed7	2	S6|unit01	S6	P0_seed7	1	within_group	0.516279	0.575130	22	0.456376	0.535433	22
MarsHill|unit02	MarsHill	P0_seed7	2	S6|unit02	S6	P0_seed7	2	within_group	0.878173	0.882653	1	0.839695	0.846154	1
MarsHill|unit02	MarsHill	P0_seed7	2	S6|unit03	S6	P0_seed7	3	within_group	0.589623	0.641026	17	0.472603	0.534884	17
MarsHill|unit02	MarsHill	P0_seed7	2	S6|unit04	S6	P0_seed7	4	within_group	0.592965	0.690058	28	0.462121	0.575472	26
MarsHill|unit02	MarsHill	P0_seed7	2	S6|unit05	S6	P0_seed7	5	within_group	0.540650	0.703704	57	0.477528	0.680000	53
MarsHill|unit02	MarsHill	P0_seed7	2	PALS_2|unit01	PALS_2	P0_seed7	1	within_group	0.516279	0.575130	22	0.456376	0.535433	22
MarsHill|unit02	MarsHill	P0_seed7	2	PALS_2|unit02	PALS_2	P0_seed7	2	within_group	0.888325	0.892857	1	0.854962	0.861538	1
MarsHill|unit02	MarsHill	P0_seed7	2	PALS_2|unit03	PALS_2	P0_seed7	3	within_group	0.612150	0.675258	20	0.506757	0.585938	20
MarsHill|unit02	MarsHill	P0_seed7	2	PALS_2|unit04	PALS_2	P0_seed7	4	within_group	0.587940	0.684211	28	0.454545	0.566038	26
MarsHill|unit02	MarsHill	P0_seed7	2	PALS_2|unit05	PALS_2	P0_seed7	5	within_group	0.540650	0.703704	57	0.477528	0.680000	53
MarsHill|unit02	MarsHill	P0_seed7	2	UFV_DC4|unit01	UFV_DC4	P0_seed7	1	within_group	0.539535	0.604167	23	0.489933	0.579365	23
MarsHill|unit02	MarsHill	P0_seed7	2	UFV_DC4|unit02	UFV_DC4	P0_seed7	2	within_group	0.888889	0.897959	2	0.848485	0.861538	2
MarsHill|unit02	MarsHill	P0_seed7	2	UFV_DC4|unit03	UFV_DC4	P0_seed7	3	within_group	0.601852	0.673575	23	0.486667	0.574803	23
MarsHill|unit02	MarsHill	P0_seed7	2	UFV_DC4|unit04	UFV_DC4	P0_seed7	4	within_group	0.586207	0.712575	36	0.463235	0.617647	34
MarsHill|unit02	MarsHill	P0_seed7	2	UFV_DC4|unit05	UFV_DC4	P0_seed7	5	within_group	0.544715	0.705263	56	0.480000	0.651163	46
MarsHill|unit02	MarsHill	P0_seed7	2	AH12|unit01	AH12	PB50_near3	1	cross_group	0.537383	0.621622	29	0.454545	0.524194	19
MarsHill|unit02	MarsHill	P0_seed7	2	AH12|unit02	AH12	PB50_near3	2	cross_group	0.609302	0.682292	23	0.570470	0.674603	23
MarsHill|unit02	MarsHill	P0_seed7	2	AH12|unit03	AH12	PB50_near3	3	cross_group	0.565217	0.632432	22	0.492647	0.540323	12
MarsHill|unit02	MarsHill	P0_seed7	2	Machias|unit01	Machias	PB50_near3	1	cross_group	0.527778	0.626374	34	0.489655	0.586777	24
MarsHill|unit02	MarsHill	P0_seed7	2	Machias|unit02	Machias	PB50_near3	2	cross_group	0.614679	0.705263	28	0.563758	0.661417	22
MarsHill|unit02	MarsHill	P0_seed7	2	Machias|unit03	Machias	PB50_near3	3	cross_group	0.578947	0.657609	25	0.503597	0.573770	17
MarsHill|unit02	MarsHill	P0_seed7	2	PB50|unit01	PB50	PB50_near3	1	cross_group	0.527778	0.626374	34	0.489655	0.586777	24
MarsHill|unit02	MarsHill	P0_seed7	2	PB50|unit02	PB50	PB50_near3	2	cross_group	0.619266	0.710526	28	0.570470	0.669291	22
MarsHill|unit02	MarsHill	P0_seed7	2	PB50|unit03	PB50	PB50_near3	3	cross_group	0.578947	0.657609	25	0.503597	0.573770	17
MarsHill|unit03	MarsHill	P0_seed7	3	Madawaska|unit01	Madawaska	P0_seed7	1	within_group	0.542986	0.594059	19	0.461039	0.518248	17
MarsHill|unit03	MarsHill	P0_seed7	3	Madawaska|unit02	Madawaska	P0_seed7	2	within_group	0.632075	0.690722	18	0.513699	0.585938	18
MarsHill|unit03	MarsHill	P0_seed7	3	Madawaska|unit03	Madawaska	P0_seed7	3	within_group	0.901408	0.918660	4	0.884354	0.909091	4
MarsHill|unit03	MarsHill	P0_seed7	3	Madawaska|unit04	Madawaska	P0_seed7	4	within_group	0.586854	0.744048	45	0.445205	0.631068	43
MarsHill|unit03	MarsHill	P0_seed7	3	LY01|unit01	LY01	P0_seed7	1	within_group	0.563877	0.656410	32	0.480263	0.528986	14
MarsHill|unit03	MarsHill	P0_seed7	3	LY01|unit02	LY01	P0_seed7	2	within_group	0.596244	0.664921	22	0.476190	0.560000	22
MarsHill|unit03	MarsHill	P0_seed7	3	LY01|unit03	LY01	P0_seed7	3	within_group	0.813953	0.837321	6	0.758389	0.790210	6
MarsHill|unit03	MarsHill	P0_seed7	3	LY01|unit04	LY01	P0_seed7	4	within_group	0.616114	0.738636	35	0.486111	0.630631	33
MarsHill|unit03	MarsHill	P0_seed7	3	S6|unit01	S6	P0_seed7	1	within_group	0.546256	0.639175	33	0.503185	0.598485	25
MarsHill|unit03	MarsHill	P0_seed7	3	S6|unit02	S6	P0_seed7	2	within_group	0.622642	0.680412	18	0.506849	0.578125	18
MarsHill|unit03	MarsHill	P0_seed7	3	S6|unit03	S6	P0_seed7	3	within_group	0.877358	0.894231	4	0.849315	0.873239	4
MarsHill|unit03	MarsHill	P0_seed7	3	S6|unit04	S6	P0_seed7	4	within_group	0.573394	0.757576	53	0.458333	0.616822	37
MarsHill|unit03	MarsHill	P0_seed7	3	S6|unit05	S6	P0_seed7	5	within_group	0.538153	0.673367	50	0.460227	0.578571	36
MarsHill|unit03	MarsHill	P0_seed7	3	PALS_2|unit01	PALS_2	P0_seed7	1	within_group	0.546256	0.639175	33	0.503185	0.598485	25
MarsHill|unit03	MarsHill	P0_seed7	3	PALS_2|unit02	PALS_2	P0_seed7	2	within_group	0.630841	0.703125	22	0.520270	0.611111	22
MarsHill|unit03	MarsHill	P0_seed7	3	PALS_2|unit03	PALS_2	P0_seed7	3	within_group	0.872642	0.885167	3	0.842466	0.860140	3
MarsHill|unit03	MarsHill	P0_seed7	3	PALS_2|unit04	PALS_2	P0_seed7	4	within_group	0.589623	0.730994	41	0.465278	0.626168	37
MarsHill|unit03	MarsHill	P0_seed7	3	PALS_2|unit05	PALS_2	P0_seed7	5	within_group	0.534137	0.668342	50	0.457143	0.567376	34
MarsHill|unit03	MarsHill	P0_seed7	3	UFV_DC4|unit01	UFV_DC4	P0_seed7	1	within_group	0.542601	0.614213	26	0.474359	0.560606	24
MarsHill|unit03	MarsHill	P0_seed7	3	UFV_DC4|unit02	UFV_DC4	P0_seed7	2	within_group	0.630841	0.699482	21	0.513514	0.598425	21
MarsHill|unit03	MarsHill	P0_seed7	3	UFV_DC4|unit03	UFV_DC4	P0_seed7	3	within_group	0.882629	0.899522	4	0.857143	0.881119	4
MarsHill|unit03	MarsHill	P0_seed7	3	UFV_DC4|unit04	UFV_DC4	P0_seed7	4	within_group	0.587156	0.775758	53	0.486301	0.676190	41
MarsHill|unit03	MarsHill	P0_seed7	3	UFV_DC4|unit05	UFV_DC4	P0_seed7	5	within_group	0.532000	0.668342	51	0.457627	0.578571	37
MarsHill|unit03	MarsHill	P0_seed7	3	AH12|unit01	AH12	PB50_near3	1	cross_group	0.540179	0.643617	36	0.500000	0.593750	24
MarsHill|unit03	MarsHill	P0_seed7	3	AH12|unit02	AH12	PB50_near3	2	cross_group	0.570136	0.633166	22	0.516129	0.601504	22
MarsHill|unit03	MarsHill	P0_seed7	3	AH12|unit03	AH12	PB50_near3	3	cross_group	0.596413	0.730769	41	0.540541	0.640000	23
MarsHill|unit03	MarsHill	P0_seed7	3	Machias|unit01	Machias	PB50_near3	1	cross_group	0.542222	0.655914	39	0.486842	0.582677	25
MarsHill|unit03	MarsHill	P0_seed7	3	Machias|unit02	Machias	PB50_near3	2	cross_group	0.575893	0.654822	27	0.531646	0.641221	27
MarsHill|unit03	MarsHill	P0_seed7	3	Machias|unit03	Machias	PB50_near3	3	cross_group	0.587444	0.715847	40	0.527027	0.619048	22
MarsHill|unit03	MarsHill	P0_seed7	3	PB50|unit01	PB50	PB50_near3	1	cross_group	0.542222	0.655914	39	0.486842	0.582677	25
MarsHill|unit03	MarsHill	P0_seed7	3	PB50|unit02	PB50	PB50_near3	2	cross_group	0.584821	0.664975	27	0.544304	0.656489	27
MarsHill|unit03	MarsHill	P0_seed7	3	PB50|unit03	PB50	PB50_near3	3	cross_group	0.587444	0.715847	40	0.527027	0.619048	22
MarsHill|unit04	MarsHill	P0_seed7	4	Madawaska|unit01	Madawaska	P0_seed7	1	within_group	0.558685	0.687861	40	0.432432	0.603774	42
MarsHill|unit04	MarsHill	P0_seed7	4	Madawaska|unit02	Madawaska	P0_seed7	2	within_group	0.620000	0.733728	31	0.511278	0.653846	29
MarsHill|unit04	MarsHill	P0_seed7	4	Madawaska|unit03	Madawaska	P0_seed7	3	within_group	0.610329	0.755814	41	0.465753	0.635514	39
MarsHill|unit04	MarsHill	P0_seed7	4	Madawaska|unit04	Madawaska	P0_seed7	4	within_group	0.919540	0.941176	4	0.916667	0.951923	4
MarsHill|unit04	MarsHill	P0_seed7	4	LY01|unit01	LY01	P0_seed7	1	within_group	0.528037	0.660819	43	0.452055	0.616822	39
MarsHill|unit04	MarsHill	P0_seed7	4	LY01|unit02	LY01	P0_seed7	2	within_group	0.601010	0.704142	29	0.503876	0.613208	23
MarsHill|unit04	MarsHill	P0_seed7	4	LY01|unit03	LY01	P0_seed7	3	within_group	0.565421	0.699422	41	0.445946	0.616822	41
MarsHill|unit04	MarsHill	P0_seed7	4	LY01|unit04	LY01	P0_seed7	4	within_group	0.858757	0.878613	4	0.801802	0.831776	4
MarsHill|unit04	MarsHill	P0_seed7	4	S6|unit01	S6	P0_seed7	1	within_group	0.553488	0.704142	46	0.448980	0.628571	42
MarsHill|unit04	MarsHill	P0_seed7	4	S6|unit02	S6	P0_seed7	2	within_group	0.606061	0.701754	27	0.496183	0.613208	25
MarsHill|unit04	MarsHill	P0_seed7	4	S6|unit03	S6	P0_seed7	3	within_group	0.616114	0.755814	39	0.472222	0.635514	37
MarsHill|unit04	MarsHill	P0_seed7	4	S6|unit04	S6	P0_seed7	4	within_group	0.942529	0.953488	2	0.944444	0.962264	2
MarsHill|unit04	MarsHill	P0_seed7	4	S6|unit05	S6	P0_seed7	5	within_group	0.457983	0.630058	65	0.354651	0.570093	65
MarsHill|unit04	MarsHill	P0_seed7	4	PALS_2|unit01	PALS_2	P0_seed7	1	within_group	0.553488	0.704142	46	0.448980	0.628571	42
MarsHill|unit04	MarsHill	P0_seed7	4	PALS_2|unit02	PALS_2	P0_seed7	2	within_group	0.592965	0.694118	29	0.477273	0.600000	27
MarsHill|unit04	MarsHill	P0_seed7	4	PALS_2|unit03	PALS_2	P0_seed7	3	within_group	0.619718	0.771930	42	0.479452	0.660377	40
MarsHill|unit04	MarsHill	P0_seed7	4	PALS_2|unit04	PALS_2	P0_seed7	4	within_group	0.936782	0.947674	2	0.935185	0.952830	2
MarsHill|unit04	MarsHill	P0_seed7	4	PALS_2|unit05	PALS_2	P0_seed7	5	within_group	0.457983	0.630058	65	0.367816	0.609524	69
MarsHill|unit04	MarsHill	P0_seed7	4	UFV_DC4|unit01	UFV_DC4	P0_seed7	1	within_group	0.537736	0.666667	41	0.437500	0.588785	37
MarsHill|unit04	MarsHill	P0_seed7	4	UFV_DC4|unit02	UFV_DC4	P0_seed7	2	within_group	0.592965	0.690058	28	0.484848	0.603774	26
MarsHill|unit04	MarsHill	P0_seed7	4	UFV_DC4|unit03	UFV_DC4	P0_seed7	3	within_group	0.605634	0.750000	41	0.458904	0.626168	39
MarsHill|unit04	MarsHill	P0_seed7	4	UFV_DC4|unit04	UFV_DC4	P0_seed7	4	within_group	0.919540	0.930233	2	0.925926	0.943396	2
MarsHill|unit04	MarsHill	P0_seed7	4	UFV_DC4|unit05	UFV_DC4	P0_seed7	5	within_group	0.464435	0.641618	66	0.358382	0.579439	66
MarsHill|unit04	MarsHill	P0_seed7	4	AH12|unit01	AH12	PB50_near3	1	cross_group	0.551220	0.664706	35	0.474453	0.613208	31
MarsHill|unit04	MarsHill	P0_seed7	4	AH12|unit02	AH12	PB50_near3	2	cross_group	0.556075	0.704142	45	0.472603	0.657143	41
MarsHill|unit04	MarsHill	P0_seed7	4	AH12|unit03	AH12	PB50_near3	3	cross_group	0.591133	0.727273	38	0.503759	0.650485	30
MarsHill|unit04	MarsHill	P0_seed7	4	Machias|unit01	Machias	PB50_near3	1	cross_group	0.544118	0.652941	34	0.463235	0.594340	30
MarsHill|unit04	MarsHill	P0_seed7	4	Machias|unit02	Machias	PB50_near3	2	cross_group	0.555556	0.714286	48	0.466216	0.663462	44
MarsHill|unit04	MarsHill	P0_seed7	4	Machias|unit03	Machias	PB50_near3	3	cross_group	0.588235	0.727273	39	0.492537	0.640777	31
MarsHill|unit04	MarsHill	P0_seed7	4	PB50|unit01	PB50	PB50_near3	1	cross_group	0.544118	0.652941	34	0.463235	0.594340	30
MarsHill|unit04	MarsHill	P0_seed7	4	PB50|unit02	PB50	PB50_near3	2	cross_group	0.555556	0.714286	48	0.466216	0.663462	44
MarsHill|unit04	MarsHill	P0_seed7	4	PB50|unit03	PB50	PB50_near3	3	cross_group	0.588235	0.727273	39	0.492537	0.640777	31
MarsHill|unit05	MarsHill	P0_seed7	5	Madawaska|unit01	Madawaska	P0_seed7	1	within_group	0.526316	0.631068	41	0.454023	0.537415	27
MarsHill|unit05	MarsHill	P0_seed7	5	Madawaska|unit02	Madawaska	P0_seed7	2	within_group	0.500000	0.647368	56	0.455556	0.661290	56
MarsHill|unit05	MarsHill	P0_seed7	5	Madawaska|unit03	Madawaska	P0_seed7	3	within_group	0.536585	0.640777	40	0.483333	0.621429	40
MarsHill|unit05	MarsHill	P0_seed7	5	Madawaska|unit04	Madawaska	P0_seed7	4	within_group	0.475000	0.666667	69	0.371429	0.625000	71
MarsHill|unit05	MarsHill	P0_seed7	5	LY01|unit01	LY01	P0_seed7	1	within_group	0.519841	0.655000	52	0.441341	0.560284	38
MarsHill|unit05	MarsHill	P0_seed7	5	LY01|unit02	LY01	P0_seed7	2	within_group	0.516393	0.663158	54	0.471264	0.640625	46
MarsHill|unit05	MarsHill	P0_seed7	5	LY01|unit03	LY01	P0_seed7	3	within_group	0.549180	0.638095	34	0.500000	0.618056	34
MarsHill|unit05	MarsHill	P0_seed7	5	LY01|unit04	LY01	P0_seed7	4	within_group	0.504132	0.697143	67	0.392045	0.633028	67
MarsHill|unit05	MarsHill	P0_seed7	5	S6|unit01	S6	P0_seed7	1	within_group	0.525896	0.660000	51	0.466292	0.588652	37
MarsHill|unit05	MarsHill	P0_seed7	5	S6|unit02	S6	P0_seed7	2	within_group	0.516667	0.632653	44	0.459770	0.615385	44
MarsHill|unit05	MarsHill	P0_seed7	5	S6|unit03	S6	P0_seed7	3	within_group	0.553279	0.655340	38	0.494382	0.628571	38
MarsHill|unit05	MarsHill	P0_seed7	5	S6|unit04	S6	P0_seed7	4	within_group	0.475000	0.658960	67	0.373563	0.607477	67
MarsHill|unit05	MarsHill	P0_seed7	5	S6|unit05	S6	P0_seed7	5	within_group	0.925311	0.940928	4	0.931429	0.953216	4
MarsHill|unit05	MarsHill	P0_seed7	5	PALS_2|unit01	PALS_2	P0_seed7	1	within_group	0.525896	0.660000	51	0.466292	0.588652	37
MarsHill|unit05	MarsHill	P0_seed7	5	PALS_2|unit02	PALS_2	P0_seed7	2	within_group	0.508333	0.622449	44	0.465517	0.623077	44
MarsHill|unit05	MarsHill	P0_seed7	5	PALS_2|unit03	PALS_2	P0_seed7	3	within_group	0.557377	0.657005	37	0.500000	0.631206	37
MarsHill|unit05	MarsHill	P0_seed7	5	PALS_2|unit04	PALS_2	P0_seed7	4	within_group	0.479167	0.664740	67	0.379310	0.616822	67
MarsHill|unit05	MarsHill	P0_seed7	5	PALS_2|unit05	PALS_2	P0_seed7	5	within_group	0.921162	0.936709	4	0.925714	0.947368	4
MarsHill|unit05	MarsHill	P0_seed7	5	UFV_DC4|unit01	UFV_DC4	P0_seed7	1	within_group	0.525896	0.663317	52	0.468927	0.588652	36
MarsHill|unit05	MarsHill	P0_seed7	5	UFV_DC4|unit02	UFV_DC4	P0_seed7	2	within_group	0.508333	0.619289	43	0.465517	0.618321	43
MarsHill|unit05	MarsHill	P0_seed7	5	UFV_DC4|unit03	UFV_DC4	P0_seed7	3	within_group	0.548780	0.655340	40	0.488889	0.628571	40
MarsHill|unit05	MarsHill	P0_seed7	5	UFV_DC4|unit04	UFV_DC4	P0_seed7	4	within_group	0.477178	0.668605	69	0.373563	0.607477	67
MarsHill|unit05	MarsHill	P0_seed7	5	UFV_DC4|unit05	UFV_DC4	P0_seed7	5	within_group	0.917355	0.936709	5	0.920455	0.947368	5
MarsHill|unit05	MarsHill	P0_seed7	5	AH12|unit01	AH12	PB50_near3	1	cross_group	0.487603	0.590000	42	0.442529	0.566176	38
MarsHill|unit05	MarsHill	P0_seed7	5	AH12|unit02	AH12	PB50_near3	2	cross_group	0.522267	0.635468	44	0.468927	0.588652	36
MarsHill|unit05	MarsHill	P0_seed7	5	AH12|unit03	AH12	PB50_near3	3	cross_group	0.495868	0.621762	49	0.442529	0.596899	45
MarsHill|unit05	MarsHill	P0_seed7	5	Machias|unit01	Machias	PB50_near3	1	cross_group	0.491736	0.597990	43	0.436782	0.562963	39
MarsHill|unit05	MarsHill	P0_seed7	5	Machias|unit02	Machias	PB50_near3	2	cross_group	0.520492	0.613527	37	0.471264	0.565517	29
MarsHill|unit05	MarsHill	P0_seed7	5	Machias|unit03	Machias	PB50_near3	3	cross_group	0.493776	0.610256	46	0.448276	0.600000	44
MarsHill|unit05	MarsHill	P0_seed7	5	PB50|unit01	PB50	PB50_near3	1	cross_group	0.491736	0.597990	43	0.436782	0.562963	39
MarsHill|unit05	MarsHill	P0_seed7	5	PB50|unit02	PB50	PB50_near3	2	cross_group	0.514170	0.622549	43	0.468927	0.584507	35
MarsHill|unit05	MarsHill	P0_seed7	5	PB50|unit03	PB50	PB50_near3	3	cross_group	0.493776	0.610256	46	0.448276	0.600000	44
Madawaska|unit01	Madawaska	P0_seed7	1	LY01|unit01	LY01	P0_seed7	1	within_group	0.883178	0.895735	3	0.885135	0.903448	3
Madawaska|unit01	Madawaska	P0_seed7	1	LY01|unit02	LY01	P0_seed7	2	within_group	0.546729	0.606218	21	0.496599	0.570312	19
Madawaska|unit01	Madawaska	P0_seed7	1	LY01|unit03	LY01	P0_seed7	3	within_group	0.545852	0.631313	31	0.493671	0.569343	21
Madawaska|unit01	Madawaska	P0_seed7	1	LY01|unit04	LY01	P0_seed7	4	within_group	0.553571	0.746988	58	0.500000	0.672727	38
Madawaska|unit01	Madawaska	P0_seed7	1	S6|unit01	S6	P0_seed7	1	within_group	0.929577	0.938389	2	0.925170	0.937931	2
Madawaska|unit01	Madawaska	P0_seed7	1	S6|unit02	S6	P0_seed7	2	within_group	0.572093	0.634021	21	0.516779	0.601562	21
Madawaska|unit01	Madawaska	P0_seed7	1	S6|unit03	S6	P0_seed7	3	within_group	0.542986	0.594059	19	0.480263	0.525180	13
Madawaska|unit01	Madawaska	P0_seed7	1	S6|unit04	S6	P0_seed7	4	within_group	0.532110	0.690476	50	0.462585	0.635514	40
Madawaska|unit01	Madawaska	P0_seed7	1	S6|unit05	S6	P0_seed7	5	within_group	0.532787	0.628019	37	0.468927	0.584507	35
Madawaska|unit01	Madawaska	P0_seed7	1	PALS_2|unit01	PALS_2	P0_seed7	1	within_group	0.929577	0.938389	2	0.925170	0.937931	2
Madawaska|unit01	Madawaska	P0_seed7	1	PALS_2|unit02	PALS_2	P0_seed7	2	within_group	0.567442	0.628866	21	0.510067	0.593750	21
Madawaska|unit01	Madawaska	P0_seed7	1	PALS_2|unit03	PALS_2	P0_seed7	3	within_group	0.545045	0.599010	20	0.483660	0.532374	14
Madawaska|unit01	Madawaska	P0_seed7	1	PALS_2|unit04	PALS_2	P0_seed7	4	within_group	0.547511	0.733333	56	0.450980	0.683168	52
Madawaska|unit01	Madawaska	P0_seed7	1	PALS_2|unit05	PALS_2	P0_seed7	5	within_group	0.524390	0.629268	41	0.459302	0.537415	25
Madawaska|unit01	Madawaska	P0_seed7	1	UFV_DC4|unit01	UFV_DC4	P0_seed7	1	within_group	0.929577	0.942857	3	0.931973	0.951389	3
Madawaska|unit01	Madawaska	P0_seed7	1	UFV_DC4|unit02	UFV_DC4	P0_seed7	2	within_group	0.566820	0.637306	24	0.509934	0.606299	24
Madawaska|unit01	Madawaska	P0_seed7	1	UFV_DC4|unit03	UFV_DC4	P0_seed7	3	within_group	0.546667	0.615000	25	0.480263	0.517730	11
Madawaska|unit01	Madawaska	P0_seed7	1	UFV_DC4|unit04	UFV_DC4	P0_seed7	4	within_group	0.530233	0.666667	44	0.466216	0.650943	42
Madawaska|unit01	Madawaska	P0_seed7	1	UFV_DC4|unit05	UFV_DC4	P0_seed7	5	within_group	0.524590	0.615385	36	0.437500	0.534722	32
Madawaska|unit01	Madawaska	P0_seed7	1	AH12|unit01	AH12	PB50_near3	1	cross_group	0.586667	0.694737	35	0.543624	0.604478	15
Madawaska|unit01	Madawaska	P0_seed7	1	AH12|unit02	AH12	PB50_near3	2	cross_group	0.543860	0.635897	33	0.503145	0.606061	27
Madawaska|unit01	Madawaska	P0_seed7	1	AH12|unit03	AH12	PB50_near3	3	cross_group	0.506849	0.587302	30	0.460526	0.564516	28
Madawaska|unit01	Madawaska	P0_seed7	1	Machias|unit01	Machias	PB50_near3	1	cross_group	0.582222	0.693122	36	0.554140	0.696000	32
Madawaska|unit01	Madawaska	P0_seed7	1	Machias|unit02	Machias	PB50_near3	2	cross_group	0.530973	0.606061	28	0.487342	0.574627	24
Madawaska|unit01	Madawaska	P0_seed7	1	Machias|unit03	Machias	PB50_near3	3	cross_group	0.509009	0.604278	35	0.470968	0.598361	33
Madawaska|unit01	Madawaska	P0_seed7	1	PB50|unit01	PB50	PB50_near3	1	cross_group	0.582222	0.693122	36	0.554140	0.696000	32
Madawaska|unit01	Madawaska	P0_seed7	1	PB50|unit02	PB50	PB50_near3	2	cross_group	0.537445	0.619289	30	0.506250	0.613636	28
Madawaska|unit01	Madawaska	P0_seed7	1	PB50|unit03	PB50	PB50_near3	3	cross_group	0.509009	0.604278	35	0.470968	0.598361	33
Madawaska|unit02	Madawaska	P0_seed7	2	LY01|unit01	LY01	P0_seed7	1	within_group	0.546729	0.603093	20	0.493243	0.570312	20
Madawaska|unit02	Madawaska	P0_seed7	2	LY01|unit02	LY01	P0_seed7	2	within_group	0.897959	0.907216	2	0.869231	0.882812	2
Madawaska|unit02	Madawaska	P0_seed7	2	LY01|unit03	LY01	P0_seed7	3	within_group	0.596330	0.677083	26	0.500000	0.603175	26
Madawaska|unit02	Madawaska	P0_seed7	2	LY01|unit04	LY01	P0_seed7	4	within_group	0.595000	0.687861	27	0.466165	0.574074	25
Madawaska|unit02	Madawaska	P0_seed7	2	S6|unit01	S6	P0_seed7	1	within_group	0.558140	0.625000	23	0.496644	0.587302	23
Madawaska|unit02	Madawaska	P0_seed7	2	S6|unit02	S6	P0_seed7	2	within_group	0.959184	0.959184	0	0.946154	0.946154	0
Madawaska|unit02	Madawaska	P0_seed7	2	S6|unit03	S6	P0_seed7	3	within_group	0.613208	0.670103	18	0.506849	0.578125	18
Madawaska|unit02	Madawaska	P0_seed7	2	S6|unit04	S6	P0_seed7	4	within_group	0.597990	0.700000	29	0.484848	0.609524	27
Madawaska|unit02	Madawaska	P0_seed7	2	S6|unit05	S6	P0_seed7	5	within_group	0.512500	0.634021	46	0.471264	0.640625	46
Madawaska|unit02	Madawaska	P0_seed7	2	PALS_2|unit01	PALS_2	P0_seed7	1	within_group	0.558140	0.625000	23	0.496644	0.587302	23
Madawaska|unit02	Madawaska	P0_seed7	2	PALS_2|unit02	PALS_2	P0_seed7	2	within_group	0.948980	0.948980	0	0.930769	0.930769	0
Madawaska|unit02	Madawaska	P0_seed7	2	PALS_2|unit03	PALS_2	P0_seed7	3	within_group	0.619718	0.680412	19	0.517007	0.593750	19
Madawaska|unit02	Madawaska	P0_seed7	2	PALS_2|unit04	PALS_2	P0_seed7	4	within_group	0.597990	0.700000	29	0.484848	0.609524	27
Madawaska|unit02	Madawaska	P0_seed7	2	PALS_2|unit05	PALS_2	P0_seed7	5	within_group	0.512500	0.634021	46	0.471264	0.640625	46
Madawaska|unit02	Madawaska	P0_seed7	2	UFV_DC4|unit01	UFV_DC4	P0_seed7	1	within_group	0.565421	0.630208	22	0.527027	0.619048	22
Madawaska|unit02	Madawaska	P0_seed7	2	UFV_DC4|unit02	UFV_DC4	P0_seed7	2	within_group	0.944162	0.948980	1	0.946565	0.953846	1
Madawaska|unit02	Madawaska	P0_seed7	2	UFV_DC4|unit03	UFV_DC4	P0_seed7	3	within_group	0.598131	0.659794	20	0.500000	0.578125	20
Madawaska|unit02	Madawaska	P0_seed7	2	UFV_DC4|unit04	UFV_DC4	P0_seed7	4	within_group	0.592965	0.694118	29	0.484848	0.609524	27
Madawaska|unit02	Madawaska	P0_seed7	2	UFV_DC4|unit05	UFV_DC4	P0_seed7	5	within_group	0.526971	0.654639	47	0.485714	0.664062	47
Madawaska|unit02	Madawaska	P0_seed7	2	AH12|unit01	AH12	PB50_near3	1	cross_group	0.530516	0.610811	28	0.462069	0.553719	24
Madawaska|unit02	Madawaska	P0_seed7	2	AH12|unit02	AH12	PB50_near3	2	cross_group	0.616438	0.721925	32	0.580000	0.701613	26
Madawaska|unit02	Madawaska	P0_seed7	2	AH12|unit03	AH12	PB50_near3	3	cross_group	0.564593	0.648352	27	0.500000	0.570248	17
Madawaska|unit02	Madawaska	P0_seed7	2	Machias|unit01	Machias	PB50_near3	1	cross_group	0.544186	0.642857	33	0.468966	0.566667	25
Madawaska|unit02	Madawaska	P0_seed7	2	Machias|unit02	Machias	PB50_near3	2	cross_group	0.623853	0.719577	29	0.586667	0.704000	25
Madawaska|unit02	Madawaska	P0_seed7	2	Machias|unit03	Machias	PB50_near3	3	cross_group	0.574163	0.655738	26	0.496454	0.588235	22
Madawaska|unit02	Madawaska	P0_seed7	2	PB50|unit01	PB50	PB50_near3	1	cross_group	0.544186	0.642857	33	0.468966	0.566667	25
Madawaska|unit02	Madawaska	P0_seed7	2	PB50|unit02	PB50	PB50_near3	2	cross_group	0.617512	0.705263	27	0.577181	0.682540	23
Madawaska|unit02	Madawaska	P0_seed7	2	PB50|unit03	PB50	PB50_near3	3	cross_group	0.574163	0.655738	26	0.496454	0.588235	22
Madawaska|unit03	Madawaska	P0_seed7	3	LY01|unit01	LY01	P0_seed7	1	within_group	0.542222	0.613065	26	0.474359	0.544118	20
Madawaska|unit03	Madawaska	P0_seed7	3	LY01|unit02	LY01	P0_seed7	2	within_group	0.598131	0.666667	22	0.500000	0.587302	22
Madawaska|unit03	Madawaska	P0_seed7	3	LY01|unit03	LY01	P0_seed7	3	within_group	0.810185	0.833333	6	0.760000	0.791667	6
Madawaska|unit03	Madawaska	P0_seed7	3	LY01|unit04	LY01	P0_seed7	4	within_group	0.615023	0.744318	37	0.500000	0.657658	35
Madawaska|unit03	Madawaska	P0_seed7	3	S6|unit01	S6	P0_seed7	1	within_group	0.547085	0.610000	23	0.483871	0.551471	19
Madawaska|unit03	Madawaska	P0_seed7	3	S6|unit02	S6	P0_seed7	2	within_group	0.623256	0.694301	22	0.530201	0.622047	22
Madawaska|unit03	Madawaska	P0_seed7	3	S6|unit03	S6	P0_seed7	3	within_group	0.933962	0.942857	2	0.910959	0.923611	2
Madawaska|unit03	Madawaska	P0_seed7	3	S6|unit04	S6	P0_seed7	4	within_group	0.598131	0.748538	43	0.452055	0.616822	39
Madawaska|unit03	Madawaska	P0_seed7	3	S6|unit05	S6	P0_seed7	5	within_group	0.526971	0.607656	32	0.463277	0.581560	36
Madawaska|unit03	Madawaska	P0_seed7	3	PALS_2|unit01	PALS_2	P0_seed7	1	within_group	0.547085	0.610000	23	0.483871	0.551471	19
Madawaska|unit03	Madawaska	P0_seed7	3	PALS_2|unit02	PALS_2	P0_seed7	2	within_group	0.607477	0.670103	20	0.506757	0.585938	20
Madawaska|unit03	Madawaska	P0_seed7	3	PALS_2|unit03	PALS_2	P0_seed7	3	within_group	0.905660	0.909953	1	0.869863	0.875862	1
Madawaska|unit03	Madawaska	P0_seed7	3	PALS_2|unit04	PALS_2	P0_seed7	4	within_group	0.602804	0.754386	43	0.458904	0.626168	39
Madawaska|unit03	Madawaska	P0_seed7	3	PALS_2|unit05	PALS_2	P0_seed7	5	within_group	0.522822	0.602871	32	0.468927	0.588652	36
Madawaska|unit03	Madawaska	P0_seed7	3	UFV_DC4|unit01	UFV_DC4	P0_seed7	1	within_group	0.542601	0.608040	24	0.467949	0.544776	22
Madawaska|unit03	Madawaska	P0_seed7	3	UFV_DC4|unit02	UFV_DC4	P0_seed7	2	within_group	0.612150	0.671795	19	0.520270	0.596899	19
Madawaska|unit03	Madawaska	P0_seed7	3	UFV_DC4|unit03	UFV_DC4	P0_seed7	3	within_group	0.915888	0.933333	4	0.885135	0.909722	4
Madawaska|unit03	Madawaska	P0_seed7	3	UFV_DC4|unit04	UFV_DC4	P0_seed7	4	within_group	0.590698	0.747059	45	0.459459	0.647619	43
Madawaska|unit03	Madawaska	P0_seed7	3	UFV_DC4|unit05	UFV_DC4	P0_seed7	5	within_group	0.526316	0.637255	43	0.466292	0.588652	37
Madawaska|unit03	Madawaska	P0_seed7	3	AH12|unit01	AH12	PB50_near3	1	cross_group	0.517857	0.610526	34	0.450331	0.519084	20
Madawaska|unit03	Madawaska	P0_seed7	3	AH12|unit02	AH12	PB50_near3	2	cross_group	0.562500	0.636364	26	0.518987	0.621212	26
Madawaska|unit03	Madawaska	P0_seed7	3	AH12|unit03	AH12	PB50_near3	3	cross_group	0.618834	0.750000	39	0.582781	0.709677	27
Madawaska|unit03	Madawaska	P0_seed7	3	Machias|unit01	Machias	PB50_near3	1	cross_group	0.511211	0.600000	33	0.460000	0.526718	19
Madawaska|unit03	Madawaska	P0_seed7	3	Machias|unit02	Machias	PB50_near3	2	cross_group	0.565022	0.630000	23	0.528662	0.619403	23
Madawaska|unit03	Madawaska	P0_seed7	3	Machias|unit03	Machias	PB50_near3	3	cross_group	0.608108	0.725806	36	0.549669	0.664000	26
Madawaska|unit03	Madawaska	P0_seed7	3	PB50|unit01	PB50	PB50_near3	1	cross_group	0.511211	0.600000	33	0.460000	0.526718	19
Madawaska|unit03	Madawaska	P0_seed7	3	PB50|unit02	PB50	PB50_near3	2	cross_group	0.565022	0.630000	23	0.528662	0.619403	23
Madawaska|unit03	Madawaska	P0_seed7	3	PB50|unit03	PB50	PB50_near3	3	cross_group	0.608108	0.725806	36	0.549669	0.664000	26
Madawaska|unit04	Madawaska	P0_seed7	4	LY01|unit01	LY01	P0_seed7	1	within_group	0.535211	0.670588	43	0.462585	0.653846	43
Madawaska|unit04	Madawaska	P0_seed7	4	LY01|unit02	LY01	P0_seed7	2	within_group	0.563452	0.660714	29	0.460938	0.561905	23
Madawaska|unit04	Madawaska	P0_seed7	4	LY01|unit03	LY01	P0_seed7	3	within_group	0.578704	0.739645	47	0.445946	0.628571	43
Madawaska|unit04	Madawaska	P0_seed7	4	LY01|unit04	LY01	P0_seed7	4	within_group	0.831461	0.870588	8	0.794643	0.855769	8
Madawaska|unit04	Madawaska	P0_seed7	4	S6|unit01	S6	P0_seed7	1	within_group	0.546729	0.696429	46	0.452703	0.656863	46
Madawaska|unit04	Madawaska	P0_seed7	4	S6|unit02	S6	P0_seed7	2	within_group	0.575758	0.674556	29	0.465649	0.586538	27
Madawaska|unit04	Madawaska	P0_seed7	4	S6|unit03	S6	P0_seed7	3	within_group	0.613208	0.769231	43	0.448276	0.625000	41
Madawaska|unit04	Madawaska	P0_seed7	4	S6|unit04	S6	P0_seed7	4	within_group	0.930636	0.941520	2	0.943925	0.961905	2
Madawaska|unit04	Madawaska	P0_seed7	4	S6|unit05	S6	P0_seed7	5	within_group	0.478992	0.666667	67	0.366279	0.600000	67
Madawaska|unit04	Madawaska	P0_seed7	4	PALS_2|unit01	PALS_2	P0_seed7	1	within_group	0.546729	0.696429	46	0.452703	0.656863	46
Madawaska|unit04	Madawaska	P0_seed7	4	PALS_2|unit02	PALS_2	P0_seed7	2	within_group	0.565657	0.662722	29	0.450382	0.567308	27
Madawaska|unit04	Madawaska	P0_seed7	4	PALS_2|unit03	PALS_2	P0_seed7	3	within_group	0.603774	0.752941	42	0.441379	0.609524	40
Madawaska|unit04	Madawaska	P0_seed7	4	PALS_2|unit04	PALS_2	P0_seed7	4	within_group	0.924855	0.935673	2	0.934579	0.952381	2
Madawaska|unit04	Madawaska	P0_seed7	4	PALS_2|unit05	PALS_2	P0_seed7	5	within_group	0.478992	0.666667	67	0.360465	0.590476	67
Madawaska|unit04	Madawaska	P0_seed7	4	UFV_DC4|unit01	UFV_DC4	P0_seed7	1	within_group	0.549296	0.696429	45	0.448980	0.647059	45
Madawaska|unit04	Madawaska	P0_seed7	4	UFV_DC4|unit02	UFV_DC4	P0_seed7	2	within_group	0.567839	0.668639	30	0.458647	0.592233	30
Madawaska|unit04	Madawaska	P0_seed7	4	UFV_DC4|unit03	UFV_DC4	P0_seed7	3	within_group	0.615023	0.770588	43	0.445205	0.619048	41
Madawaska|unit04	Madawaska	P0_seed7	4	UFV_DC4|unit04	UFV_DC4	P0_seed7	4	within_group	0.885057	0.905882	4	0.888889	0.923077	4
Madawaska|unit04	Madawaska	P0_seed7	4	UFV_DC4|unit05	UFV_DC4	P0_seed7	5	within_group	0.476987	0.666667	68	0.358382	0.590476	68
Madawaska|unit04	Madawaska	P0_seed7	4	AH12|unit01	AH12	PB50_near3	1	cross_group	0.546341	0.666667	37	0.459854	0.605769	33
Madawaska|unit04	Madawaska	P0_seed7	4	AH12|unit02	AH12	PB50_near3	2	cross_group	0.528302	0.662722	43	0.451389	0.619048	39
Madawaska|unit04	Madawaska	P0_seed7	4	AH12|unit03	AH12	PB50_near3	3	cross_group	0.583333	0.734568	42	0.507353	0.704082	38
Madawaska|unit04	Madawaska	P0_seed7	4	Machias|unit01	Machias	PB50_near3	1	cross_group	0.544118	0.660714	36	0.448529	0.586538	32
Madawaska|unit04	Madawaska	P0_seed7	4	Machias|unit02	Machias	PB50_near3	2	cross_group	0.542056	0.690476	46	0.468966	0.647619	40
Madawaska|unit04	Madawaska	P0_seed7	4	Machias|unit03	Machias	PB50_near3	3	cross_group	0.588235	0.736196	41	0.503704	0.680000	35
Madawaska|unit04	Madawaska	P0_seed7	4	PB50|unit01	PB50	PB50_near3	1	cross_group	0.544118	0.660714	36	0.448529	0.586538	32
Madawaska|unit04	Madawaska	P0_seed7	4	PB50|unit02	PB50	PB50_near3	2	cross_group	0.525822	0.662722	44	0.455172	0.628571	40
Madawaska|unit04	Madawaska	P0_seed7	4	PB50|unit03	PB50	PB50_near3	3	cross_group	0.588235	0.736196	41	0.503704	0.680000	35
LY01|unit01	LY01	P0_seed7	1	S6|unit01	S6	P0_seed7	1	within_group	0.896714	0.909524	3	0.884354	0.902778	3
LY01|unit01	LY01	P0_seed7	1	S6|unit02	S6	P0_seed7	2	within_group	0.546296	0.614583	24	0.493333	0.587302	24
LY01|unit01	LY01	P0_seed7	1	S6|unit03	S6	P0_seed7	3	within_group	0.538462	0.592040	20	0.483871	0.555556	20
LY01|unit01	LY01	P0_seed7	1	S6|unit04	S6	P0_seed7	4	within_group	0.545872	0.712575	51	0.453333	0.660194	47
LY01|unit01	LY01	P0_seed7	1	S6|unit05	S6	P0_seed7	5	within_group	0.524390	0.632353	42	0.466292	0.592857	38
LY01|unit01	LY01	P0_seed7	1	PALS_2|unit01	PALS_2	P0_seed7	1	within_group	0.896714	0.909524	3	0.884354	0.902778	3
LY01|unit01	LY01	P0_seed7	1	PALS_2|unit02	PALS_2	P0_seed7	2	within_group	0.532407	0.598958	24	0.456376	0.535433	22
LY01|unit01	LY01	P0_seed7	1	PALS_2|unit03	PALS_2	P0_seed7	3	within_group	0.551111	0.626263	27	0.487342	0.578947	25
LY01|unit01	LY01	P0_seed7	1	PALS_2|unit04	PALS_2	P0_seed7	4	within_group	0.545872	0.712575	51	0.453333	0.660194	47
LY01|unit01	LY01	P0_seed7	1	PALS_2|unit05	PALS_2	P0_seed7	5	within_group	0.510204	0.609756	40	0.466292	0.592857	38
LY01|unit01	LY01	P0_seed7	1	UFV_DC4|unit01	UFV_DC4	P0_seed7	1	within_group	0.882629	0.899522	4	0.884354	0.909091	4
LY01|unit01	LY01	P0_seed7	1	UFV_DC4|unit02	UFV_DC4	P0_seed7	2	within_group	0.548837	0.608247	21	0.496644	0.578125	21
LY01|unit01	LY01	P0_seed7	1	UFV_DC4|unit03	UFV_DC4	P0_seed7	3	within_group	0.553097	0.631313	28	0.506250	0.613636	28
LY01|unit01	LY01	P0_seed7	1	UFV_DC4|unit04	UFV_DC4	P0_seed7	4	within_group	0.536697	0.700599	51	0.448980	0.622642	41
LY01|unit01	LY01	P0_seed7	1	UFV_DC4|unit05	UFV_DC4	P0_seed7	5	within_group	0.509960	0.640000	51	0.450549	0.598540	45
LY01|unit01	LY01	P0_seed7	1	AH12|unit01	AH12	PB50_near3	1	cross_group	0.589041	0.661538	24	0.567568	0.626866	14
LY01|unit01	LY01	P0_seed7	1	AH12|unit02	AH12	PB50_near3	2	cross_group	0.546256	0.635897	32	0.506329	0.606061	26
LY01|unit01	LY01	P0_seed7	1	AH12|unit03	AH12	PB50_near3	3	cross_group	0.532110	0.613757	29	0.493333	0.592000	25
LY01|unit01	LY01	P0_seed7	1	Machias|unit01	Machias	PB50_near3	1	cross_group	0.582569	0.651282	23	0.551020	0.604478	13
LY01|unit01	LY01	P0_seed7	1	Machias|unit02	Machias	PB50_near3	2	cross_group	0.562771	0.677083	39	0.530864	0.666667	33
LY01|unit01	LY01	P0_seed7	1	Machias|unit03	Machias	PB50_near3	3	cross_group	0.534247	0.619048	30	0.490446	0.647059	38
LY01|unit01	LY01	P0_seed7	1	PB50|unit01	PB50	PB50_near3	1	cross_group	0.582569	0.651282	23	0.551020	0.604478	13
LY01|unit01	LY01	P0_seed7	1	PB50|unit02	PB50	PB50_near3	2	cross_group	0.550218	0.649485	35	0.512500	0.625954	29
LY01|unit01	LY01	P0_seed7	1	PB50|unit03	PB50	PB50_near3	3	cross_group	0.534247	0.619048	30	0.490446	0.647059	38
LY01|unit02	LY01	P0_seed7	2	S6|unit01	S6	P0_seed7	1	within_group	0.542056	0.607330	23	0.475862	0.539062	17
LY01|unit02	LY01	P0_seed7	2	S6|unit02	S6	P0_seed7	2	within_group	0.862245	0.871134	2	0.823077	0.835938	2
LY01|unit02	LY01	P0_seed7	2	S6|unit03	S6	P0_seed7	3	within_group	0.617512	0.716578	30	0.513333	0.631148	28
LY01|unit02	LY01	P0_seed7	2	S6|unit04	S6	P0_seed7	4	within_group	0.580808	0.680473	29	0.445312	0.532710	21
LY01|unit02	LY01	P0_seed7	2	S6|unit05	S6	P0_seed7	5	within_group	0.516807	0.634021	44	0.500000	0.671875	44
LY01|unit02	LY01	P0_seed7	2	PALS_2|unit01	PALS_2	P0_seed7	1	within_group	0.542056	0.607330	23	0.475862	0.539062	17
LY01|unit02	LY01	P0_seed7	2	PALS_2|unit02	PALS_2	P0_seed7	2	within_group	0.862245	0.871134	2	0.823077	0.835938	2
LY01|unit02	LY01	P0_seed7	2	PALS_2|unit03	PALS_2	P0_seed7	3	within_group	0.596330	0.695187	31	0.500000	0.628099	31
LY01|unit02	LY01	P0_seed7	2	PALS_2|unit04	PALS_2	P0_seed7	4	within_group	0.580000	0.694611	33	0.457364	0.556604	23
LY01|unit02	LY01	P0_seed7	2	PALS_2|unit05	PALS_2	P0_seed7	5	within_group	0.516807	0.634021	44	0.500000	0.671875	44
LY01|unit02	LY01	P0_seed7	2	UFV_DC4|unit01	UFV_DC4	P0_seed7	1	within_group	0.545024	0.595855	18	0.500000	0.562500	16
LY01|unit02	LY01	P0_seed7	2	UFV_DC4|unit02	UFV_DC4	P0_seed7	2	within_group	0.862944	0.876289	3	0.839695	0.859375	3
LY01|unit02	LY01	P0_seed7	2	UFV_DC4|unit03	UFV_DC4	P0_seed7	3	within_group	0.601852	0.684211	26	0.500000	0.587302	22
LY01|unit02	LY01	P0_seed7	2	UFV_DC4|unit04	UFV_DC4	P0_seed7	4	within_group	0.598039	0.748466	41	0.476923	0.590476	25
LY01|unit02	LY01	P0_seed7	2	UFV_DC4|unit05	UFV_DC4	P0_seed7	5	within_group	0.510460	0.628866	45	0.479769	0.648438	45
LY01|unit02	LY01	P0_seed7	2	AH12|unit01	AH12	PB50_near3	1	cross_group	0.545024	0.621622	26	0.486111	0.583333	24
LY01|unit02	LY01	P0_seed7	2	AH12|unit02	AH12	PB50_near3	2	cross_group	0.592593	0.680851	28	0.544218	0.640000	22
LY01|unit02	LY01	P0_seed7	2	AH12|unit03	AH12	PB50_near3	3	cross_group	0.564593	0.655556	29	0.482270	0.586207	25
LY01|unit02	LY01	P0_seed7	2	Machias|unit01	Machias	PB50_near3	1	cross_group	0.549296	0.642857	31	0.479452	0.598291	29
LY01|unit02	LY01	P0_seed7	2	Machias|unit02	Machias	PB50_near3	2	cross_group	0.600000	0.713514	35	0.559211	0.702479	31
LY01|unit02	LY01	P0_seed7	2	Machias|unit03	Machias	PB50_near3	3	cross_group	0.578947	0.668508	28	0.496454	0.598291	24
LY01|unit02	LY01	P0_seed7	2	PB50|unit01	PB50	PB50_near3	1	cross_group	0.549296	0.642857	31	0.479452	0.598291	29
LY01|unit02	LY01	P0_seed7	2	PB50|unit02	PB50	PB50_near3	2	cross_group	0.583333	0.666667	27	0.533784	0.632000	23
LY01|unit02	LY01	P0_seed7	2	PB50|unit03	PB50	PB50_near3	3	cross_group	0.578947	0.668508	28	0.496454	0.598291	24
LY01|unit03	LY01	P0_seed7	3	S6|unit01	S6	P0_seed7	1	within_group	0.546256	0.626263	29	0.487342	0.570370	23
LY01|unit03	LY01	P0_seed7	3	S6|unit02	S6	P0_seed7	2	within_group	0.600000	0.694737	30	0.512987	0.637097	30
LY01|unit03	LY01	P0_seed7	3	S6|unit03	S6	P0_seed7	3	within_group	0.813953	0.837321	6	0.765101	0.797203	6
LY01|unit03	LY01	P0_seed7	3	S6|unit04	S6	P0_seed7	4	within_group	0.585253	0.747059	47	0.452703	0.626168	41
LY01|unit03	LY01	P0_seed7	3	S6|unit05	S6	P0_seed7	5	within_group	0.553719	0.638095	32	0.505682	0.618056	32
LY01|unit03	LY01	P0_seed7	3	PALS_2|unit01	PALS_2	P0_seed7	1	within_group	0.546256	0.626263	29	0.487342	0.570370	23
LY01|unit03	LY01	P0_seed7	3	PALS_2|unit02	PALS_2	P0_seed7	2	within_group	0.589041	0.675393	28	0.496732	0.608000	28
LY01|unit03	LY01	P0_seed7	3	PALS_2|unit03	PALS_2	P0_seed7	3	within_group	0.813953	0.833333	5	0.765101	0.791667	5
LY01|unit03	LY01	P0_seed7	3	PALS_2|unit04	PALS_2	P0_seed7	4	within_group	0.589862	0.752941	47	0.466216	0.644860	41
LY01|unit03	LY01	P0_seed7	3	PALS_2|unit05	PALS_2	P0_seed7	5	within_group	0.551440	0.641148	34	0.502825	0.622378	34
LY01|unit03	LY01	P0_seed7	3	UFV_DC4|unit01	UFV_DC4	P0_seed7	1	within_group	0.539130	0.639175	36	0.481013	0.567164	24
LY01|unit03	LY01	P0_seed7	3	UFV_DC4|unit02	UFV_DC4	P0_seed7	2	within_group	0.584475	0.666667	27	0.496732	0.603175	27
LY01|unit03	LY01	P0_seed7	3	UFV_DC4|unit03	UFV_DC4	P0_seed7	3	within_group	0.810185	0.833333	6	0.760000	0.791667	6
LY01|unit03	LY01	P0_seed7	3	UFV_DC4|unit04	UFV_DC4	P0_seed7	4	within_group	0.560185	0.707602	45	0.436242	0.613208	43
LY01|unit03	LY01	P0_seed7	3	UFV_DC4|unit05	UFV_DC4	P0_seed7	5	within_group	0.567347	0.668269	37	0.513966	0.647887	37
LY01|unit03	LY01	P0_seed7	3	AH12|unit01	AH12	PB50_near3	1	cross_group	0.556054	0.642487	30	0.509677	0.612403	26
LY01|unit03	LY01	P0_seed7	3	AH12|unit02	AH12	PB50_near3	2	cross_group	0.544643	0.610000	24	0.522876	0.575540	14
LY01|unit03	LY01	P0_seed7	3	AH12|unit03	AH12	PB50_near3	3	cross_group	0.570776	0.657895	29	0.483444	0.579365	25
LY01|unit03	LY01	P0_seed7	3	Machias|unit01	Machias	PB50_near3	1	cross_group	0.558036	0.654450	33	0.516129	0.625000	27
LY01|unit03	LY01	P0_seed7	3	Machias|unit02	Machias	PB50_near3	2	cross_group	0.574561	0.664975	31	0.535484	0.601449	17
LY01|unit03	LY01	P0_seed7	3	Machias|unit03	Machias	PB50_near3	3	cross_group	0.552511	0.633508	28	0.483660	0.592000	28
LY01|unit03	LY01	P0_seed7	3	PB50|unit01	PB50	PB50_near3	1	cross_group	0.558036	0.654450	33	0.516129	0.625000	27
LY01|unit03	LY01	P0_seed7	3	PB50|unit02	PB50	PB50_near3	2	cross_group	0.565789	0.654822	31	0.548387	0.615942	17
LY01|unit03	LY01	P0_seed7	3	PB50|unit03	PB50	PB50_near3	3	cross_group	0.552511	0.633508	28	0.483660	0.592000	28
LY01|unit04	LY01	P0_seed7	4	S6|unit01	S6	P0_seed7	1	within_group	0.556075	0.683908	40	0.472603	0.627273	36
LY01|unit04	LY01	P0_seed7	4	S6|unit02	S6	P0_seed7	2	within_group	0.605000	0.699422	27	0.469231	0.549550	19
LY01|unit04	LY01	P0_seed7	4	S6|unit03	S6	P0_seed7	3	within_group	0.611374	0.732955	35	0.486111	0.630631	33
LY01|unit04	LY01	P0_seed7	4	S6|unit04	S6	P0_seed7	4	within_group	0.848315	0.877907	6	0.785714	0.830189	6
LY01|unit04	LY01	P0_seed7	4	S6|unit05	S6	P0_seed7	5	within_group	0.493724	0.670455	63	0.381503	0.600000	63
LY01|unit04	LY01	P0_seed7	4	PALS_2|unit01	PALS_2	P0_seed7	1	within_group	0.556075	0.683908	40	0.472603	0.627273	36
LY01|unit04	LY01	P0_seed7	4	PALS_2|unit02	PALS_2	P0_seed7	2	within_group	0.605000	0.699422	27	0.461538	0.540541	19
LY01|unit04	LY01	P0_seed7	4	PALS_2|unit03	PALS_2	P0_seed7	3	within_group	0.599057	0.721591	36	0.475862	0.621622	34
LY01|unit04	LY01	P0_seed7	4	PALS_2|unit04	PALS_2	P0_seed7	4	within_group	0.853933	0.883721	6	0.794643	0.839623	6
LY01|unit04	LY01	P0_seed7	4	PALS_2|unit05	PALS_2	P0_seed7	5	within_group	0.493724	0.670455	63	0.381503	0.600000	63
LY01|unit04	LY01	P0_seed7	4	UFV_DC4|unit01	UFV_DC4	P0_seed7	1	within_group	0.548837	0.686047	43	0.482759	0.636364	35
LY01|unit04	LY01	P0_seed7	4	UFV_DC4|unit02	UFV_DC4	P0_seed7	2	within_group	0.561576	0.666667	32	0.465649	0.549550	20
LY01|unit04	LY01	P0_seed7	4	UFV_DC4|unit03	UFV_DC4	P0_seed7	3	within_group	0.600939	0.727273	37	0.452055	0.594595	35
LY01|unit04	LY01	P0_seed7	4	UFV_DC4|unit04	UFV_DC4	P0_seed7	4	within_group	0.837079	0.866279	6	0.785714	0.830189	6
LY01|unit04	LY01	P0_seed7	4	UFV_DC4|unit05	UFV_DC4	P0_seed7	5	within_group	0.504167	0.687500	64	0.379310	0.600000	64
LY01|unit04	LY01	P0_seed7	4	AH12|unit01	AH12	PB50_near3	1	cross_group	0.567961	0.676301	33	0.467153	0.581818	27
LY01|unit04	LY01	P0_seed7	4	AH12|unit02	AH12	PB50_near3	2	cross_group	0.523585	0.634286	37	0.466216	0.644860	41
LY01|unit04	LY01	P0_seed7	4	AH12|unit03	AH12	PB50_near3	3	cross_group	0.615764	0.739645	34	0.518797	0.644860	26
LY01|unit04	LY01	P0_seed7	4	Machias|unit01	Machias	PB50_near3	1	cross_group	0.570732	0.676301	32	0.474820	0.616822	32
LY01|unit04	LY01	P0_seed7	4	Machias|unit02	Machias	PB50_near3	2	cross_group	0.539535	0.670520	42	0.460526	0.673077	48
LY01|unit04	LY01	P0_seed7	4	Machias|unit03	Machias	PB50_near3	3	cross_group	0.615764	0.735294	33	0.503759	0.620370	25
LY01|unit04	LY01	P0_seed7	4	PB50|unit01	PB50	PB50_near3	1	cross_group	0.570732	0.676301	32	0.474820	0.616822	32
LY01|unit04	LY01	P0_seed7	4	PB50|unit02	PB50	PB50_near3	2	cross_group	0.528037	0.649425	40	0.448276	0.585586	34
LY01|unit04	LY01	P0_seed7	4	PB50|unit03	PB50	PB50_near3	3	cross_group	0.615764	0.735294	33	0.503759	0.620370	25
S6|unit01	S6	P0_seed7	1	PALS_2|unit01	PALS_2	P0_seed7	1	within_group	1.000000	1.000000	0	1.000000	1.000000	0
S6|unit01	S6	P0_seed7	1	PALS_2|unit02	PALS_2	P0_seed7	2	within_group	0.562212	0.642105	27	0.503311	0.612903	27
S6|unit01	S6	P0_seed7	1	PALS_2|unit03	PALS_2	P0_seed7	3	within_group	0.533937	0.587065	20	0.506494	0.573529	18
S6|unit01	S6	P0_seed7	1	PALS_2|unit04	PALS_2	P0_seed7	4	within_group	0.537037	0.690476	48	0.449664	0.650485	46
S6|unit01	S6	P0_seed7	1	PALS_2|unit05	PALS_2	P0_seed7	5	within_group	0.497959	0.598039	41	0.452514	0.586957	41
S6|unit01	S6	P0_seed7	1	UFV_DC4|unit01	UFV_DC4	P0_seed7	1	within_group	0.957346	0.961905	1	0.951724	0.958333	1
S6|unit01	S6	P0_seed7	1	UFV_DC4|unit02	UFV_DC4	P0_seed7	2	within_group	0.562791	0.626943	22	0.516779	0.606299	22
S6|unit01	S6	P0_seed7	1	UFV_DC4|unit03	UFV_DC4	P0_seed7	3	within_group	0.558952	0.659794	35	0.487179	0.562963	21
S6|unit01	S6	P0_seed7	1	UFV_DC4|unit04	UFV_DC4	P0_seed7	4	within_group	0.550926	0.708333	48	0.468966	0.635514	38
S6|unit01	S6	P0_seed7	1	UFV_DC4|unit05	UFV_DC4	P0_seed7	5	within_group	0.517928	0.653266	52	0.455056	0.578571	38
S6|unit01	S6	P0_seed7	1	AH12|unit01	AH12	PB50_near3	1	cross_group	0.581081	0.675393	31	0.557047	0.628788	17
S6|unit01	S6	P0_seed7	1	AH12|unit02	AH12	PB50_near3	2	cross_group	0.552632	0.652850	35	0.522013	0.638462	29
S6|unit01	S6	P0_seed7	1	AH12|unit03	AH12	PB50_near3	3	cross_group	0.506912	0.582011	28	0.453333	0.548387	26
S6|unit01	S6	P0_seed7	1	Machias|unit01	Machias	PB50_near3	1	cross_group	0.568889	0.684492	38	0.536913	0.610687	18
S6|unit01	S6	P0_seed7	1	Machias|unit02	Machias	PB50_near3	2	cross_group	0.529148	0.592965	24	0.496815	0.586466	24
S6|unit01	S6	P0_seed7	1	Machias|unit03	Machias	PB50_near3	3	cross_group	0.520179	0.630435	39	0.480769	0.630252	37
S6|unit01	S6	P0_seed7	1	PB50|unit01	PB50	PB50_near3	1	cross_group	0.568889	0.684492	38	0.536913	0.610687	18
S6|unit01	S6	P0_seed7	1	PB50|unit02	PB50	PB50_near3	2	cross_group	0.530172	0.647368	42	0.484076	0.571429	24
S6|unit01	S6	P0_seed7	1	PB50|unit03	PB50	PB50_near3	3	cross_group	0.520179	0.630435	39	0.480769	0.630252	37
S6|unit02	S6	P0_seed7	2	PALS_2|unit01	PALS_2	P0_seed7	1	within_group	0.558140	0.625000	23	0.496644	0.587302	23
S6|unit02	S6	P0_seed7	2	PALS_2|unit02	PALS_2	P0_seed7	2	within_group	0.974490	0.974490	0	0.961538	0.961538	0
S6|unit02	S6	P0_seed7	2	PALS_2|unit03	PALS_2	P0_seed7	3	within_group	0.605634	0.664948	19	0.503401	0.578125	19
S6|unit02	S6	P0_seed7	2	PALS_2|unit04	PALS_2	P0_seed7	4	within_group	0.597990	0.700000	29	0.492424	0.619048	27
S6|unit02	S6	P0_seed7	2	PALS_2|unit05	PALS_2	P0_seed7	5	within_group	0.508403	0.617347	42	0.465116	0.615385	42
S6|unit02	S6	P0_seed7	2	UFV_DC4|unit01	UFV_DC4	P0_seed7	1	within_group	0.565421	0.630208	22	0.527027	0.619048	22
S6|unit02	S6	P0_seed7	2	UFV_DC4|unit02	UFV_DC4	P0_seed7	2	within_group	0.934010	0.938776	1	0.923664	0.930769	1
S6|unit02	S6	P0_seed7	2	UFV_DC4|unit03	UFV_DC4	P0_seed7	3	within_group	0.593458	0.654639	20	0.500000	0.578125	20
S6|unit02	S6	P0_seed7	2	UFV_DC4|unit04	UFV_DC4	P0_seed7	4	within_group	0.603015	0.705882	29	0.507576	0.638095	27
S6|unit02	S6	P0_seed7	2	UFV_DC4|unit05	UFV_DC4	P0_seed7	5	within_group	0.510460	0.622449	43	0.462428	0.615385	43
S6|unit02	S6	P0_seed7	2	AH12|unit01	AH12	PB50_near3	1	cross_group	0.534884	0.628415	32	0.471831	0.540323	18
S6|unit02	S6	P0_seed7	2	AH12|unit02	AH12	PB50_near3	2	cross_group	0.611872	0.716578	32	0.580000	0.701613	26
S6|unit02	S6	P0_seed7	2	AH12|unit03	AH12	PB50_near3	3	cross_group	0.574074	0.708571	41	0.506849	0.654867	33
S6|unit02	S6	P0_seed7	2	Machias|unit01	Machias	PB50_near3	1	cross_group	0.539171	0.650000	37	0.478873	0.552846	19
S6|unit02	S6	P0_seed7	2	Machias|unit02	Machias	PB50_near3	2	cross_group	0.614679	0.708995	29	0.580000	0.696000	25
S6|unit02	S6	P0_seed7	2	Machias|unit03	Machias	PB50_near3	3	cross_group	0.568075	0.675978	34	0.510490	0.623932	26
S6|unit02	S6	P0_seed7	2	PB50|unit01	PB50	PB50_near3	1	cross_group	0.539171	0.650000	37	0.478873	0.552846	19
S6|unit02	S6	P0_seed7	2	PB50|unit02	PB50	PB50_near3	2	cross_group	0.612903	0.700000	27	0.577181	0.682540	23
S6|unit02	S6	P0_seed7	2	PB50|unit03	PB50	PB50_near3	3	cross_group	0.568075	0.675978	34	0.510490	0.623932	26
S6|unit03	S6	P0_seed7	3	PALS_2|unit01	PALS_2	P0_seed7	1	within_group	0.529412	0.585000	21	0.496732	0.558824	17
S6|unit03	S6	P0_seed7	3	PALS_2|unit02	PALS_2	P0_seed7	2	within_group	0.588785	0.656250	22	0.479730	0.563492	22
S6|unit03	S6	P0_seed7	3	PALS_2|unit03	PALS_2	P0_seed7	3	within_group	0.971564	0.976190	1	0.958621	0.965278	1
S6|unit03	S6	P0_seed7	3	PALS_2|unit04	PALS_2	P0_seed7	4	within_group	0.589623	0.730994	41	0.451389	0.607477	37
S6|unit03	S6	P0_seed7	3	PALS_2|unit05	PALS_2	P0_seed7	5	within_group	0.547718	0.637681	34	0.485714	0.602837	34
S6|unit03	S6	P0_seed7	3	UFV_DC4|unit01	UFV_DC4	P0_seed7	1	within_group	0.542986	0.603015	22	0.477419	0.556391	22
S6|unit03	S6	P0_seed7	3	UFV_DC4|unit02	UFV_DC4	P0_seed7	2	within_group	0.591549	0.649485	19	0.489796	0.562500	19
S6|unit03	S6	P0_seed7	3	UFV_DC4|unit03	UFV_DC4	P0_seed7	3	within_group	0.957547	0.966667	2	0.938356	0.951389	2
S6|unit03	S6	P0_seed7	3	UFV_DC4|unit04	UFV_DC4	P0_seed7	4	within_group	0.582160	0.729412	43	0.465753	0.647619	41
S6|unit03	S6	P0_seed7	3	UFV_DC4|unit05	UFV_DC4	P0_seed7	5	within_group	0.553719	0.647343	35	0.482955	0.602837	35
S6|unit03	S6	P0_seed7	3	AH12|unit01	AH12	PB50_near3	1	cross_group	0.556561	0.643979	30	0.479730	0.537879	16
S6|unit03	S6	P0_seed7	3	AH12|unit02	AH12	PB50_near3	2	cross_group	0.581081	0.651515	24	0.530201	0.568345	10
S6|unit03	S6	P0_seed7	3	AH12|unit03	AH12	PB50_near3	3	cross_group	0.610092	0.711230	31	0.544218	0.634921	21
S6|unit03	S6	P0_seed7	3	Machias|unit01	Machias	PB50_near3	1	cross_group	0.550000	0.633508	29	0.486486	0.549618	17
S6|unit03	S6	P0_seed7	3	Machias|unit02	Machias	PB50_near3	2	cross_group	0.575221	0.666667	31	0.513333	0.553957	11
S6|unit03	S6	P0_seed7	3	Machias|unit03	Machias	PB50_near3	3	cross_group	0.602740	0.705882	32	0.517007	0.598425	20
S6|unit03	S6	P0_seed7	3	PB50|unit01	PB50	PB50_near3	1	cross_group	0.550000	0.633508	29	0.486486	0.549618	17
S6|unit03	S6	P0_seed7	3	PB50|unit02	PB50	PB50_near3	2	cross_group	0.584071	0.676923	31	0.526667	0.568345	11
S6|unit03	S6	P0_seed7	3	PB50|unit03	PB50	PB50_near3	3	cross_group	0.602740	0.705882	32	0.517007	0.598425	20
S6|unit04	S6	P0_seed7	4	PALS_2|unit01	PALS_2	P0_seed7	1	within_group	0.527778	0.678571	48	0.436242	0.631068	46
S6|unit04	S6	P0_seed7	4	PALS_2|unit02	PALS_2	P0_seed7	2	within_group	0.587940	0.688235	29	0.477273	0.600000	27
S6|unit04	S6	P0_seed7	4	PALS_2|unit03	PALS_2	P0_seed7	3	within_group	0.582160	0.725146	42	0.441379	0.598131	38
S6|unit04	S6	P0_seed7	4	PALS_2|unit04	PALS_2	P0_seed7	4	within_group	0.994220	0.994220	0	0.990654	0.990654	0
S6|unit04	S6	P0_seed7	4	PALS_2|unit05	PALS_2	P0_seed7	5	within_group	0.458333	0.643275	69	0.350575	0.580952	69
S6|unit04	S6	P0_seed7	4	UFV_DC4|unit01	UFV_DC4	P0_seed7	1	within_group	0.523364	0.662722	45	0.417808	0.580952	41
S6|unit04	S6	P0_seed7	4	UFV_DC4|unit02	UFV_DC4	P0_seed7	2	within_group	0.574257	0.690476	34	0.466667	0.611650	32
S6|unit04	S6	P0_seed7	4	UFV_DC4|unit03	UFV_DC4	P0_seed7	3	within_group	0.588785	0.736842	43	0.445205	0.607477	39
S6|unit04	S6	P0_seed7	4	UFV_DC4|unit04	UFV_DC4	P0_seed7	4	within_group	0.930636	0.930636	0	0.915888	0.915888	0
S6|unit04	S6	P0_seed7	4	UFV_DC4|unit05	UFV_DC4	P0_seed7	5	within_group	0.468619	0.647399	66	0.344828	0.566038	68
S6|unit04	S6	P0_seed7	4	AH12|unit01	AH12	PB50_near3	1	cross_group	0.533981	0.650888	37	0.456522	0.600000	33
S6|unit04	S6	P0_seed7	4	AH12|unit02	AH12	PB50_near3	2	cross_group	0.525581	0.672619	47	0.458904	0.638095	41
S6|unit04	S6	P0_seed7	4	AH12|unit03	AH12	PB50_near3	3	cross_group	0.602941	0.750000	40	0.500000	0.656863	32
S6|unit04	S6	P0_seed7	4	Machias|unit01	Machias	PB50_near3	1	cross_group	0.531707	0.644970	36	0.470588	0.603774	30
S6|unit04	S6	P0_seed7	4	Machias|unit02	Machias	PB50_near3	2	cross_group	0.544186	0.692308	46	0.462585	0.647619	42
S6|unit04	S6	P0_seed7	4	Machias|unit03	Machias	PB50_near3	3	cross_group	0.612745	0.757576	39	0.507463	0.660194	31
S6|unit04	S6	P0_seed7	4	PB50|unit01	PB50	PB50_near3	1	cross_group	0.531707	0.644970	36	0.470588	0.603774	30
S6|unit04	S6	P0_seed7	4	PB50|unit02	PB50	PB50_near3	2	cross_group	0.539535	0.686391	46	0.455782	0.638095	42
S6|unit04	S6	P0_seed7	4	PB50|unit03	PB50	PB50_near3	3	cross_group	0.612745	0.757576	39	0.507463	0.660194	31
S6|unit05	S6	P0_seed7	5	PALS_2|unit01	PALS_2	P0_seed7	1	within_group	0.520661	0.608696	35	0.462857	0.570423	33
S6|unit05	S6	P0_seed7	5	PALS_2|unit02	PALS_2	P0_seed7	2	within_group	0.508403	0.617347	42	0.465116	0.615385	42
S6|unit05	S6	P0_seed7	5	PALS_2|unit03	PALS_2	P0_seed7	3	within_group	0.561983	0.657005	35	0.505682	0.631206	35
S6|unit05	S6	P0_seed7	5	PALS_2|unit04	PALS_2	P0_seed7	4	within_group	0.489540	0.680233	67	0.375723	0.613208	67
S6|unit05	S6	P0_seed7	5	PALS_2|unit05	PALS_2	P0_seed7	5	within_group	0.995798	0.995798	0	0.994186	0.994186	0
S6|unit05	S6	P0_seed7	5	UFV_DC4|unit01	UFV_DC4	P0_seed7	1	within_group	0.512295	0.612745	40	0.463277	0.589928	38
S6|unit05	S6	P0_seed7	5	UFV_DC4|unit02	UFV_DC4	P0_seed7	2	within_group	0.512605	0.619289	41	0.470930	0.618321	41
S6|unit05	S6	P0_seed7	5	UFV_DC4|unit03	UFV_DC4	P0_seed7	3	within_group	0.557377	0.660194	38	0.482759	0.583333	30
S6|unit05	S6	P0_seed7	5	UFV_DC4|unit04	UFV_DC4	P0_seed7	4	within_group	0.470588	0.647399	65	0.372093	0.598131	65
S6|unit05	S6	P0_seed7	5	UFV_DC4|unit05	UFV_DC4	P0_seed7	5	within_group	0.974895	0.978992	1	0.982659	0.988372	1
S6|unit05	S6	P0_seed7	5	AH12|unit01	AH12	PB50_near3	1	cross_group	0.504167	0.605000	40	0.441860	0.558824	36
S6|unit05	S6	P0_seed7	5	AH12|unit02	AH12	PB50_near3	2	cross_group	0.521912	0.664975	54	0.488506	0.598592	32
S6|unit05	S6	P0_seed7	5	AH12|unit03	AH12	PB50_near3	3	cross_group	0.508264	0.643979	51	0.445087	0.601562	45
S6|unit05	S6	P0_seed7	5	Machias|unit01	Machias	PB50_near3	1	cross_group	0.508333	0.613065	41	0.436047	0.555556	37
S6|unit05	S6	P0_seed7	5	Machias|unit02	Machias	PB50_near3	2	cross_group	0.514286	0.617647	41	0.471264	0.573427	31
S6|unit05	S6	P0_seed7	5	Machias|unit03	Machias	PB50_near3	3	cross_group	0.493827	0.628272	52	0.433526	0.581395	44
S6|unit05	S6	P0_seed7	5	PB50|unit01	PB50	PB50_near3	1	cross_group	0.508333	0.613065	41	0.436047	0.555556	37
S6|unit05	S6	P0_seed7	5	PB50|unit02	PB50	PB50_near3	2	cross_group	0.513944	0.651515	53	0.480000	0.591549	33
S6|unit05	S6	P0_seed7	5	PB50|unit03	PB50	PB50_near3	3	cross_group	0.493827	0.628272	52	0.433526	0.581395	44
PALS_2|unit01	PALS_2	P0_seed7	1	UFV_DC4|unit01	UFV_DC4	P0_seed7	1	within_group	0.957346	0.961905	1	0.951724	0.958333	1
PALS_2|unit01	PALS_2	P0_seed7	1	UFV_DC4|unit02	UFV_DC4	P0_seed7	2	within_group	0.562791	0.626943	22	0.516779	0.606299	22
PALS_2|unit01	PALS_2	P0_seed7	1	UFV_DC4|unit03	UFV_DC4	P0_seed7	3	within_group	0.558952	0.659794	35	0.487179	0.562963	21
PALS_2|unit01	PALS_2	P0_seed7	1	UFV_DC4|unit04	UFV_DC4	P0_seed7	4	within_group	0.550926	0.708333	48	0.468966	0.635514	38
PALS_2|unit01	PALS_2	P0_seed7	1	UFV_DC4|unit05	UFV_DC4	P0_seed7	5	within_group	0.517928	0.653266	52	0.455056	0.578571	38
PALS_2|unit01	PALS_2	P0_seed7	1	AH12|unit01	AH12	PB50_near3	1	cross_group	0.581081	0.675393	31	0.557047	0.628788	17
PALS_2|unit01	PALS_2	P0_seed7	1	AH12|unit02	AH12	PB50_near3	2	cross_group	0.552632	0.652850	35	0.522013	0.638462	29
PALS_2|unit01	PALS_2	P0_seed7	1	AH12|unit03	AH12	PB50_near3	3	cross_group	0.506912	0.582011	28	0.453333	0.548387	26
PALS_2|unit01	PALS_2	P0_seed7	1	Machias|unit01	Machias	PB50_near3	1	cross_group	0.568889	0.684492	38	0.536913	0.610687	18
PALS_2|unit01	PALS_2	P0_seed7	1	Machias|unit02	Machias	PB50_near3	2	cross_group	0.529148	0.592965	24	0.496815	0.586466	24
PALS_2|unit01	PALS_2	P0_seed7	1	Machias|unit03	Machias	PB50_near3	3	cross_group	0.520179	0.630435	39	0.480769	0.630252	37
PALS_2|unit01	PALS_2	P0_seed7	1	PB50|unit01	PB50	PB50_near3	1	cross_group	0.568889	0.684492	38	0.536913	0.610687	18
PALS_2|unit01	PALS_2	P0_seed7	1	PB50|unit02	PB50	PB50_near3	2	cross_group	0.530172	0.647368	42	0.484076	0.571429	24
PALS_2|unit01	PALS_2	P0_seed7	1	PB50|unit03	PB50	PB50_near3	3	cross_group	0.520179	0.630435	39	0.480769	0.630252	37
PALS_2|unit02	PALS_2	P0_seed7	2	UFV_DC4|unit01	UFV_DC4	P0_seed7	1	within_group	0.560185	0.636842	26	0.520000	0.629032	26
PALS_2|unit02	PALS_2	P0_seed7	2	UFV_DC4|unit02	UFV_DC4	P0_seed7	2	within_group	0.923858	0.928571	1	0.908397	0.915385	1
PALS_2|unit02	PALS_2	P0_seed7	2	UFV_DC4|unit03	UFV_DC4	P0_seed7	3	within_group	0.583333	0.656250	24	0.486667	0.579365	24
PALS_2|unit02	PALS_2	P0_seed7	2	UFV_DC4|unit04	UFV_DC4	P0_seed7	4	within_group	0.592965	0.694118	29	0.492424	0.619048	27
PALS_2|unit02	PALS_2	P0_seed7	2	UFV_DC4|unit05	UFV_DC4	P0_seed7	5	within_group	0.518828	0.632653	43	0.473988	0.630769	43
PALS_2|unit02	PALS_2	P0_seed7	2	AH12|unit01	AH12	PB50_near3	1	cross_group	0.530233	0.622951	32	0.468085	0.528000	16
PALS_2|unit02	PALS_2	P0_seed7	2	AH12|unit02	AH12	PB50_near3	2	cross_group	0.606481	0.689474	26	0.571429	0.661417	20
PALS_2|unit02	PALS_2	P0_seed7	2	AH12|unit03	AH12	PB50_near3	3	cross_group	0.559242	0.655556	31	0.492857	0.579832	21
PALS_2|unit02	PALS_2	P0_seed7	2	Machias|unit01	Machias	PB50_near3	1	cross_group	0.522321	0.676301	51	0.475177	0.540323	17
PALS_2|unit02	PALS_2	P0_seed7	2	Machias|unit02	Machias	PB50_near3	2	cross_group	0.619266	0.714286	29	0.586667	0.704000	25
PALS_2|unit02	PALS_2	P0_seed7	2	Machias|unit03	Machias	PB50_near3	3	cross_group	0.582160	0.692737	34	0.521127	0.627119	24
PALS_2|unit02	PALS_2	P0_seed7	2	PB50|unit01	PB50	PB50_near3	1	cross_group	0.522321	0.676301	51	0.475177	0.540323	17
PALS_2|unit02	PALS_2	P0_seed7	2	PB50|unit02	PB50	PB50_near3	2	cross_group	0.617512	0.705263	27	0.583893	0.690476	23
PALS_2|unit02	PALS_2	P0_seed7	2	PB50|unit03	PB50	PB50_near3	3	cross_group	0.582160	0.692737	34	0.521127	0.627119	24
PALS_2|unit03	PALS_2	P0_seed7	3	UFV_DC4|unit01	UFV_DC4	P0_seed7	1	within_group	0.533937	0.590000	21	0.464516	0.537313	21
PALS_2|unit03	PALS_2	P0_seed7	3	UFV_DC4|unit02	UFV_DC4	P0_seed7	2	within_group	0.591549	0.646154	18	0.489796	0.558140	18
PALS_2|unit03	PALS_2	P0_seed7	3	UFV_DC4|unit03	UFV_DC4	P0_seed7	3	within_group	0.952830	0.957346	1	0.931507	0.937931	1
PALS_2|unit03	PALS_2	P0_seed7	3	UFV_DC4|unit04	UFV_DC4	P0_seed7	4	within_group	0.590698	0.751479	46	0.479730	0.682692	44
PALS_2|unit03	PALS_2	P0_seed7	3	UFV_DC4|unit05	UFV_DC4	P0_seed7	5	within_group	0.572016	0.671498	36	0.508475	0.638298	36
PALS_2|unit03	PALS_2	P0_seed7	3	AH12|unit01	AH12	PB50_near3	1	cross_group	0.556054	0.652632	33	0.489933	0.553030	17
PALS_2|unit03	PALS_2	P0_seed7	3	AH12|unit02	AH12	PB50_near3	2	cross_group	0.584821	0.664975	27	0.529032	0.611940	21
PALS_2|unit03	PALS_2	P0_seed7	3	AH12|unit03	AH12	PB50_near3	3	cross_group	0.616438	0.721925	32	0.526667	0.637097	26
PALS_2|unit03	PALS_2	P0_seed7	3	Machias|unit01	Machias	PB50_near3	1	cross_group	0.552036	0.638743	30	0.506667	0.584615	20
PALS_2|unit03	PALS_2	P0_seed7	3	Machias|unit02	Machias	PB50_near3	2	cross_group	0.596491	0.701031	34	0.559748	0.679389	28
PALS_2|unit03	PALS_2	P0_seed7	3	Machias|unit03	Machias	PB50_near3	3	cross_group	0.600917	0.693122	29	0.506667	0.608000	25
PALS_2|unit03	PALS_2	P0_seed7	3	PB50|unit01	PB50	PB50_near3	1	cross_group	0.552036	0.638743	30	0.506667	0.584615	20
PALS_2|unit03	PALS_2	P0_seed7	3	PB50|unit02	PB50	PB50_near3	2	cross_group	0.584071	0.673469	30	0.512987	0.580882	18
PALS_2|unit03	PALS_2	P0_seed7	3	PB50|unit03	PB50	PB50_near3	3	cross_group	0.600917	0.693122	29	0.506667	0.608000	25
PALS_2|unit04	PALS_2	P0_seed7	4	UFV_DC4|unit01	UFV_DC4	P0_seed7	1	within_group	0.523364	0.662722	45	0.417808	0.580952	41
PALS_2|unit04	PALS_2	P0_seed7	4	UFV_DC4|unit02	UFV_DC4	P0_seed7	2	within_group	0.574257	0.690476	34	0.466667	0.611650	32
PALS_2|unit04	PALS_2	P0_seed7	4	UFV_DC4|unit03	UFV_DC4	P0_seed7	3	within_group	0.593458	0.742690	43	0.452055	0.616822	39
PALS_2|unit04	PALS_2	P0_seed7	4	UFV_DC4|unit04	UFV_DC4	P0_seed7	4	within_group	0.924855	0.924855	0	0.906542	0.906542	0
PALS_2|unit04	PALS_2	P0_seed7	4	UFV_DC4|unit05	UFV_DC4	P0_seed7	5	within_group	0.476987	0.658960	66	0.364162	0.588785	66
PALS_2|unit04	PALS_2	P0_seed7	4	AH12|unit01	AH12	PB50_near3	1	cross_group	0.529126	0.644970	37	0.449275	0.590476	33
PALS_2|unit04	PALS_2	P0_seed7	4	AH12|unit02	AH12	PB50_near3	2	cross_group	0.525822	0.658824	43	0.452055	0.628571	41
PALS_2|unit04	PALS_2	P0_seed7	4	AH12|unit03	AH12	PB50_near3	3	cross_group	0.607843	0.756098	40	0.507463	0.666667	32
PALS_2|unit04	PALS_2	P0_seed7	4	Machias|unit01	Machias	PB50_near3	1	cross_group	0.526829	0.639053	36	0.463235	0.594340	30
PALS_2|unit04	PALS_2	P0_seed7	4	Machias|unit02	Machias	PB50_near3	2	cross_group	0.539535	0.686391	46	0.455782	0.638095	42
PALS_2|unit04	PALS_2	P0_seed7	4	Machias|unit03	Machias	PB50_near3	3	cross_group	0.617647	0.763636	39	0.514925	0.669903	31
PALS_2|unit04	PALS_2	P0_seed7	4	PB50|unit01	PB50	PB50_near3	1	cross_group	0.526829	0.639053	36	0.463235	0.594340	30
PALS_2|unit04	PALS_2	P0_seed7	4	PB50|unit02	PB50	PB50_near3	2	cross_group	0.534884	0.680473	46	0.448980	0.628571	42
PALS_2|unit04	PALS_2	P0_seed7	4	PB50|unit03	PB50	PB50_near3	3	cross_group	0.617647	0.763636	39	0.514925	0.669903	31
PALS_2|unit05	PALS_2	P0_seed7	5	UFV_DC4|unit01	UFV_DC4	P0_seed7	1	within_group	0.508197	0.607843	40	0.463277	0.589928	38
PALS_2|unit05	PALS_2	P0_seed7	5	UFV_DC4|unit02	UFV_DC4	P0_seed7	2	within_group	0.512605	0.619289	41	0.470930	0.618321	41
PALS_2|unit05	PALS_2	P0_seed7	5	UFV_DC4|unit03	UFV_DC4	P0_seed7	3	within_group	0.553279	0.655340	38	0.477011	0.576389	30
PALS_2|unit05	PALS_2	P0_seed7	5	UFV_DC4|unit04	UFV_DC4	P0_seed7	4	within_group	0.474790	0.653179	65	0.377907	0.607477	65
PALS_2|unit05	PALS_2	P0_seed7	5	UFV_DC4|unit05	UFV_DC4	P0_seed7	5	within_group	0.970711	0.974790	1	0.976879	0.982558	1
PALS_2|unit05	PALS_2	P0_seed7	5	AH12|unit01	AH12	PB50_near3	1	cross_group	0.500000	0.611111	44	0.441860	0.558824	36
PALS_2|unit05	PALS_2	P0_seed7	5	AH12|unit02	AH12	PB50_near3	2	cross_group	0.517928	0.659898	54	0.482759	0.591549	32
PALS_2|unit05	PALS_2	P0_seed7	5	AH12|unit03	AH12	PB50_near3	3	cross_group	0.504132	0.638743	51	0.439306	0.593750	45
PALS_2|unit05	PALS_2	P0_seed7	5	Machias|unit01	Machias	PB50_near3	1	cross_group	0.504132	0.619289	45	0.436782	0.571429	41
PALS_2|unit05	PALS_2	P0_seed7	5	Machias|unit02	Machias	PB50_near3	2	cross_group	0.522267	0.638614	45	0.482955	0.602837	35
PALS_2|unit05	PALS_2	P0_seed7	5	Machias|unit03	Machias	PB50_near3	3	cross_group	0.500000	0.618557	46	0.445087	0.596899	44
PALS_2|unit05	PALS_2	P0_seed7	5	PB50|unit01	PB50	PB50_near3	1	cross_group	0.504132	0.619289	45	0.436782	0.571429	41
PALS_2|unit05	PALS_2	P0_seed7	5	PB50|unit02	PB50	PB50_near3	2	cross_group	0.516260	0.625616	43	0.477011	0.580420	31
PALS_2|unit05	PALS_2	P0_seed7	5	PB50|unit03	PB50	PB50_near3	3	cross_group	0.500000	0.618557	46	0.445087	0.596899	44
UFV_DC4|unit01	UFV_DC4	P0_seed7	1	AH12|unit01	AH12	PB50_near3	1	cross_group	0.588496	0.715054	40	0.556962	0.721311	36
UFV_DC4|unit01	UFV_DC4	P0_seed7	1	AH12|unit02	AH12	PB50_near3	2	cross_group	0.522321	0.596939	28	0.506250	0.632812	32
UFV_DC4|unit01	UFV_DC4	P0_seed7	1	AH12|unit03	AH12	PB50_near3	3	cross_group	0.511521	0.590426	29	0.453333	0.552846	27
UFV_DC4|unit01	UFV_DC4	P0_seed7	1	Machias|unit01	Machias	PB50_near3	1	cross_group	0.584071	0.713514	41	0.551282	0.699187	33
UFV_DC4|unit01	UFV_DC4	P0_seed7	1	Machias|unit02	Machias	PB50_near3	2	cross_group	0.556522	0.670157	39	0.516129	0.597015	21
UFV_DC4|unit01	UFV_DC4	P0_seed7	1	Machias|unit03	Machias	PB50_near3	3	cross_group	0.518182	0.612903	34	0.434483	0.488372	16
UFV_DC4|unit01	UFV_DC4	P0_seed7	1	PB50|unit01	PB50	PB50_near3	1	cross_group	0.584071	0.713514	41	0.551282	0.699187	33
UFV_DC4|unit01	UFV_DC4	P0_seed7	1	PB50|unit02	PB50	PB50_near3	2	cross_group	0.528889	0.607143	29	0.493506	0.562963	19
UFV_DC4|unit01	UFV_DC4	P0_seed7	1	PB50|unit03	PB50	PB50_near3	3	cross_group	0.518182	0.612903	34	0.434483	0.488372	16
UFV_DC4|unit02	UFV_DC4	P0_seed7	2	AH12|unit01	AH12	PB50_near3	1	cross_group	0.548387	0.653846	35	0.475524	0.548387	19
UFV_DC4|unit02	UFV_DC4	P0_seed7	2	AH12|unit02	AH12	PB50_near3	2	cross_group	0.595455	0.700535	33	0.556291	0.677419	27
UFV_DC4|unit02	UFV_DC4	P0_seed7	2	AH12|unit03	AH12	PB50_near3	3	cross_group	0.567442	0.689266	38	0.513889	0.637931	28
UFV_DC4|unit02	UFV_DC4	P0_seed7	2	Machias|unit01	Machias	PB50_near3	1	cross_group	0.547945	0.670391	40	0.482517	0.560976	20
UFV_DC4|unit02	UFV_DC4	P0_seed7	2	Machias|unit02	Machias	PB50_near3	2	cross_group	0.587156	0.673684	28	0.553333	0.658730	24
UFV_DC4|unit02	UFV_DC4	P0_seed7	2	Machias|unit03	Machias	PB50_near3	3	cross_group	0.567442	0.685393	37	0.506944	0.623932	27
UFV_DC4|unit02	UFV_DC4	P0_seed7	2	PB50|unit01	PB50	PB50_near3	1	cross_group	0.547945	0.670391	40	0.482517	0.560976	20
UFV_DC4|unit02	UFV_DC4	P0_seed7	2	PB50|unit02	PB50	PB50_near3	2	cross_group	0.587156	0.673684	28	0.553333	0.658730	24
UFV_DC4|unit02	UFV_DC4	P0_seed7	2	PB50|unit03	PB50	PB50_near3	3	cross_group	0.567442	0.685393	37	0.506944	0.623932	27
UFV_DC4|unit03	UFV_DC4	P0_seed7	3	AH12|unit01	AH12	PB50_near3	1	cross_group	0.549107	0.647368	34	0.480263	0.561538	22
UFV_DC4|unit03	UFV_DC4	P0_seed7	3	AH12|unit02	AH12	PB50_near3	2	cross_group	0.568889	0.649746	28	0.513158	0.565217	14
UFV_DC4|unit03	UFV_DC4	P0_seed7	3	AH12|unit03	AH12	PB50_near3	3	cross_group	0.604545	0.711230	33	0.536913	0.634921	23
UFV_DC4|unit03	UFV_DC4	P0_seed7	3	Machias|unit01	Machias	PB50_near3	1	cross_group	0.539474	0.664865	43	0.477987	0.622951	37
UFV_DC4|unit03	UFV_DC4	P0_seed7	3	Machias|unit02	Machias	PB50_near3	2	cross_group	0.584416	0.703125	39	0.516340	0.572464	15
UFV_DC4|unit03	UFV_DC4	P0_seed7	3	Machias|unit03	Machias	PB50_near3	3	cross_group	0.581498	0.729282	46	0.503356	0.590551	22
UFV_DC4|unit03	UFV_DC4	P0_seed7	3	PB50|unit01	PB50	PB50_near3	1	cross_group	0.539474	0.664865	43	0.477987	0.622951	37
UFV_DC4|unit03	UFV_DC4	P0_seed7	3	PB50|unit02	PB50	PB50_near3	2	cross_group	0.579646	0.664975	29	0.532468	0.598540	17
UFV_DC4|unit03	UFV_DC4	P0_seed7	3	PB50|unit03	PB50	PB50_near3	3	cross_group	0.581498	0.729282	46	0.503356	0.590551	22
UFV_DC4|unit04	UFV_DC4	P0_seed7	4	AH12|unit01	AH12	PB50_near3	1	cross_group	0.548077	0.682635	41	0.474820	0.634615	35
UFV_DC4|unit04	UFV_DC4	P0_seed7	4	AH12|unit02	AH12	PB50_near3	2	cross_group	0.532710	0.674556	45	0.462069	0.632075	39
UFV_DC4|unit04	UFV_DC4	P0_seed7	4	AH12|unit03	AH12	PB50_near3	3	cross_group	0.583333	0.725610	40	0.485075	0.637255	32
UFV_DC4|unit04	UFV_DC4	P0_seed7	4	Machias|unit01	Machias	PB50_near3	1	cross_group	0.541063	0.670659	40	0.452555	0.590476	32
UFV_DC4|unit04	UFV_DC4	P0_seed7	4	Machias|unit02	Machias	PB50_near3	2	cross_group	0.532710	0.670588	44	0.458904	0.632075	40
UFV_DC4|unit04	UFV_DC4	P0_seed7	4	Machias|unit03	Machias	PB50_near3	3	cross_group	0.588235	0.727273	39	0.485075	0.631068	31
UFV_DC4|unit04	UFV_DC4	P0_seed7	4	PB50|unit01	PB50	PB50_near3	1	cross_group	0.541063	0.670659	40	0.452555	0.590476	32
UFV_DC4|unit04	UFV_DC4	P0_seed7	4	PB50|unit02	PB50	PB50_near3	2	cross_group	0.532710	0.670588	44	0.458904	0.632075	40
UFV_DC4|unit04	UFV_DC4	P0_seed7	4	PB50|unit03	PB50	PB50_near3	3	cross_group	0.588235	0.727273	39	0.485075	0.631068	31
UFV_DC4|unit05	UFV_DC4	P0_seed7	5	AH12|unit01	AH12	PB50_near3	1	cross_group	0.493776	0.595000	41	0.439306	0.558824	37
UFV_DC4|unit05	UFV_DC4	P0_seed7	5	AH12|unit02	AH12	PB50_near3	2	cross_group	0.521912	0.661616	53	0.474576	0.600000	37
UFV_DC4|unit05	UFV_DC4	P0_seed7	5	AH12|unit03	AH12	PB50_near3	3	cross_group	0.518672	0.647668	48	0.462428	0.620155	44
UFV_DC4|unit05	UFV_DC4	P0_seed7	5	Machias|unit01	Machias	PB50_near3	1	cross_group	0.497925	0.603015	42	0.433526	0.555556	38
UFV_DC4|unit05	UFV_DC4	P0_seed7	5	Machias|unit02	Machias	PB50_near3	2	cross_group	0.524390	0.632353	42	0.474286	0.580420	32
UFV_DC4|unit05	UFV_DC4	P0_seed7	5	Machias|unit03	Machias	PB50_near3	3	cross_group	0.512397	0.642487	49	0.462428	0.615385	43
UFV_DC4|unit05	UFV_DC4	P0_seed7	5	PB50|unit01	PB50	PB50_near3	1	cross_group	0.497925	0.603015	42	0.433526	0.555556	38
UFV_DC4|unit05	UFV_DC4	P0_seed7	5	PB50|unit02	PB50	PB50_near3	2	cross_group	0.520000	0.650000	50	0.471591	0.584507	34
UFV_DC4|unit05	UFV_DC4	P0_seed7	5	PB50|unit03	PB50	PB50_near3	3	cross_group	0.512397	0.642487	49	0.462428	0.615385	43
AH12|unit01	AH12	PB50_near3	1	Machias|unit01	Machias	PB50_near3	1	within_group	0.980198	0.985075	1	0.977941	0.985185	1
AH12|unit01	AH12	PB50_near3	1	Machias|unit02	Machias	PB50_near3	2	within_group	0.545455	0.621762	27	0.467532	0.566929	27
AH12|unit01	AH12	PB50_near3	1	Machias|unit03	Machias	PB50_near3	3	within_group	0.538095	0.601064	22	0.486111	0.573770	22
AH12|unit01	AH12	PB50_near3	1	PB50|unit01	PB50	PB50_near3	1	within_group	0.980198	0.985075	1	0.977941	0.985185	1
AH12|unit01	AH12	PB50_near3	1	PB50|unit02	PB50	PB50_near3	2	within_group	0.550459	0.615385	23	0.493421	0.581395	23
AH12|unit01	AH12	PB50_near3	1	PB50|unit03	PB50	PB50_near3	3	within_group	0.538095	0.601064	22	0.486111	0.573770	22
AH12|unit02	AH12	PB50_near3	2	Machias|unit01	Machias	PB50_near3	1	within_group	0.571429	0.639175	23	0.496644	0.569231	19
AH12|unit02	AH12	PB50_near3	2	Machias|unit02	Machias	PB50_near3	2	within_group	0.933649	0.938095	1	0.910345	0.916667	1
AH12|unit02	AH12	PB50_near3	2	Machias|unit03	Machias	PB50_near3	3	within_group	0.581818	0.688172	34	0.539474	0.672131	30
AH12|unit02	AH12	PB50_near3	2	PB50|unit01	PB50	PB50_near3	1	within_group	0.571429	0.639175	23	0.496644	0.569231	19
AH12|unit02	AH12	PB50_near3	2	PB50|unit02	PB50	PB50_near3	2	within_group	0.938389	0.942857	1	0.924138	0.930556	1
AH12|unit02	AH12	PB50_near3	2	PB50|unit03	PB50	PB50_near3	3	within_group	0.581818	0.688172	34	0.539474	0.672131	30
AH12|unit03	AH12	PB50_near3	3	Machias|unit01	Machias	PB50_near3	1	within_group	0.556098	0.596859	14	0.503597	0.560000	14
AH12|unit03	AH12	PB50_near3	3	Machias|unit02	Machias	PB50_near3	2	within_group	0.578475	0.704918	40	0.529032	0.689076	36
AH12|unit03	AH12	PB50_near3	3	Machias|unit03	Machias	PB50_near3	3	within_group	0.969388	0.974359	1	0.961538	0.968992	1
AH12|unit03	AH12	PB50_near3	3	PB50|unit01	PB50	PB50_near3	1	within_group	0.556098	0.596859	14	0.503597	0.560000	14
AH12|unit03	AH12	PB50_near3	3	PB50|unit02	PB50	PB50_near3	2	within_group	0.567568	0.684783	38	0.519481	0.666667	34
AH12|unit03	AH12	PB50_near3	3	PB50|unit03	PB50	PB50_near3	3	within_group	0.969388	0.974359	1	0.961538	0.968992	1
Machias|unit01	Machias	PB50_near3	1	PB50|unit01	PB50	PB50_near3	1	within_group	1.000000	1.000000	0	1.000000	1.000000	0
Machias|unit01	Machias	PB50_near3	1	PB50|unit02	PB50	PB50_near3	2	within_group	0.541667	0.596939	20	0.452703	0.507576	16
Machias|unit01	Machias	PB50_near3	1	PB50|unit03	PB50	PB50_near3	3	within_group	0.559809	0.622340	21	0.510490	0.598361	21
Machias|unit02	Machias	PB50_near3	2	PB50|unit01	PB50	PB50_near3	1	within_group	0.559091	0.640625	28	0.473333	0.546154	20
Machias|unit02	Machias	PB50_near3	2	PB50|unit02	PB50	PB50_near3	2	within_group	0.981043	0.981043	0	0.979310	0.979310	0
Machias|unit02	Machias	PB50_near3	2	PB50|unit03	PB50	PB50_near3	3	within_group	0.590090	0.708108	37	0.545455	0.694215	33
Machias|unit03	Machias	PB50_near3	3	PB50|unit01	PB50	PB50_near3	1	within_group	0.559809	0.622340	21	0.510490	0.598361	21
Machias|unit03	Machias	PB50_near3	3	PB50|unit02	PB50	PB50_near3	2	within_group	0.564815	0.638743	25	0.513514	0.598425	21
Machias|unit03	Machias	PB50_near3	3	PB50|unit03	PB50	PB50_near3	3	within_group	1.000000	1.000000	0	1.000000	1.000000	0
