comparison	comparison_role	unit	culture_delta_percentage_points	culture_relative_change_percent	all_three_same_nonzero_direction	direction	median_absolute_delta_share	median_absolute_delta_percentage_points	fixed_threshold_share	passes_fixed_absolute_threshold	passes_original_material_change_rule	decrease_branch_reachable_all_cultures
5_to_55	primary	U1	0.076561939;0.190430216;0.116178242	15.802246194;61.053091016;28.425528153	true	increase	0.00116178241976	0.116178241976	0.05	false	false	false
5_to_55	primary	U2	1.062246065;3.049322943;1.529301252	14.147027804;59.765079495;22.408890354	true	increase	0.0152930125188	1.52930125188	0.05	false	false	true
5_to_55	primary	U3	-0.766434476;-4.591340973;-1.656045603	-0.865899140;-4.957178048;-1.847889382	true	decrease	0.0165604560283	1.65604560283	0.05	false	false	true
5_to_55	primary	U4	-0.372373528;1.351587814;0.010566109	-10.658282321;68.753167346;0.335587759	false	mixed	0.00372373528298	0.37237352829799997	0.05	false	false	false
5_to_15	secondary	U1	-0.004435281;0.482386861;0.521611444	-0.915434027;154.656175669;127.623559656	false	mixed	0.00482386860626	0.482386860626	0.05	false	false	false
5_to_15	secondary	U2	-0.685732551;2.586595893;1.091700055	-9.132608514;50.695879727;15.996708826	false	mixed	0.0109170005509	1.09170005509	0.05	false	false	true
5_to_15	secondary	U3	1.239529679;-4.493211614;-1.691323850	1.400390662;-4.851229763;-1.887254421	false	mixed	0.0169132385013	1.6913238501299999	0.05	false	false	true
5_to_15	secondary	U4	-0.549361847;1.424228860;0.078012351	-15.724140457;72.448304260;2.477732342	false	mixed	0.00549361846965	0.549361846965	0.05	false	false	false
15_to_55	secondary	U1	0.080997220;-0.291956645;-0.405433202	16.872133472;-36.756652144;-43.579861264	false	mixed	0.00291956644832	0.29195664483199996	0.05	false	false	false
15_to_55	secondary	U2	1.747978616;0.462727050;0.437601197	25.619351384;6.018213493;5.527899535	true	increase	0.00462727050022	0.462727050022	0.05	false	false	true
15_to_55	secondary	U3	-2.005964154;-0.098129359;0.035278247	-2.234991194;-0.111350136;0.040122247	false	mixed	0.000981293587407	0.0981293587407	0.05	false	false	true
15_to_55	secondary	U4	0.176988319;-0.072641046;-0.067446242	6.011042976;-2.142750507;-2.090351273	false	mixed	0.000726410464491	0.0726410464491	0.05	false	false	false
