comparison	comparison_role	unit	culture	start_time_min	end_time_min	start_share	end_share	start_percentage_points	end_percentage_points	delta_share	delta_percentage_points	relative_change_percent	absolute_delta_percentage_points	fixed_threshold_share	fixed_threshold_percentage_points	decrease_branch_reachable_from_start	increase_branch_reachable_from_start	relative_decrease_required_for_5pp_percent	relative_increase_required_for_5pp_percent	both_libraries_estimable	pair_status
5_to_55	primary	U1	1	5	55	0.00484500354739	0.00561062293604	0.484500354739	0.561062293604	0.000765619388646	0.0765619388646	15.802246193574794	0.0765619388646	0.05	5.0	false	true	1031.9909884675928	1031.9909884675928	true	complete
5_to_55	primary	U1	2	5	55	0.00311909213156	0.00502339428949	0.311909213156	0.502339428949	0.00190430215794	0.190430215794	61.053091015544055	0.190430215794	0.05	5.0	false	true	1603.030557965363	1603.030557965363	true	complete
5_to_55	primary	U1	3	5	55	0.00408710935294	0.0052488917727	0.40871093529400004	0.52488917727	0.00116178241976	0.116178241976	28.425528152905656	0.116178241976	0.05	5.0	false	true	1223.3585079888614	1223.3585079888614	true	complete
5_to_55	primary	U2	1	5	55	0.075086165088	0.0857086257399	7.5086165088	8.57086257399	0.0106224606519	1.0622460651899999	14.147027803924482	1.0622460651899999	0.05	5.0	true	true	66.59016336951109	66.59016336951109	true	complete
5_to_55	primary	U2	2	5	55	0.051021816905	0.081515046338	5.1021816905	8.1515046338	0.030493229433	3.0493229433	59.76507949486947	3.0493229433	0.05	5.0	true	true	97.99729416358775	97.99729416358775	true	complete
5_to_55	primary	U2	3	5	55	0.0682452913888	0.0835383039075	6.824529138880001	8.35383039075	0.0152930125188	1.52930125188	22.408890353583857	1.52930125188	0.05	5.0	true	true	73.26512786815603	73.26512786815603	true	complete
5_to_55	primary	U3	1	5	55	0.885131351095	0.877467006337	88.5131351095	87.7467006337	-0.00766434475753	-0.7664344757529999	-0.8658991400596537	0.7664344757529999	0.05	5.0	true	true	5.648879111348251	5.648879111348251	true	complete
5_to_55	primary	U3	2	5	55	0.926200537535	0.880287127808	92.6200537535	88.0287127808	-0.0459134097271	-4.59134097271	-4.957178047995356	4.59134097271	0.05	5.0	true	true	5.398398939939134	5.398398939939134	true	complete
5_to_55	primary	U3	3	5	55	0.896182216675	0.879621760646	89.6182216675	87.9621760646	-0.0165604560283	-1.65604560283	-1.8478893823336868	1.65604560283	0.05	5.0	true	true	5.57922251408973	5.57922251408973	true	complete
5_to_55	primary	U4	1	5	55	0.0349374802699	0.031213744987	3.4937480269899996	3.1213744987000003	-0.00372373528298	-0.37237352829799997	-10.658282320915234	0.37237352829799997	0.05	5.0	false	true	143.11278207168522	143.11278207168522	true	complete
5_to_55	primary	U4	2	5	55	0.019658553428	0.0331744315642	1.9658553427999998	3.3174431564200004	0.0135158781362	1.35158781362	68.75316734622555	1.35158781362	0.05	5.0	false	true	254.3422138517282	254.3422138517282	true	complete
5_to_55	primary	U4	3	5	55	0.0314853825835	0.0315910436733	3.14853825835	3.15910436733	0.000105661089819	0.0105661089819	0.335587758982392	0.0105661089819	0.05	5.0	false	true	158.8038508580888	158.8038508580888	true	complete
5_to_15	secondary	U1	1	5	15	0.00484500354739	0.0048006507363	0.484500354739	0.48006507363	-4.43528110898e-05	-0.00443528110898	-0.9154340271575823	0.00443528110898	0.05	5.0	false	true	1031.9909884675928	1031.9909884675928	true	complete
5_to_15	secondary	U1	2	5	15	0.00311909213156	0.00794296073781	0.311909213156	0.794296073781	0.00482386860626	0.482386860626	154.6561756688913	0.482386860626	0.05	5.0	false	true	1603.030557965363	1603.030557965363	true	complete
5_to_15	secondary	U1	3	5	15	0.00408710935294	0.00930322379621	0.40871093529400004	0.9303223796210001	0.00521611444327	0.521611444327	127.62355965635876	0.521611444327	0.05	5.0	false	true	1223.3585079888614	1223.3585079888614	true	complete
5_to_15	secondary	U2	1	5	15	0.075086165088	0.0682288395822	7.5086165088	6.822883958219999	-0.00685732550586	-0.685732550586	-9.132608514262653	0.685732550586	0.05	5.0	true	true	66.59016336951109	66.59016336951109	true	complete
5_to_15	secondary	U2	2	5	15	0.051021816905	0.0768877758378	5.1021816905	7.68877758378	0.0258659589327	2.5865958932699997	50.69587972702164	2.5865958932699997	0.05	5.0	true	true	97.99729416358775	97.99729416358775	true	complete
5_to_15	secondary	U2	3	5	15	0.0682452913888	0.0791622919397	6.824529138880001	7.91622919397	0.0109170005509	1.09170005509	15.996708825968366	1.09170005509	0.05	5.0	true	true	73.26512786815603	73.26512786815603	true	complete
5_to_15	secondary	U3	1	5	15	0.885131351095	0.897526647881	88.5131351095	89.7526647881	0.0123952967866	1.23952967866	1.400390661935737	1.23952967866	0.05	5.0	true	true	5.648879111348251	5.648879111348251	true	complete
5_to_15	secondary	U3	2	5	15	0.926200537535	0.881268421396	92.6200537535	88.1268421396	-0.0449321161397	-4.493211613970001	-4.851229762755572	4.493211613970001	0.05	5.0	true	true	5.398398939939134	5.398398939939134	true	complete
5_to_15	secondary	U3	3	5	15	0.896182216675	0.879268978173	89.6182216675	87.9268978173	-0.0169132385013	-1.6913238501299999	-1.8872544206524438	1.6913238501299999	0.05	5.0	true	true	5.57922251408973	5.57922251408973	true	complete
5_to_15	secondary	U4	1	5	15	0.0349374802699	0.0294438618003	3.4937480269899996	2.94438618003	-0.00549361846965	-0.549361846965	-15.724140456640106	0.549361846965	0.05	5.0	false	true	143.11278207168522	143.11278207168522	true	complete
5_to_15	secondary	U4	2	5	15	0.019658553428	0.0339008420287	1.9658553427999998	3.3900842028700002	0.0142422886007	1.4242288600700002	72.44830426034541	1.4242288600700002	0.05	5.0	false	true	254.3422138517282	254.3422138517282	true	complete
5_to_15	secondary	U4	3	5	15	0.0314853825835	0.0322655060906	3.14853825835	3.22655060906	0.000780123507151	0.0780123507151	2.4777323416099315	0.0780123507151	0.05	5.0	false	true	158.8038508580888	158.8038508580888	true	complete
15_to_55	secondary	U1	1	15	55	0.0048006507363	0.00561062293604	0.48006507363	0.561062293604	0.000809972199736	0.0809972199736	16.872133471644073	0.0809972199736	0.05	5.0	false	true	1041.525466994011	1041.525466994011	true	complete
15_to_55	secondary	U1	2	15	55	0.00794296073781	0.00502339428949	0.794296073781	0.502339428949	-0.00291956644832	-0.29195664483199996	-36.75665214385751	0.29195664483199996	0.05	5.0	false	true	629.4881927590366	629.4881927590366	true	complete
15_to_55	secondary	U1	3	15	55	0.00930322379621	0.0052488917727	0.9303223796210001	0.52488917727	-0.00405433202351	-0.405433202351	-43.579861264454124	0.405433202351	0.05	5.0	false	true	537.4481050361196	537.4481050361196	true	complete
15_to_55	secondary	U2	1	15	55	0.0682288395822	0.0857086257399	6.822883958219999	8.57086257399	0.0174797861577	1.74797861577	25.619351383868832	1.74797861577	0.05	5.0	true	true	73.28279405919186	73.28279405919186	true	complete
15_to_55	secondary	U2	2	15	55	0.0768877758378	0.081515046338	7.68877758378	8.1515046338	0.00462727050022	0.462727050022	6.018213493366672	0.462727050022	0.05	5.0	true	true	65.02984311248436	65.02984311248436	true	complete
15_to_55	secondary	U2	3	15	55	0.0791622919397	0.0835383039075	7.91622919397	8.35383039075	0.00437601196784	0.437601196784	5.527899534759963	0.437601196784	0.05	5.0	true	true	63.161385016601486	63.161385016601486	true	complete
15_to_55	secondary	U3	1	15	55	0.897526647881	0.877467006337	89.7526647881	87.7467006337	-0.0200596415441	-2.00596415441	-2.23499119401741	2.00596415441	0.05	5.0	true	true	5.570865234814658	5.570865234814658	true	complete
15_to_55	secondary	U3	2	15	55	0.881268421396	0.880287127808	88.1268421396	88.0287127808	-0.000981293587407	-0.0981293587407	-0.11135013618808128	0.0981293587407	0.05	5.0	true	true	5.673640265107421	5.673640265107421	true	complete
15_to_55	secondary	U3	3	15	55	0.879268978173	0.879621760646	87.9268978173	87.9621760646	0.000352782472999	0.0352782472999	0.04012224720267437	0.0352782472999	0.05	5.0	true	true	5.686542029936405	5.686542029936405	true	complete
15_to_55	secondary	U4	1	15	55	0.0294438618003	0.031213744987	2.94438618003	3.1213744987000003	0.00176988318667	0.17698831866700002	6.011042976203505	0.17698831866700002	0.05	5.0	false	true	169.81468103307887	169.81468103307887	true	complete
15_to_55	secondary	U4	2	15	55	0.0339008420287	0.0331744315642	3.3900842028700002	3.3174431564200004	-0.000726410464491	-0.0726410464491	-2.142750507129087	0.0726410464491	0.05	5.0	false	true	147.4889619487052	147.4889619487052	true	complete
15_to_55	secondary	U4	3	15	55	0.0322655060906	0.0315910436733	3.22655060906	3.15910436733	-0.000674462417332	-0.0674462417332	-2.090351273084457	0.0674462417332	0.05	5.0	false	true	154.96425148145016	154.96425148145016	true	complete
