run_accession	sample_alias	time_min	culture	whole_array_midpoint_denominator	spacer_midpoint_count_separate_denominator	distal_start0	distal_end0	distal_midpoint_fragments	distal_whole_array_midpoint_share	u1_u4_midpoint_fragments	u1_u4_whole_array_midpoint_share	terminal_start0	terminal_end0	terminal_midpoint_fragments	terminal_whole_array_midpoint_share	terminal_fraction_of_residual_midpoint_fragments
SRR19152335	B_0-1	0	1	57	30	9447	9597	0	0.0	30	0.5263157894736842	10357	10646	27	0.473684210526	1.0
SRR19152334	B_0-2	0	2	45	17	9447	9597	0	0.0	17	0.37777777777777777	10357	10646	28	0.622222222222	1.0
SRR19152331	B_0-3	0	3	76	41	9447	9597	0	0.0	41	0.5394736842105263	10357	10646	35	0.460526315789	1.0
SRR19152330	B+P_5-1	5	1	198397	103391	9447	9597	0	0.0	104405	0.5262428363332107	10357	10646	93992	0.473757163667	1.0
SRR19152329	B+P_5-2	5	2	185496	112905	9447	9597	0	0.0	113927	0.6141749687324795	10357	10646	71569	0.385825031268	1.0
SRR19152328	B+P_5-3	5	3	195699	103246	9447	9597	0	0.0	104398	0.5334621025145759	10357	10646	91301	0.466537897485	1.0
SRR19152327	B+P_15-1	15	1	425069	248329	9447	9597	1	2.35255923156e-06	251329	0.5912663591087565	10357	10646	173739	0.408731288332	0.9999942442730517
SRR19152326	B+P_15-2	15	2	473186	242363	9447	9597	0	0.0	245588	0.5190094381490576	10357	10646	227598	0.480990561851	1.0
SRR19152325	B+P_15-3	15	3	351670	174367	9447	9597	0	0.0	176743	0.5025819660477152	10357	10646	174927	0.497418033952	1.0
SRR19152324	B+P_55-1	55	1	149413	89337	9447	9597	1	6.69285805117e-06	90485	0.6056032607604426	10357	10646	58927	0.394390046382	0.9999830301384741
SRR19152333	B+P_55-2	55	2	144889	91901	9447	9597	2	1.3803670396e-05	93076	0.6423952128871067	10357	10646	51811	0.357590983442	0.9999613996487368
SRR19152332	B+P_55-3	55	3	142531	88296	9447	9597	1	7.01601756811e-06	89503	0.6279546203983695	10357	10646	53027	0.372038363584	0.9999811420381686
