locus_order	candidate_id	accession	label	analysis_subgroup	raw_path	record_length_nt	record_topology	reported_art_support	assignment_status	feature_mapping_status	rt_protein_id	rt_locus_tag	rt_product	rt_start_1based	rt_end_1based	rt_strand	rt_length_nt	rt_length_aa	partner_protein_id	partner_locus_tag	partner_product	partner_start_1based	partner_end_1based	partner_strand	partner_length_nt	partner_length_aa	rt_partner_gap_nt	rt_partner_collinearity	distal_anchor_protein_id	distal_anchor_locus_tag	distal_anchor_product	distal_anchor_start_1based	distal_anchor_end_1based	distal_anchor_strand	distal_anchor_length_nt	distal_anchor_length_aa	distal_anchor_relative_start_0based	distal_anchor_relative_end_0based	distal_anchor_to_RT_intervening_nt	distal_anchor_to_boundary_gap_nt	distal_anchor_homology_group	distal_anchor_correspondence_confidence	distal_anchor_selection_rule	boundary_reference_type	boundary_reference_status	boundary_reference_start_1based	boundary_reference_end_1based	boundary_reference_relative_start_0based	boundary_reference_relative_end_0based	upstream_window_nt	upstream_window_status	intervening_CDS_anchor_to_RT_count	annotation_conflict_protein_ids	unresolved_interval_note	full_6kb_RT_partner_length_nt	anchor_to_partner_locus_length_nt
1	MW218148_1__10647-12152+__QPI16926_1	MW218148.1	SA1	P0_seed7	data/raw/ncbi/MW218148.1.gb	260727	linear	P0_known_ART_reference	report_supported_ART_type_II_reference	existing_P0_reference_mapping	QPI16926.1		hypothetical protein	10647	12152	+	1506	501	QPI16927.1		hypothetical protein	12154	12951	+	798	265	1	cooriented_first_downstream_CDS	QPI16925.1		hypothetical protein	9124	9447	+	324	107	-1523	-1200	1199	150	DISTAL_ANCHOR_HOMOLOG_01	high_existing_P1_anchor_plus_10_locus_homology_collinearity	nearest same-strand CDS fully distal to evidence-defined far repeat window, then validated by protein/DNA homology and collinearity	P0_selected_far_14nt_core	existing_P0_rule_defined_far_core; biological_endpoint_unverified	9598	9611	-1049	-1036	6000	complete_no_record_edge_truncation	0		biological array endpoint unverified	8305	3828
2	MW248466_1__215089-216594+__QQM14740_1	MW248466.1	MarsHill	P0_seed7	data/raw/ncbi/MW248466.1.gb	266637	linear	P0_known_ART_reference	report_supported_ART_type_II_reference	existing_P0_reference_mapping	QQM14740.1	CPT_MarsHill_206	RNA-directed DNA polymerase	215089	216594	+	1506	501	QQM14741.1	CPT_MarsHill_207	hypothetical protein	216596	217420	+	825	274	1	cooriented_first_downstream_CDS	QQM14739.1	CPT_MarsHill_205	hypothetical protein	213515	213847	+	333	110	-1574	-1242	1241	147	DISTAL_ANCHOR_HOMOLOG_01	high_existing_P1_anchor_plus_10_locus_homology_collinearity	nearest same-strand CDS fully distal to evidence-defined far repeat window, then validated by protein/DNA homology and collinearity	P0_selected_far_14nt_core	existing_P0_rule_defined_far_core; biological_endpoint_unverified	213995	214008	-1094	-1081	6000	complete_no_record_edge_truncation	0		biological array endpoint unverified	8332	3906
3	MW349129_1__214290-215795+__QQO92858_1	MW349129.1	Madawaska	P0_seed7	data/raw/ncbi/MW349129.1.gb	265446	linear	P0_known_ART_reference	report_supported_ART_type_II_reference	existing_P0_reference_mapping	QQO92858.1	CPT_Madawaska_208	RNA-directed DNA polymerase	214290	215795	+	1506	501	QQO92859.1	CPT_Madawaska_209	hypothetical protein	215797	216621	+	825	274	1	cooriented_first_downstream_CDS	QQO92854.1	CPT_Madawaska_204	hypothetical protein	212677	213009	+	333	110	-1613	-1281	1280	186	DISTAL_ANCHOR_HOMOLOG_01	high_existing_P1_anchor_plus_10_locus_homology_collinearity	nearest same-strand CDS fully distal to evidence-defined far repeat window, then validated by protein/DNA homology and collinearity	P0_selected_far_14nt_core	existing_P0_rule_defined_far_core; biological_endpoint_unverified	213196	213209	-1094	-1081	6000	complete_no_record_edge_truncation	3	QQO92855.1;QQO92856.1;QQO92857.1	three intervening GenBank CDS calls conflict with array interpretation; retained	8332	3945
4	OR836606_1__73311-74813-__WRM43423_1	OR836606.1	LY01	P0_seed7	data/raw/ncbi/OR836606.1.gb	258897	linear	P0_known_ART_reference	report_supported_ART_type_II_reference	existing_P0_reference_mapping	WRM43423.1		retron-type RNA-directed DNA polymerase	73311	74813	-	1503	500	WRM43422.1		hypothetical protein	72485	73309	-	825	274	1	cooriented_first_downstream_CDS	WRM43425.1		hypothetical protein	76099	76431	-	333	110	-1618	-1286	1285	187	DISTAL_ANCHOR_HOMOLOG_01	high_existing_P1_anchor_plus_10_locus_homology_collinearity	nearest same-strand CDS fully distal to evidence-defined far repeat window, then validated by protein/DNA homology and collinearity	P0_selected_far_14nt_core	existing_P0_rule_defined_far_core; biological_endpoint_unverified	75898	75911	-1098	-1085	6000	complete_no_record_edge_truncation	1		biological array endpoint unverified	8329	3947
5	LC680885_1__167556-169058+__BDE75684_1	LC680885.1	S6	P0_seed7	data/raw/ncbi/LC680885.1.gb	267055	circular	P0_known_ART_reference	report_supported_ART_type_II_reference	existing_P0_reference_mapping	BDE75684.1		hypothetical protein	167556	169058	+	1503	500	BDE75685.1		hypothetical protein	169060	169884	+	825	274	1	cooriented_first_downstream_CDS	BDE75683.1		hypothetical protein	165946	166278	+	333	110	-1610	-1278	1277	186	DISTAL_ANCHOR_HOMOLOG_01	high_existing_P1_anchor_plus_10_locus_homology_collinearity	nearest same-strand CDS fully distal to evidence-defined far repeat window, then validated by protein/DNA homology and collinearity	P0_selected_far_14nt_core	existing_P0_rule_defined_far_core; biological_endpoint_unverified	166465	166478	-1091	-1078	6000	complete_no_record_edge_truncation	0		biological array endpoint unverified	8329	3939
6	MN091626_1__24879-26381+__QDJ97640_1	MN091626.1	PALS_2	P0_seed7	data/raw/ncbi/MN091626.1.gb	268748	linear	P0_known_ART_reference	report_supported_ART_type_II_reference	existing_P0_reference_mapping	QDJ97640.1	PALS2_015	retron-type RNA-directed DNA polymerase	24879	26381	+	1503	500	QDJ97641.1	PALS2_016	hypothetical protein	26383	27207	+	825	274	1	cooriented_first_downstream_CDS	QDJ97639.1	PALS2_014	hypothetical protein	23269	23601	+	333	110	-1610	-1278	1277	186	DISTAL_ANCHOR_HOMOLOG_01	high_existing_P1_anchor_plus_10_locus_homology_collinearity	nearest same-strand CDS fully distal to evidence-defined far repeat window, then validated by protein/DNA homology and collinearity	P0_selected_far_14nt_core	existing_P0_rule_defined_far_core; biological_endpoint_unverified	23788	23801	-1091	-1078	6000	complete_no_record_edge_truncation	0		biological array endpoint unverified	8329	3939
7	MZ779063_1__125252-126754+__UAJ17040_1	MZ779063.1	UFV_DC4	P0_seed7	data/raw/ncbi/MZ779063.1.gb	263185	linear	P0_known_ART_reference	report_supported_ART_type_II_reference	existing_P0_reference_mapping	UAJ17040.1	UFVDC4_00113	hypothetical protein	125252	126754	+	1503	500	UAJ17041.1	UFVDC4_00114	hypothetical protein	126756	127580	+	825	274	1	cooriented_first_downstream_CDS	UAJ17039.1	UFVDC4_00112	hypothetical protein	123640	123972	+	333	110	-1612	-1280	1279	186	DISTAL_ANCHOR_HOMOLOG_01	high_existing_P1_anchor_plus_10_locus_homology_collinearity	nearest same-strand CDS fully distal to evidence-defined far repeat window, then validated by protein/DNA homology and collinearity	P0_selected_far_14nt_core	existing_P0_rule_defined_far_core; biological_endpoint_unverified	124159	124172	-1093	-1080	6000	complete_no_record_edge_truncation	0		biological array endpoint unverified	8329	3941
8	OR455461_1__177982-179535-__WNX97802_1	OR455461.1	AH12	PB50_near3	data/raw/ncbi/OR455461.1.gb	264661	linear	not_named_in_local_report	type_II_ART_family_locus_candidate_sequence_and_neighborhood_supported	genbank_feature_exact_report_mapping_not_applicable	WNX97802.1		hypothetical protein	177982	179535	-	1554	517	WNX97801.1		hypothetical protein	177105	177980	-	876	291	1	cooriented_first_downstream_CDS	WNX97803.1		hypothetical protein	180632	180985	-	354	117	-1450	-1097	1096	178	DISTAL_ANCHOR_HOMOLOG_01	high_10_locus_homology_collinearity; weak_repeat_is_context_not_endpoint	nearest same-strand CDS fully distal to evidence-defined far repeat window, then validated by protein/DNA homology and collinearity	P1_motif_linked_-912_weak_26nt_window	weak_repeat_related_occurrence_not_an_accepted_copy_or_biological_endpoint	180428	180453	-918	-893	6000	complete_no_record_edge_truncation	0		-912 weak repeat-related occurrence retained inside anchor-to-RT interval; biological array boundary unresolved	8431	3881
9	MW349128_1__219310-220863+__QQO92593_1	MW349128.1	Machias	PB50_near3	data/raw/ncbi/MW349128.1.gb	274478	linear	not_named_in_local_report	type_II_ART_family_locus_candidate_sequence_and_neighborhood_supported	genbank_feature_exact_report_mapping_not_applicable	QQO92593.1	CPT_Machias_216	RNA-directed DNA polymerase	219310	220863	+	1554	517	QQO92594.1	CPT_Machias_217	hypothetical protein	220865	221740	+	876	291	1	cooriented_first_downstream_CDS	QQO92592.1	CPT_Machias_215	hypothetical protein	217859	218209	+	351	116	-1451	-1101	1100	182	DISTAL_ANCHOR_HOMOLOG_01	high_10_locus_homology_collinearity; weak_repeat_is_context_not_endpoint	nearest same-strand CDS fully distal to evidence-defined far repeat window, then validated by protein/DNA homology and collinearity	P1_motif_linked_-912_weak_26nt_window	weak_repeat_related_occurrence_not_an_accepted_copy_or_biological_endpoint	218392	218417	-918	-893	6000	complete_no_record_edge_truncation	0		-912 weak repeat-related occurrence retained inside anchor-to-RT interval; biological array boundary unresolved	8431	3882
10	OR770614_1__150938-152491-__WPH64254_1	OR770614.1	PB50	PB50_near3	data/raw/ncbi/OR770614.1.gb	273701	linear	reported_ART_17	reported_ART_17_array_positive_type_II; public_feature_mapping_supported	high_confidence_inferential_public_feature_mapping	WPH64254.1		RNA-directed DNA polymerase	150938	152491	-	1554	517	WPH64253.1		hypothetical protein	150064	150936	-	873	290	1	cooriented_first_downstream_CDS	WPH64255.1		hypothetical protein	153589	153942	-	354	117	-1451	-1098	1097	179	DISTAL_ANCHOR_HOMOLOG_01	high_10_locus_homology_collinearity; weak_repeat_is_context_not_endpoint	nearest same-strand CDS fully distal to evidence-defined far repeat window, then validated by protein/DNA homology and collinearity	P1_motif_linked_-912_weak_26nt_window	weak_repeat_related_occurrence_not_an_accepted_copy_or_biological_endpoint	153384	153409	-918	-893	6000	complete_no_record_edge_truncation	0		-912 weak repeat-related occurrence retained inside anchor-to-RT interval; biological array boundary unresolved	8428	3879
