pair_id	locus_pair_id	p0_unit_id	p0_label	p0_ordinal	pb_unit_id	pb_label	pb_ordinal	reciprocal_directed_rows_n	sequence_only_pass	sequence_plus_left_pass	sequence_plus_right_pass	sequence_plus_both_pass	component_calls_same_in_both_directions	direction_evidence
LY01|unit01__AH12|unit01	LY01__AH12	LY01|unit01	LY01	1	AH12|unit01	AH12	1	2	true	true	true	true	true	AH12|unit01->LY01|unit01|left=2|right=2|L=true|R=true|LR=true;LY01|unit01->AH12|unit01|left=-2|right=-2|L=true|R=true|LR=true
Madawaska|unit01__AH12|unit01	Madawaska__AH12	Madawaska|unit01	Madawaska	1	AH12|unit01	AH12	1	2	true	true	true	true	true	AH12|unit01->Madawaska|unit01|left=2|right=2|L=true|R=true|LR=true;Madawaska|unit01->AH12|unit01|left=-2|right=-2|L=true|R=true|LR=true
MarsHill|unit01__AH12|unit01	MarsHill__AH12	MarsHill|unit01	MarsHill	1	AH12|unit01	AH12	1	2	true	false	true	false	true	AH12|unit01->MarsHill|unit01|left=21|right=2|L=false|R=true|LR=false;MarsHill|unit01->AH12|unit01|left=-22|right=-2|L=false|R=true|LR=false
PALS_2|unit01__AH12|unit01	PALS_2__AH12	PALS_2|unit01	PALS_2	1	AH12|unit01	AH12	1	2	true	true	true	true	true	AH12|unit01->PALS_2|unit01|left=2|right=2|L=true|R=true|LR=true;PALS_2|unit01->AH12|unit01|left=-2|right=-2|L=true|R=true|LR=true
S6|unit01__AH12|unit01	S6__AH12	S6|unit01	S6	1	AH12|unit01	AH12	1	2	true	true	true	true	true	AH12|unit01->S6|unit01|left=2|right=2|L=true|R=true|LR=true;S6|unit01->AH12|unit01|left=-2|right=-2|L=true|R=true|LR=true
SA1|unit01__AH12|unit01	SA1__AH12	SA1|unit01	SA1	1	AH12|unit01	AH12	1	2	true	false	false	false	true	AH12|unit01->SA1|unit01|left=45|right=113|L=false|R=false|LR=false;SA1|unit01->AH12|unit01|left=-40|right=NA|L=false|R=false|LR=false
UFV_DC4|unit01__AH12|unit01	UFV_DC4__AH12	UFV_DC4|unit01	UFV_DC4	1	AH12|unit01	AH12	1	2	true	true	true	true	true	AH12|unit01->UFV_DC4|unit01|left=2|right=2|L=true|R=true|LR=true;UFV_DC4|unit01->AH12|unit01|left=-2|right=-2|L=true|R=true|LR=true
LY01|unit02__AH12|unit02	LY01__AH12	LY01|unit02	LY01	2	AH12|unit02	AH12	2	2	true	true	true	true	true	AH12|unit02->LY01|unit02|left=2|right=2|L=true|R=true|LR=true;LY01|unit02->AH12|unit02|left=-2|right=-2|L=true|R=true|LR=true
Madawaska|unit02__AH12|unit02	Madawaska__AH12	Madawaska|unit02	Madawaska	2	AH12|unit02	AH12	2	2	true	true	true	true	true	AH12|unit02->Madawaska|unit02|left=2|right=2|L=true|R=true|LR=true;Madawaska|unit02->AH12|unit02|left=-2|right=-2|L=true|R=true|LR=true
MarsHill|unit02__AH12|unit02	MarsHill__AH12	MarsHill|unit02	MarsHill	2	AH12|unit02	AH12	2	2	true	true	true	true	true	AH12|unit02->MarsHill|unit02|left=2|right=2|L=true|R=true|LR=true;MarsHill|unit02->AH12|unit02|left=-2|right=-2|L=true|R=true|LR=true
PALS_2|unit02__AH12|unit02	PALS_2__AH12	PALS_2|unit02	PALS_2	2	AH12|unit02	AH12	2	2	true	true	true	true	true	AH12|unit02->PALS_2|unit02|left=2|right=2|L=true|R=true|LR=true;PALS_2|unit02->AH12|unit02|left=-2|right=-2|L=true|R=true|LR=true
S6|unit02__AH12|unit02	S6__AH12	S6|unit02	S6	2	AH12|unit02	AH12	2	2	true	true	true	true	true	AH12|unit02->S6|unit02|left=2|right=2|L=true|R=true|LR=true;S6|unit02->AH12|unit02|left=-2|right=-2|L=true|R=true|LR=true
UFV_DC4|unit02__AH12|unit02	UFV_DC4__AH12	UFV_DC4|unit02	UFV_DC4	2	AH12|unit02	AH12	2	2	true	true	true	true	true	AH12|unit02->UFV_DC4|unit02|left=2|right=2|L=true|R=true|LR=true;UFV_DC4|unit02->AH12|unit02|left=-2|right=-2|L=true|R=true|LR=true
LY01|unit04__AH12|unit03	LY01__AH12	LY01|unit04	LY01	4	AH12|unit03	AH12	3	2	true	false	false	false	true	AH12|unit03->LY01|unit04|left=-212|right=-175|L=false|R=false|LR=false;LY01|unit04->AH12|unit03|left=193|right=NA|L=false|R=false|LR=false
Madawaska|unit03__AH12|unit03	Madawaska__AH12	Madawaska|unit03	Madawaska	3	AH12|unit03	AH12	3	2	true	true	true	true	true	AH12|unit03->Madawaska|unit03|left=2|right=2|L=true|R=true|LR=true;Madawaska|unit03->AH12|unit03|left=-2|right=-2|L=true|R=true|LR=true
MarsHill|unit03__AH12|unit03	MarsHill__AH12	MarsHill|unit03	MarsHill	3	AH12|unit03	AH12	3	2	true	true	false	false	true	AH12|unit03->MarsHill|unit03|left=2|right=175|L=true|R=false|LR=false;MarsHill|unit03->AH12|unit03|left=-2|right=NA|L=true|R=false|LR=false
PALS_2|unit03__AH12|unit03	PALS_2__AH12	PALS_2|unit03	PALS_2	3	AH12|unit03	AH12	3	2	true	true	false	false	true	AH12|unit03->PALS_2|unit03|left=2|right=175|L=true|R=false|LR=false;PALS_2|unit03->AH12|unit03|left=-2|right=NA|L=true|R=false|LR=false
S6|unit03__AH12|unit03	S6__AH12	S6|unit03	S6	3	AH12|unit03	AH12	3	2	true	true	false	false	true	AH12|unit03->S6|unit03|left=2|right=175|L=true|R=false|LR=false;S6|unit03->AH12|unit03|left=-2|right=NA|L=true|R=false|LR=false
SA1|unit03__AH12|unit03	SA1__AH12	SA1|unit03	SA1	3	AH12|unit03	AH12	3	2	true	false	false	false	true	AH12|unit03->SA1|unit03|left=203|right=178|L=false|R=false|LR=false;SA1|unit03->AH12|unit03|left=-156|right=-197|L=false|R=false|LR=false
UFV_DC4|unit03__AH12|unit03	UFV_DC4__AH12	UFV_DC4|unit03	UFV_DC4	3	AH12|unit03	AH12	3	2	true	true	true	true	true	AH12|unit03->UFV_DC4|unit03|left=2|right=2|L=true|R=true|LR=true;UFV_DC4|unit03->AH12|unit03|left=-2|right=-2|L=true|R=true|LR=true
LY01|unit01__Machias|unit01	LY01__Machias	LY01|unit01	LY01	1	Machias|unit01	Machias	1	2	true	true	true	true	true	LY01|unit01->Machias|unit01|left=-2|right=-2|L=true|R=true|LR=true;Machias|unit01->LY01|unit01|left=2|right=2|L=true|R=true|LR=true
LY01|unit01__PB50|unit01	LY01__PB50	LY01|unit01	LY01	1	PB50|unit01	PB50	1	2	true	true	true	true	true	LY01|unit01->PB50|unit01|left=-2|right=-2|L=true|R=true|LR=true;PB50|unit01->LY01|unit01|left=2|right=2|L=true|R=true|LR=true
LY01|unit02__Machias|unit02	LY01__Machias	LY01|unit02	LY01	2	Machias|unit02	Machias	2	2	true	true	true	true	true	LY01|unit02->Machias|unit02|left=-2|right=-2|L=true|R=true|LR=true;Machias|unit02->LY01|unit02|left=2|right=2|L=true|R=true|LR=true
LY01|unit02__PB50|unit02	LY01__PB50	LY01|unit02	LY01	2	PB50|unit02	PB50	2	2	true	true	true	true	true	LY01|unit02->PB50|unit02|left=-2|right=-2|L=true|R=true|LR=true;PB50|unit02->LY01|unit02|left=2|right=2|L=true|R=true|LR=true
LY01|unit04__Machias|unit03	LY01__Machias	LY01|unit04	LY01	4	Machias|unit03	Machias	3	2	true	false	true	false	true	LY01|unit04->Machias|unit03|left=85|right=-2|L=false|R=true|LR=false;Machias|unit03->LY01|unit04|left=-212|right=2|L=false|R=true|LR=false
LY01|unit04__PB50|unit03	LY01__PB50	LY01|unit04	LY01	4	PB50|unit03	PB50	3	2	true	false	true	false	true	LY01|unit04->PB50|unit03|left=85|right=-2|L=false|R=true|LR=false;PB50|unit03->LY01|unit04|left=-212|right=2|L=false|R=true|LR=false
Madawaska|unit01__Machias|unit01	Madawaska__Machias	Madawaska|unit01	Madawaska	1	Machias|unit01	Machias	1	2	true	true	true	true	true	Machias|unit01->Madawaska|unit01|left=2|right=2|L=true|R=true|LR=true;Madawaska|unit01->Machias|unit01|left=-2|right=-2|L=true|R=true|LR=true
MarsHill|unit01__Machias|unit01	MarsHill__Machias	MarsHill|unit01	MarsHill	1	Machias|unit01	Machias	1	2	true	false	true	false	true	Machias|unit01->MarsHill|unit01|left=21|right=2|L=false|R=true|LR=false;MarsHill|unit01->Machias|unit01|left=-22|right=-2|L=false|R=true|LR=false
PALS_2|unit01__Machias|unit01	PALS_2__Machias	PALS_2|unit01	PALS_2	1	Machias|unit01	Machias	1	2	true	true	true	true	true	Machias|unit01->PALS_2|unit01|left=2|right=2|L=true|R=true|LR=true;PALS_2|unit01->Machias|unit01|left=-2|right=-2|L=true|R=true|LR=true
S6|unit01__Machias|unit01	S6__Machias	S6|unit01	S6	1	Machias|unit01	Machias	1	2	true	true	true	true	true	Machias|unit01->S6|unit01|left=2|right=2|L=true|R=true|LR=true;S6|unit01->Machias|unit01|left=-2|right=-2|L=true|R=true|LR=true
SA1|unit01__Machias|unit01	SA1__Machias	SA1|unit01	SA1	1	Machias|unit01	Machias	1	2	true	false	false	false	true	Machias|unit01->SA1|unit01|left=45|right=113|L=false|R=false|LR=false;SA1|unit01->Machias|unit01|left=-40|right=NA|L=false|R=false|LR=false
UFV_DC4|unit01__Machias|unit01	UFV_DC4__Machias	UFV_DC4|unit01	UFV_DC4	1	Machias|unit01	Machias	1	2	true	true	true	true	true	Machias|unit01->UFV_DC4|unit01|left=2|right=2|L=true|R=true|LR=true;UFV_DC4|unit01->Machias|unit01|left=-2|right=-2|L=true|R=true|LR=true
Madawaska|unit02__Machias|unit02	Madawaska__Machias	Madawaska|unit02	Madawaska	2	Machias|unit02	Machias	2	2	true	true	true	true	true	Machias|unit02->Madawaska|unit02|left=2|right=2|L=true|R=true|LR=true;Madawaska|unit02->Machias|unit02|left=-2|right=-2|L=true|R=true|LR=true
MarsHill|unit02__Machias|unit02	MarsHill__Machias	MarsHill|unit02	MarsHill	2	Machias|unit02	Machias	2	2	true	true	true	true	true	Machias|unit02->MarsHill|unit02|left=2|right=2|L=true|R=true|LR=true;MarsHill|unit02->Machias|unit02|left=-2|right=-2|L=true|R=true|LR=true
PALS_2|unit02__Machias|unit02	PALS_2__Machias	PALS_2|unit02	PALS_2	2	Machias|unit02	Machias	2	2	true	true	true	true	true	Machias|unit02->PALS_2|unit02|left=2|right=2|L=true|R=true|LR=true;PALS_2|unit02->Machias|unit02|left=-2|right=-2|L=true|R=true|LR=true
S6|unit02__Machias|unit02	S6__Machias	S6|unit02	S6	2	Machias|unit02	Machias	2	2	true	true	true	true	true	Machias|unit02->S6|unit02|left=2|right=2|L=true|R=true|LR=true;S6|unit02->Machias|unit02|left=-2|right=-2|L=true|R=true|LR=true
SA1|unit02__Machias|unit02	SA1__Machias	SA1|unit02	SA1	2	Machias|unit02	Machias	2	2	true	false	false	false	true	Machias|unit02->SA1|unit02|left=113|right=203|L=false|R=false|LR=false;SA1|unit02->Machias|unit02|left=NA|right=-166|L=false|R=false|LR=false
UFV_DC4|unit02__Machias|unit02	UFV_DC4__Machias	UFV_DC4|unit02	UFV_DC4	2	Machias|unit02	Machias	2	2	true	true	true	true	true	Machias|unit02->UFV_DC4|unit02|left=2|right=2|L=true|R=true|LR=true;UFV_DC4|unit02->Machias|unit02|left=-2|right=-2|L=true|R=true|LR=true
Madawaska|unit03__Machias|unit03	Madawaska__Machias	Madawaska|unit03	Madawaska	3	Machias|unit03	Machias	3	2	true	true	false	false	true	Machias|unit03->Madawaska|unit03|left=2|right=173|L=true|R=false|LR=false;Madawaska|unit03->Machias|unit03|left=-2|right=NA|L=true|R=false|LR=false
MarsHill|unit04__Machias|unit03	MarsHill__Machias	MarsHill|unit04	MarsHill	4	Machias|unit03	Machias	3	2	true	false	true	false	true	Machias|unit03->MarsHill|unit04|left=-208|right=2|L=false|R=true|LR=false;MarsHill|unit04->Machias|unit03|left=74|right=-2|L=false|R=true|LR=false
PALS_2|unit04__Machias|unit03	PALS_2__Machias	PALS_2|unit04	PALS_2	4	Machias|unit03	Machias	3	2	true	false	true	false	true	Machias|unit03->PALS_2|unit04|left=-209|right=2|L=false|R=true|LR=false;PALS_2|unit04->Machias|unit03|left=NA|right=-2|L=false|R=true|LR=false
S6|unit04__Machias|unit03	S6__Machias	S6|unit04	S6	4	Machias|unit03	Machias	3	2	true	false	true	false	true	Machias|unit03->S6|unit04|left=-208|right=2|L=false|R=true|LR=false;S6|unit04->Machias|unit03|left=NA|right=-2|L=false|R=true|LR=false
SA1|unit03__Machias|unit03	SA1__Machias	SA1|unit03	SA1	3	Machias|unit03	Machias	3	2	true	false	false	false	true	Machias|unit03->SA1|unit03|left=203|right=178|L=false|R=false|LR=false;SA1|unit03->Machias|unit03|left=-166|right=-198|L=false|R=false|LR=false
UFV_DC4|unit04__Machias|unit03	UFV_DC4__Machias	UFV_DC4|unit04	UFV_DC4	4	Machias|unit03	Machias	3	2	true	false	true	false	true	Machias|unit03->UFV_DC4|unit04|left=-210|right=2|L=false|R=true|LR=false;UFV_DC4|unit04->Machias|unit03|left=85|right=-2|L=false|R=true|LR=false
Madawaska|unit01__PB50|unit01	Madawaska__PB50	Madawaska|unit01	Madawaska	1	PB50|unit01	PB50	1	2	true	true	true	true	true	Madawaska|unit01->PB50|unit01|left=-2|right=-2|L=true|R=true|LR=true;PB50|unit01->Madawaska|unit01|left=2|right=2|L=true|R=true|LR=true
Madawaska|unit02__PB50|unit02	Madawaska__PB50	Madawaska|unit02	Madawaska	2	PB50|unit02	PB50	2	2	true	true	true	true	true	Madawaska|unit02->PB50|unit02|left=-2|right=-2|L=true|R=true|LR=true;PB50|unit02->Madawaska|unit02|left=2|right=2|L=true|R=true|LR=true
Madawaska|unit03__PB50|unit03	Madawaska__PB50	Madawaska|unit03	Madawaska	3	PB50|unit03	PB50	3	2	true	true	false	false	true	Madawaska|unit03->PB50|unit03|left=-2|right=NA|L=true|R=false|LR=false;PB50|unit03->Madawaska|unit03|left=2|right=173|L=true|R=false|LR=false
MarsHill|unit01__PB50|unit01	MarsHill__PB50	MarsHill|unit01	MarsHill	1	PB50|unit01	PB50	1	2	true	false	true	false	true	MarsHill|unit01->PB50|unit01|left=-22|right=-2|L=false|R=true|LR=false;PB50|unit01->MarsHill|unit01|left=21|right=2|L=false|R=true|LR=false
MarsHill|unit02__PB50|unit02	MarsHill__PB50	MarsHill|unit02	MarsHill	2	PB50|unit02	PB50	2	2	true	true	true	true	true	MarsHill|unit02->PB50|unit02|left=-2|right=-2|L=true|R=true|LR=true;PB50|unit02->MarsHill|unit02|left=2|right=2|L=true|R=true|LR=true
MarsHill|unit04__PB50|unit03	MarsHill__PB50	MarsHill|unit04	MarsHill	4	PB50|unit03	PB50	3	2	true	false	true	false	true	MarsHill|unit04->PB50|unit03|left=74|right=-2|L=false|R=true|LR=false;PB50|unit03->MarsHill|unit04|left=-208|right=2|L=false|R=true|LR=false
PALS_2|unit01__PB50|unit01	PALS_2__PB50	PALS_2|unit01	PALS_2	1	PB50|unit01	PB50	1	2	true	true	true	true	true	PALS_2|unit01->PB50|unit01|left=-2|right=-2|L=true|R=true|LR=true;PB50|unit01->PALS_2|unit01|left=2|right=2|L=true|R=true|LR=true
PALS_2|unit02__PB50|unit02	PALS_2__PB50	PALS_2|unit02	PALS_2	2	PB50|unit02	PB50	2	2	true	true	true	true	true	PALS_2|unit02->PB50|unit02|left=-2|right=-2|L=true|R=true|LR=true;PB50|unit02->PALS_2|unit02|left=2|right=2|L=true|R=true|LR=true
PALS_2|unit04__PB50|unit03	PALS_2__PB50	PALS_2|unit04	PALS_2	4	PB50|unit03	PB50	3	2	true	false	true	false	true	PALS_2|unit04->PB50|unit03|left=NA|right=-2|L=false|R=true|LR=false;PB50|unit03->PALS_2|unit04|left=-209|right=2|L=false|R=true|LR=false
S6|unit01__PB50|unit01	S6__PB50	S6|unit01	S6	1	PB50|unit01	PB50	1	2	true	true	true	true	true	PB50|unit01->S6|unit01|left=2|right=2|L=true|R=true|LR=true;S6|unit01->PB50|unit01|left=-2|right=-2|L=true|R=true|LR=true
SA1|unit01__PB50|unit01	SA1__PB50	SA1|unit01	SA1	1	PB50|unit01	PB50	1	2	true	false	false	false	true	PB50|unit01->SA1|unit01|left=NA|right=21|L=false|R=false|LR=false;SA1|unit01->PB50|unit01|left=-40|right=-21|L=false|R=false|LR=false
UFV_DC4|unit01__PB50|unit01	UFV_DC4__PB50	UFV_DC4|unit01	UFV_DC4	1	PB50|unit01	PB50	1	2	true	true	true	true	true	PB50|unit01->UFV_DC4|unit01|left=2|right=2|L=true|R=true|LR=true;UFV_DC4|unit01->PB50|unit01|left=-2|right=-2|L=true|R=true|LR=true
S6|unit02__PB50|unit02	S6__PB50	S6|unit02	S6	2	PB50|unit02	PB50	2	2	true	true	true	true	true	PB50|unit02->S6|unit02|left=2|right=2|L=true|R=true|LR=true;S6|unit02->PB50|unit02|left=-2|right=-2|L=true|R=true|LR=true
UFV_DC4|unit02__PB50|unit02	UFV_DC4__PB50	UFV_DC4|unit02	UFV_DC4	2	PB50|unit02	PB50	2	2	true	true	true	true	true	PB50|unit02->UFV_DC4|unit02|left=2|right=2|L=true|R=true|LR=true;UFV_DC4|unit02->PB50|unit02|left=-2|right=-2|L=true|R=true|LR=true
S6|unit04__PB50|unit03	S6__PB50	S6|unit04	S6	4	PB50|unit03	PB50	3	2	true	false	true	false	true	PB50|unit03->S6|unit04|left=-208|right=2|L=false|R=true|LR=false;S6|unit04->PB50|unit03|left=NA|right=-2|L=false|R=true|LR=false
SA1|unit03__PB50|unit03	SA1__PB50	SA1|unit03	SA1	3	PB50|unit03	PB50	3	2	true	false	false	false	true	PB50|unit03->SA1|unit03|left=143|right=178|L=false|R=false|LR=false;SA1|unit03->PB50|unit03|left=-86|right=-146|L=false|R=false|LR=false
UFV_DC4|unit04__PB50|unit03	UFV_DC4__PB50	UFV_DC4|unit04	UFV_DC4	4	PB50|unit03	PB50	3	2	true	false	true	false	true	PB50|unit03->UFV_DC4|unit04|left=-210|right=2|L=false|R=true|LR=false;UFV_DC4|unit04->PB50|unit03|left=85|right=-2|L=false|R=true|LR=false
