run_accession	sample_alias	time_min	culture	feature_id	feature_type	protein_id	locus_tag	product	start0	end0	length_nt	strand	sense_midpoint_fragments	antisense_midpoint_fragments	sense_rpk	sense_tpm_259_features
SRR19152326	B+P_15-2	15	2	array_RNA	array_RNA			published whole non-coding region upstream of RT	9447	10646	1199	+	473186	274	394650.542118	45660.319045
SRR19152326	B+P_15-2	15	2	QPI16920.1	CDS	QPI16920.1		hypothetical protein	89	5312	5223	+	1703	25	326.057821176	37.7242713568
SRR19152326	B+P_15-2	15	2	QPI16921.1	CDS	QPI16921.1		hypothetical protein	5424	6084	660	+	63	1	95.4545454545	11.0439098255
SRR19152326	B+P_15-2	15	2	QPI16922.1	CDS	QPI16922.1		hypothetical protein	6106	7573	1467	+	244	0	166.325835037	19.2435835828
SRR19152326	B+P_15-2	15	2	QPI16923.1	CDS	QPI16923.1		N-acetylmuramoyl-L-alanine amidase	7631	8957	1326	+	2983	5	2249.62292609	260.277104866
SRR19152326	B+P_15-2	15	2	QPI16924.1	CDS	QPI16924.1		hypothetical protein	8980	9124	144	+	1423	24	9881.94444444	1143.32222552
SRR19152326	B+P_15-2	15	2	QPI16925.1	CDS	QPI16925.1		hypothetical protein	9123	9447	324	+	200	2	617.283950617	71.418582058
SRR19152326	B+P_15-2	15	2	QPI16926.1	CDS	QPI16926.1		hypothetical protein	10646	12152	1506	+	19887	35	13205.1792829	1527.81419193
SRR19152326	B+P_15-2	15	2	QPI16927.1	CDS	QPI16927.1		hypothetical protein	12153	12951	798	+	9401	23	11780.7017544	1363.00484421
SRR19152326	B+P_15-2	15	2	QPI16928.1	CDS	QPI16928.1		hypothetical protein	13033	14215	1182	+	1284	0	1086.29441624	125.682203187
SRR19152326	B+P_15-2	15	2	QPI16929.1	CDS	QPI16929.1		hypothetical protein	14249	14939	690	+	3200	16	4637.68115942	536.570912158
SRR19152326	B+P_15-2	15	2	QPI16930.1	CDS	QPI16930.1		hypothetical protein	15071	15812	741	+	11511	8	15534.4129555	1797.30210914
SRR19152326	B+P_15-2	15	2	QPI16931.1	CDS	QPI16931.1		glycosyltransferase family 2 protein	15873	17343	1470	+	11382	45	7742.85714286	895.833882718
SRR19152326	B+P_15-2	15	2	QPI16932.1	CDS	QPI16932.1		hypothetical protein	17317	17902	585	+	2091	7	3574.35897436	413.546552539
SRR19152326	B+P_15-2	15	2	QPI16933.1	CDS	QPI16933.1		hypothetical protein	17901	18840	939	+	3902	19	4155.48455804	480.781680137
SRR19152326	B+P_15-2	15	2	QPI16934.1	CDS	QPI16934.1		hypothetical protein	18845	19802	957	+	1938	6	2025.07836991	234.297725691
SRR19152326	B+P_15-2	15	2	QPI16935.1	CDS	QPI16935.1		hypothetical protein	19873	20287	414	+	1724	4	4164.25120773	481.795964875
SRR19152326	B+P_15-2	15	2	QPI16936.1	CDS	QPI16936.1		DNA gyrase subunit B	20322	22608	2286	+	27075	17	11843.832021	1370.3088963
SRR19152326	B+P_15-2	15	2	QPI16937.1	CDS	QPI16937.1		hypothetical protein	22690	23584	894	+	25392	18	28402.6845638	3286.13672226
SRR19152326	B+P_15-2	15	2	QPI16938.1	CDS	QPI16938.1		hypothetical protein	23607	23976	369	+	61189	60	165823.848238	19185.5046624
SRR19152326	B+P_15-2	15	2	QPI16939.1	CDS	QPI16939.1		hypothetical protein	24199	24535	336	+	3258	5	9696.42857143	1121.85839095
SRR19152326	B+P_15-2	15	2	QPI16940.1	CDS	QPI16940.1		hypothetical protein	24609	25173	564	+	4017	2	7122.34042553	824.041275684
SRR19152326	B+P_15-2	15	2	QPI16941.1	CDS	QPI16941.1		HNH endonuclease	25228	25645	417	+	4627	22	11095.9232614	1283.77727164
SRR19152326	B+P_15-2	15	2	QPI16942.1	CDS	QPI16942.1		hypothetical protein	25659	26199	540	+	12468	9	23088.8888889	2671.3406433
SRR19152326	B+P_15-2	15	2	QPI16943.1	CDS	QPI16943.1		hypothetical protein	26251	26548	297	+	831	1	2797.97979798	323.720954674
SRR19152326	B+P_15-2	15	2	QPI16944.1	CDS	QPI16944.1		gyrase subunit A protein	26646	30198	3552	+	56271	24	15842.0608108	1832.89638238
SRR19152326	B+P_15-2	15	2	QPI16945.1	CDS	QPI16945.1		hypothetical protein	30315	32355	2040	+	2695	10	1321.07843137	152.846268337
SRR19152326	B+P_15-2	15	2	QPI16946.1	CDS	QPI16946.1		hypothetical protein	32700	34752	2052	+	41317	63	20134.9902534	2329.58017491
SRR19152326	B+P_15-2	15	2	QPI16947.1	CDS	QPI16947.1		hypothetical protein	34843	35161	318	+	13402	7	42144.6540881	4876.0565268
SRR19152326	B+P_15-2	15	2	QPI16948.1	CDS	QPI16948.1		hypothetical protein	35191	35569	378	+	11424	10	30222.2222222	3496.65377756
SRR19152326	B+P_15-2	15	2	QPI16949.1	CDS	QPI16949.1		hypothetical protein	35570	35867	297	+	45994	41	154861.952862	17917.2341628
SRR19152326	B+P_15-2	15	2	QPI16950.1	CDS	QPI16950.1		hypothetical protein	35881	36253	372	+	7199	5	19352.1505376	2239.0071049
SRR19152326	B+P_15-2	15	2	QPI16951.1	CDS	QPI16951.1		membrane protein	36287	36599	312	+	73183	55	234560.897436	27138.2508558
SRR19152326	B+P_15-2	15	2	QPI16952.1	CDS	QPI16952.1		hypothetical protein	36673	37030	357	+	4686	7	13126.0504202	1518.65913263
SRR19152326	B+P_15-2	15	2	QPI16953.1	CDS	QPI16953.1		hypothetical protein	37107	37464	357	+	1750	16	4901.96078431	567.147563402
SRR19152326	B+P_15-2	15	2	QPI16954.1	CDS	QPI16954.1		hypothetical protein	37503	37890	387	+	5704	18	14739.0180879	1705.27643188
SRR19152326	B+P_15-2	15	2	QPI16955.1	CDS	QPI16955.1		hypothetical protein	37892	38156	264	+	92	0	348.484848485	40.3190358709
SRR19152326	B+P_15-2	15	2	QPI16956.1	CDS	QPI16956.1		hypothetical protein	38157	38328	171	+	318	3	1859.64912281	215.157875632
SRR19152326	B+P_15-2	15	2	QPI16957.1	CDS	QPI16957.1		hypothetical protein	38350	38749	399	+	39032	2	97824.5614035	11318.1161747
SRR19152326	B+P_15-2	15	2	QPI16958.1	CDS	QPI16958.1		hypothetical protein	38793	39117	324	+	46929	59	144842.592593	16758.013187
SRR19152326	B+P_15-2	15	2	QPI16959.1	CDS	QPI16959.1		hypothetical protein	39136	39526	390	+	11333	4	29058.974359	3362.06820654
SRR19152326	B+P_15-2	15	2	QPI16960.1	CDS	QPI16960.1		hypothetical protein	39608	39989	381	+	179321	56	470658.792651	54454.3294389
SRR19152326	B+P_15-2	15	2	QPI16961.1	CDS	QPI16961.1		hypothetical protein	40003	40279	276	+	20899	6	75721.0144928	8760.77772905
SRR19152326	B+P_15-2	15	2	QPI16962.1	CDS	QPI16962.1		hypothetical protein	40300	40561	261	+	23798	41	91180.0766284	10549.3618913
SRR19152326	B+P_15-2	15	2	QPI16963.1	CDS	QPI16963.1		prohibitin family protein	40598	41402	804	+	210391	252	261680.348259	30275.9198686
SRR19152326	B+P_15-2	15	2	QPI16964.1	CDS	QPI16964.1		hypothetical protein	41659	42283	624	+	380	1	608.974358974	70.4571780688
SRR19152326	B+P_15-2	15	2	QPI16965.1	CDS	QPI16965.1		hypothetical protein	42279	43206	927	+	8473	12	9140.2373247	1057.50811883
SRR19152326	B+P_15-2	15	2	QPI16966.1	CDS	QPI16966.1		hypothetical protein	43231	43480	249	+	109	2	437.751004016	50.6469607221
SRR19152326	B+P_15-2	15	2	QPI16967.1	CDS	QPI16967.1		hypothetical protein	43497	43833	336	+	3566	11	10613.0952381	1227.91498531
SRR19152326	B+P_15-2	15	2	QPI16968.1	CDS	QPI16968.1		hypothetical protein	43962	44580	618	+	6406	3	10365.6957929	1199.29133883
SRR19152326	B+P_15-2	15	2	QPI16969.1	CDS	QPI16969.1		toxic anion resistance protein	44642	45737	1095	+	46398	91	42372.6027397	4902.42975336
SRR19152326	B+P_15-2	15	2	QPI16970.1	CDS	QPI16970.1		hypothetical protein	45751	46888	1137	+	65818	50	57887.4230431	6697.46502983
SRR19152326	B+P_15-2	15	2	QPI16971.1	CDS	QPI16971.1		hypothetical protein	46891	47560	669	+	54003	230	80721.9730942	9339.37915209
SRR19152326	B+P_15-2	15	2	QPI16972.1	CDS	QPI16972.1		UvsX-like recombinase	47761	49063	1302	+	37997	25	29183.5637481	3376.48296251
SRR19152326	B+P_15-2	15	2	QPI16973.1	CDS	QPI16973.1		RNA polymerase beta subunit	49207	51343	2136	+	74135	60	34707.3970037	4015.57999111
SRR19152326	B+P_15-2	15	2	QPI16974.1	CDS	QPI16974.1		hypothetical protein	51368	51911	543	+	6970	2	12836.0957643	1485.11192901
SRR19152326	B+P_15-2	15	2	QPI16975.1	CDS	QPI16975.1		hypothetical protein	51998	52376	378	+	343833	616	909611.111111	105240.279963
SRR19152326	B+P_15-2	15	2	QPI16976.1	CDS	QPI16976.1		hypothetical protein	52458	54327	1869	+	10599	28	5670.9470305	656.117813268
SRR19152326	B+P_15-2	15	2	QPI16977.1	CDS	QPI16977.1		hypothetical protein	54342	54927	585	+	24444	132	41784.6153846	4834.40073183
SRR19152326	B+P_15-2	15	2	QPI16978.1	CDS	QPI16978.1		hypothetical protein	54944	55619	675	+	4683	8	6937.77777778	802.687727467
SRR19152326	B+P_15-2	15	2	QPI16979.1	CDS	QPI16979.1		hypothetical protein	55636	56797	1161	+	3488	14	3004.30663221	347.592577979
SRR19152326	B+P_15-2	15	2	QPI16980.1	CDS	QPI16980.1		hypothetical protein	56814	57225	411	+	16071	45	39102.189781	4524.04917823
SRR19152326	B+P_15-2	15	2	QPI16981.1	CDS	QPI16981.1		NAD-dependent DNA-ligase	57214	59194	1980	+	64961	17	32808.5858586	3795.89114379
SRR19152326	B+P_15-2	15	2	QPI16982.1	CDS	QPI16982.1		hypothetical protein	59211	59535	324	+	43109	288	133052.469136	15393.9182697
SRR19152326	B+P_15-2	15	2	QPI16983.1	CDS	QPI16983.1		hypothetical protein	59568	59997	429	+	6632	18	15459.2074592	1788.60097589
SRR19152326	B+P_15-2	15	2	QPI16984.1	CDS	QPI16984.1		hypothetical protein	60010	60466	456	+	7731	12	16953.9473684	1961.53954777
SRR19152326	B+P_15-2	15	2	QPI16985.1	CDS	QPI16985.1		hypothetical protein	60666	61116	450	+	6995	3	15544.4444444	1798.46273339
SRR19152326	B+P_15-2	15	2	QPI16986.1	CDS	QPI16986.1		hypothetical protein	61130	61592	462	+	106	2	229.437229437	26.5454521883
SRR19152326	B+P_15-2	15	2	QPI16987.1	CDS	QPI16987.1		hypothetical protein	61610	62060	450	+	74	1	164.444444444	19.0259102603
SRR19152326	B+P_15-2	15	2	QPI16988.1	CDS	QPI16988.1		hypothetical protein	62148	62574	426	+	6386	11	14990.6103286	1734.38517685
SRR19152326	B+P_15-2	15	2	QPI16989.1	CDS	QPI16989.1		hypothetical protein	62633	63290	657	+	1837	35	2796.04261796	323.496826621
SRR19152326	B+P_15-2	15	2	QPI16990.1	CDS	QPI16990.1		hypothetical protein	63310	63604	294	+	44	2	149.659863946	17.3153623439
SRR19152326	B+P_15-2	15	2	QPI16991.1	CDS	QPI16991.1		hypothetical protein	63603	63819	216	+	38	0	175.925925926	20.3542958865
SRR19152326	B+P_15-2	15	2	QPI16992.1	CDS	QPI16992.1		hypothetical protein	63891	64275	384	+	118081	30	307502.604167	35577.4679494
SRR19152326	B+P_15-2	15	2	QPI16993.1	CDS	QPI16993.1		hypothetical protein	64298	64616	318	+	105746	176	332534.591195	38473.6213612
SRR19152326	B+P_15-2	15	2	QPI16994.1	CDS	QPI16994.1		hypothetical protein	64665	64974	309	-	1140	1353	3689.32038835	426.847370048
SRR19152326	B+P_15-2	15	2	QPI16995.1	CDS	QPI16995.1		DNA-directed RNA polymerase beta subunit	65165	66788	1623	+	92670	78	57097.9667283	6606.12643185
SRR19152326	B+P_15-2	15	2	QPI16996.1	CDS	QPI16996.1		DNA-directed RNA polymerase beta' subunit	66787	68098	1311	+	51172	40	39032.7993898	4516.0208416
SRR19152326	B+P_15-2	15	2	QPI16997.1	CDS	QPI16997.1		hypothetical protein	68160	68826	666	+	17700	32	26576.5765766	3074.85949239
SRR19152326	B+P_15-2	15	2	QPI16998.1	CDS	QPI16998.1		hypothetical protein	68839	69406	567	+	32396	166	57135.8024691	6610.50395529
SRR19152326	B+P_15-2	15	2	QPI16999.1	CDS	QPI16999.1		DNA primase	69425	70478	1053	+	93453	22	88749.2877493	10268.1242293
SRR19152326	B+P_15-2	15	2	QPI17000.1	CDS	QPI17000.1		hypothetical protein	70560	71055	495	+	1543	16	3117.17171717	360.650854196
SRR19152326	B+P_15-2	15	2	QPI17001.1	CDS	QPI17001.1		hypothetical protein	71076	71709	633	+	609	6	962.085308057	111.311445003
SRR19152326	B+P_15-2	15	2	QPI17002.1	CDS	QPI17002.1		hypothetical protein	71726	72470	744	+	751	1	1009.40860215	116.786660354
SRR19152326	B+P_15-2	15	2	QPI17003.1	CDS	QPI17003.1		hypothetical protein	72606	72864	258	+	18	0	69.7674418605	8.07196066982
SRR19152326	B+P_15-2	15	2	QPI17004.1	CDS	QPI17004.1		hypothetical protein	72982	73489	507	+	25674	17	50639.0532544	5858.84239591
SRR19152326	B+P_15-2	15	2	QPI17005.1	CDS	QPI17005.1		hypothetical protein	73508	73622	114	+	140	3	1228.07017544	142.085389568
SRR19152326	B+P_15-2	15	2	QPI17006.1	CDS	QPI17006.1		hypothetical protein	73740	74367	627	+	31770	15	50669.8564593	5862.40626828
SRR19152326	B+P_15-2	15	2	QPI17007.1	CDS	QPI17007.1		hypothetical protein	74545	74671	126	+	4523	54	35896.8253968	4153.19459977
SRR19152326	B+P_15-2	15	2	QPI17008.1	CDS	QPI17008.1		hypothetical protein	74810	75107	297	+	48620	182	163703.703704	18940.2079618
SRR19152326	B+P_15-2	15	2	QPI17009.1	CDS	QPI17009.1		hypothetical protein	75129	75309	180	+	4427	18	24594.4444444	2845.53056494
SRR19152326	B+P_15-2	15	2	QPI17010.1	CDS	QPI17010.1		hypothetical protein	75310	75499	189	+	10952	43	57947.0899471	6704.36837743
SRR19152326	B+P_15-2	15	2	QPI17011.1	CDS	QPI17011.1		hypothetical protein	75529	75628	99	+	4305	3	43484.8484848	5031.11447607
SRR19152326	B+P_15-2	15	2	QPI17012.1	CDS	QPI17012.1		hypothetical protein	75700	76261	561	+	54060	1127	96363.6363636	11149.0899191
SRR19152326	B+P_15-2	15	2	QPI17013.1	CDS	QPI17013.1		hypothetical protein	76294	76813	519	+	30854	1011	59448.9402697	6878.12961065
SRR19152326	B+P_15-2	15	2	QPI17014.1	CDS	QPI17014.1		hypothetical protein	76839	77358	519	+	68289	198	131578.034682	15223.3290005
SRR19152326	B+P_15-2	15	2	QPI17015.1	CDS	QPI17015.1		hypothetical protein	77372	77618	246	+	2040	3	8292.68292683	959.447682868
SRR19152326	B+P_15-2	15	2	QPI17016.1	CDS	QPI17016.1		hypothetical protein	77701	78415	714	+	68	0	95.2380952381	11.0188669461
SRR19152326	B+P_15-2	15	2	QPI17017.1	CDS	QPI17017.1		hypothetical protein	78485	79019	534	+	36264	39	67910.1123596	7857.07117004
SRR19152326	B+P_15-2	15	2	QPI17018.1	CDS	QPI17018.1		hypothetical protein	79085	79580	495	+	2228	8	4501.01010101	520.758329974
SRR19152326	B+P_15-2	15	2	QPI17019.1	CDS	QPI17019.1		hypothetical protein	79579	79771	192	+	4627	2	24098.9583333	2788.20376185
SRR19152326	B+P_15-2	15	2	QPI17020.1	CDS	QPI17020.1		hypothetical protein	79779	80604	825	+	1910	6	2315.15151515	267.858638308
SRR19152326	B+P_15-2	15	2	QPI17021.1	CDS	QPI17021.1		hypothetical protein	80603	81065	462	+	1464	6	3168.83116883	366.627754752
SRR19152326	B+P_15-2	15	2	QPI17022.1	CDS	QPI17022.1		hypothetical protein	81078	81525	447	+	483	5	1080.53691275	125.016070956
SRR19152326	B+P_15-2	15	2	QPI17023.1	CDS	QPI17023.1		hypothetical protein	81588	81933	345	+	18679	10	54142.0289855	6264.13004262
SRR19152326	B+P_15-2	15	2	QPI17024.1	CDS	QPI17024.1		hypothetical protein	81950	82433	483	+	9106	22	18853.0020704	2181.25657416
SRR19152326	B+P_15-2	15	2	QPI17025.1	CDS	QPI17025.1		hypothetical protein	82498	82783	285	+	11527	78	40445.6140351	4679.48081586
SRR19152326	B+P_15-2	15	2	QPI17026.1	CDS	QPI17026.1		hypothetical protein	82858	83458	600	+	8384	88	13973.3333333	1616.68815833
SRR19152326	B+P_15-2	15	2	QPI17027.1	CDS	QPI17027.1		hypothetical protein	83457	83994	537	+	1840	2	3426.44320298	396.432978396
SRR19152326	B+P_15-2	15	2	QPI17028.1	CDS	QPI17028.1		hypothetical protein	84012	84801	789	+	2066	2	2618.50443599	302.955995769
SRR19152326	B+P_15-2	15	2	QPI17029.1	CDS	QPI17029.1		hypothetical protein	84865	85525	660	+	120	1	181.818181818	21.0360187153
SRR19152326	B+P_15-2	15	2	QPI17030.1	CDS	QPI17030.1		hypothetical protein	85582	86284	702	+	371	0	528.49002849	61.1452937158
SRR19152326	B+P_15-2	15	2	QPI17031.1	CDS	QPI17031.1		hypothetical protein	86437	86908	471	+	153202	761	325269.639066	37633.0801819
SRR19152326	B+P_15-2	15	2	QPI17032.1	CDS	QPI17032.1		hypothetical protein	86972	87404	432	-	1737	39	4020.83333333	465.202788881
SRR19152326	B+P_15-2	15	2	QPI17033.1	CDS	QPI17033.1		hypothetical protein	87427	90424	2997	-	9294	305	3101.1011011	358.791514404
SRR19152326	B+P_15-2	15	2	QPI17034.1	CDS	QPI17034.1		hypothetical protein	90483	90990	507	-	615	2	1213.01775148	140.343852671
SRR19152326	B+P_15-2	15	2	QPI17035.1	CDS	QPI17035.1		holliday junction resolvase	90991	91618	627	-	703	11	1121.21212121	129.722115411
SRR19152326	B+P_15-2	15	2	QPI17036.1	CDS	QPI17036.1		hypothetical protein	91741	92248	507	-	1811	25	3571.99211045	413.272710875
SRR19152326	B+P_15-2	15	2	QPI17037.1	CDS	QPI17037.1		hypothetical protein	92275	92839	564	-	1021	38	1810.28368794	209.446388467
SRR19152326	B+P_15-2	15	2	QPI17038.1	CDS	QPI17038.1		hypothetical protein	92825	93317	492	-	35	2	71.1382113821	8.23055610303
SRR19152326	B+P_15-2	15	2	QPI17039.1	CDS	QPI17039.1		hypothetical protein	93585	93936	351	-	5356	38	15259.2592593	1765.46734847
SRR19152326	B+P_15-2	15	2	QPI17040.1	CDS	QPI17040.1		hypothetical protein	93976	94717	741	-	221	1	298.245614035	34.5064517523
SRR19152326	B+P_15-2	15	2	QPI17041.1	CDS	QPI17041.1		hypothetical protein	94731	105765	11034	-	27706	303	2510.96610477	290.514014853
SRR19152326	B+P_15-2	15	2	QPI17042.1	CDS	QPI17042.1		DUF1617 family protein	105816	106236	420	-	1146	0	2728.57142857	315.690538006
SRR19152326	B+P_15-2	15	2	QPI17043.1	CDS	QPI17043.1		putative membrane protein	106434	107610	1176	+	95	82	80.7823129252	9.34636035606
SRR19152326	B+P_15-2	15	2	QPI17044.1	CDS	QPI17044.1		hypothetical protein	107669	108452	783	-	33179	50	42374.201788	4902.61476021
SRR19152326	B+P_15-2	15	2	QPI17045.1	CDS	QPI17045.1		hypothetical protein	108539	109172	633	-	64	0	101.105845182	11.6977544831
SRR19152326	B+P_15-2	15	2	QPI17046.1	CDS	QPI17046.1		hypothetical protein	109626	112170	2544	+	2333	6	917.059748428	106.10207317
SRR19152326	B+P_15-2	15	2	QPI17047.1	CDS	QPI17047.1		virion protein	112174	113011	837	+	7023	25	8390.68100358	970.785874439
SRR19152326	B+P_15-2	15	2	QPI17048.1	CDS	QPI17048.1		hypothetical protein	113056	113233	177	-	212	454	1197.74011299	138.576258881
SRR19152326	B+P_15-2	15	2	QPI17049.1	CDS	QPI17049.1		hypothetical protein	113332	114001	669	+	1403	28	2097.15994021	242.637426631
SRR19152326	B+P_15-2	15	2	QPI17050.1	CDS	QPI17050.1		hypothetical protein	114022	114607	585	+	132	0	225.641025641	26.1062386108
SRR19152326	B+P_15-2	15	2	QPI17051.1	CDS	QPI17051.1		virion protein	115021	115738	717	-	229	180	319.386331939	36.9523927084
SRR19152326	B+P_15-2	15	2	QPI17052.1	CDS	QPI17052.1		prohead core scaffold protein and protease	115760	116603	843	-	409	91	485.172004745	56.1334805457
SRR19152326	B+P_15-2	15	2	QPI17053.1	CDS	QPI17053.1		hypothetical protein	116717	117734	1017	+	179	1	176.007866273	20.3637762293
SRR19152326	B+P_15-2	15	2	QPI17054.1	CDS	QPI17054.1		hypothetical protein	117723	118374	651	+	328	15	503.840245776	58.2933606181
SRR19152326	B+P_15-2	15	2	QPI17055.1	CDS	QPI17055.1		precursor of major head subunit	118580	120179	1599	+	13751	40	8599.74984365	994.974742618
SRR19152326	B+P_15-2	15	2	QPI17056.1	CDS	QPI17056.1		hypothetical protein	120271	121435	1164	+	88	4	75.6013745704	8.74693561701
SRR19152326	B+P_15-2	15	2	QPI17057.1	CDS	QPI17057.1		terminase large subunit	121455	123489	2034	+	1502	12	738.446411013	85.4368488726
SRR19152326	B+P_15-2	15	2	QPI17058.1	CDS	QPI17058.1		hypothetical protein	123653	124445	792	+	85	0	107.323232323	12.4170943805
SRR19152326	B+P_15-2	15	2	QPI17059.1	CDS	QPI17059.1		hypothetical protein	124469	125222	753	+	842	3	1118.1938911	129.372911913
SRR19152326	B+P_15-2	15	2	QPI17060.1	CDS	QPI17060.1		glutaredoxin family protein	125259	125499	240	+	548	0	2283.33333333	264.177335033
SRR19152326	B+P_15-2	15	2	QPI17061.1	CDS	QPI17061.1		transglycosylase SLT domain-containing protein	125528	125732	204	+	2120	8	10392.1568627	1202.35283441
SRR19152326	B+P_15-2	15	2	QPI17062.1	CDS	QPI17062.1		hypothetical protein	125809	126553	744	+	1869	34	2512.09677419	290.644831161
SRR19152326	B+P_15-2	15	2	QPI17063.1	CDS	QPI17063.1		class Ib ribonucleoside-diphosphate reductase assembly flavoprotein	126568	126973	405	+	266	2	656.790123457	75.9893713098
SRR19152326	B+P_15-2	15	2	QPI17064.1	CDS	QPI17064.1		class 1b ribonucleoside-diphosphate reductase subunit alpha	126998	129200	2202	+	13607	18	6179.38237965	714.94281863
SRR19152326	B+P_15-2	15	2	QPI17065.1	CDS	QPI17065.1		hypothetical protein	129214	129433	219	+	849	0	3876.71232877	448.528262059
SRR19152326	B+P_15-2	15	2	QPI17066.1	CDS	QPI17066.1		ribonucleoside-diphosphate reductase class Ib beta subunit	129458	130529	1071	+	4304	3	4018.67413632	464.952973882
SRR19152326	B+P_15-2	15	2	QPI17067.1	CDS	QPI17067.1		virion protein	130636	131383	747	+	239	1	319.946452477	37.017197592
SRR19152326	B+P_15-2	15	2	QPI17068.1	CDS	QPI17068.1		hypothetical protein	131404	131605	201	+	10	0	49.7512437811	5.75612452408
SRR19152326	B+P_15-2	15	2	QPI17069.1	CDS	QPI17069.1		hypothetical protein	131733	134880	3147	+	49063	118	15590.4035589	1803.78011575
SRR19152326	B+P_15-2	15	2	QPI17070.1	CDS	QPI17070.1		hypothetical protein	135021	135798	777	+	15440	143	19871.2998713	2299.07169794
SRR19152326	B+P_15-2	15	2	QPI17071.1	CDS	QPI17071.1		hypothetical protein	135851	138017	2166	-	990	25	457.063711911	52.8814043881
SRR19152326	B+P_15-2	15	2	QPI17072.1	CDS	QPI17072.1		hypothetical protein	138052	139543	1491	-	1096	46	735.077129443	85.0470293868
SRR19152326	B+P_15-2	15	2	QPI17073.1	CDS	QPI17073.1		tail tape measure protein	139672	145531	5859	-	10736	72	1832.39460659	212.004579809
SRR19152326	B+P_15-2	15	2	QPI17074.1	CDS	QPI17074.1		tail tape measure protein	145555	151618	6063	-	3929	69	648.029028534	74.9757292475
SRR19152326	B+P_15-2	15	2	QPI17075.1	CDS	QPI17075.1		hypothetical protein	151767	152418	651	-	29794	38	45766.5130568	5295.09873858
SRR19152326	B+P_15-2	15	2	QPI17076.1	CDS	QPI17076.1		hypothetical protein	152440	153355	915	-	289523	1687	316418.579235	36609.0293506
SRR19152326	B+P_15-2	15	2	QPI17077.1	CDS	QPI17077.1		exodeoxyribonuclease V	153685	154894	1209	+	7809	5	6459.05707196	747.300649968
SRR19152326	B+P_15-2	15	2	QPI17078.1	CDS	QPI17078.1		hypothetical protein	154913	155168	255	+	601	0	2356.8627451	272.684548484
SRR19152326	B+P_15-2	15	2	QPI17079.1	CDS	QPI17079.1		hypothetical protein	155179	155359	180	+	129	1	716.666666667	82.9169737694
SRR19152326	B+P_15-2	15	2	QPI17080.1	CDS	QPI17080.1		hypothetical protein	155373	155829	456	+	415	2	910.087719298	105.295422626
SRR19152326	B+P_15-2	15	2	QPI17081.1	CDS	QPI17081.1		hypothetical protein	155840	156119	279	+	316	0	1132.61648746	131.04157895
SRR19152326	B+P_15-2	15	2	QPI17082.1	CDS	QPI17082.1		hypothetical protein	156138	156414	276	+	55	0	199.275362319	23.0557813818
SRR19152326	B+P_15-2	15	2	QPI17083.1	CDS	QPI17083.1		hypothetical protein	156427	156700	273	+	1228	0	4498.16849817	520.429561916
SRR19152326	B+P_15-2	15	2	QPI17084.1	CDS	QPI17084.1		hypothetical protein	156702	156930	228	+	2849	10	12495.6140351	1445.71883886
SRR19152326	B+P_15-2	15	2	QPI17085.1	CDS	QPI17085.1		hypothetical protein	156956	157148	192	+	84	0	437.5	50.6179200336
SRR19152326	B+P_15-2	15	2	QPI17086.1	CDS	QPI17086.1		baseplate wedge protein	157183	159412	2229	-	221	62	99.1475998205	11.4711892097
SRR19152326	B+P_15-2	15	2	QPI17087.1	CDS	QPI17087.1		AAA family ATPase	159590	161135	1545	+	136116	285	88100.9708738	10193.1151967
SRR19152326	B+P_15-2	15	2	QPI17088.1	CDS	QPI17088.1		hypothetical protein	161211	163137	1926	+	71983	106	37374.3509865	4324.14150753
SRR19152326	B+P_15-2	15	2	QPI17089.1	CDS	QPI17089.1		hypothetical protein	163220	165332	2112	+	4275	22	2024.14772727	234.190052104
SRR19152326	B+P_15-2	15	2	QPI17090.1	CDS	QPI17090.1		hypothetical protein	165373	166615	1242	+	14176	74	11413.8486312	1320.56063381
SRR19152326	B+P_15-2	15	2	QPI17091.1	CDS	QPI17091.1		hypothetical protein	166631	167345	714	+	3469	27	4858.54341737	562.124256412
SRR19152326	B+P_15-2	15	2	QPI17092.1	CDS	QPI17092.1		hypothetical protein	167400	167676	276	-	757	563	2742.75362319	317.331391018
SRR19152326	B+P_15-2	15	2	QPI17093.1	CDS	QPI17093.1		DNA-polymerase catalytic subunit	167811	169764	1953	+	28478	45	14581.6692268	1687.07146716
SRR19152326	B+P_15-2	15	2	QPI17094.1	CDS	QPI17094.1		5'(3')-deoxyribonucleotidase	169879	170587	708	+	7896	14	11152.5423729	1290.32799543
SRR19152326	B+P_15-2	15	2	QPI17095.1	CDS	QPI17095.1		DNA-directed RNA polymerase beta' subunit	170678	172190	1512	+	4723	2	3123.67724868	361.40353185
SRR19152326	B+P_15-2	15	2	QPI17096.1	CDS	QPI17096.1		hypothetical protein	172201	172756	555	+	116	0	209.009009009	24.1819458385
SRR19152326	B+P_15-2	15	2	QPI17097.1	CDS	QPI17097.1		hypothetical protein	172900	173197	297	+	70321	250	236771.043771	27393.960594
SRR19152326	B+P_15-2	15	2	QPI17098.1	CDS	QPI17098.1		hypothetical protein	173330	174011	681	+	335	11	491.923641703	56.9146321335
SRR19152326	B+P_15-2	15	2	QPI17099.1	CDS	QPI17099.1		hypothetical protein	174035	174710	675	+	126	0	186.666666667	21.5969792144
SRR19152326	B+P_15-2	15	2	QPI17100.1	CDS	QPI17100.1		hypothetical protein	174802	175417	615	+	432	0	702.43902439	81.2708625488
SRR19152326	B+P_15-2	15	2	QPI17101.1	CDS	QPI17101.1		hypothetical protein	175437	176085	648	+	147	4	226.851851852	26.2463289063
SRR19152326	B+P_15-2	15	2	QPI17102.1	CDS	QPI17102.1		hypothetical protein	176103	176730	627	+	115	0	183.41307815	21.2205451952
SRR19152326	B+P_15-2	15	2	QPI17103.1	CDS	QPI17103.1		hypothetical protein	176785	177565	780	+	5618	10	7202.56410256	833.323002927
SRR19152326	B+P_15-2	15	2	QPI17104.1	CDS	QPI17104.1		hypothetical protein	177629	177977	348	+	876	0	2517.24137931	291.240052213
SRR19152326	B+P_15-2	15	2	QPI17105.1	CDS	QPI17105.1		hypothetical protein	177994	178129	135	+	132	3	977.777777778	113.12703398
SRR19152326	B+P_15-2	15	2	QPI17106.1	CDS	QPI17106.1		hypothetical protein	178128	178539	411	+	3710	4	9026.76399027	1044.37946931
SRR19152326	B+P_15-2	15	2	QPI17107.1	CDS	QPI17107.1		hypothetical protein	178623	179418	795	+	2226	13	2800	323.954688215
SRR19152326	B+P_15-2	15	2	QPI17108.1	CDS	QPI17108.1		hypothetical protein	179417	180200	783	+	17504	20	22355.0446999	2586.43626278
SRR19152326	B+P_15-2	15	2	QPI17109.1	CDS	QPI17109.1		hypothetical protein	180216	180975	759	+	4198	11	5530.96179183	639.921786715
SRR19152326	B+P_15-2	15	2	QPI17110.1	CDS	QPI17110.1		hypothetical protein	180988	181738	750	+	5907	5	7876	911.238258708
SRR19152326	B+P_15-2	15	2	QPI17111.1	CDS	QPI17111.1		ATPase	181794	184530	2736	+	11767	23	4300.80409357	497.594874717
SRR19152326	B+P_15-2	15	2	QPI17112.1	CDS	QPI17112.1		hypothetical protein	184543	184741	198	+	14071	23	71065.6565657	8222.16164841
SRR19152326	B+P_15-2	15	2	QPI17113.1	CDS	QPI17113.1		hypothetical protein	184761	185064	303	+	13091	6	43204.620462	4998.69262544
SRR19152326	B+P_15-2	15	2	QPI17114.1	CDS	QPI17114.1		hypothetical protein	185069	185381	312	+	2253	8	7221.15384615	835.473800995
SRR19152326	B+P_15-2	15	2	QPI17115.1	CDS	QPI17115.1		hypothetical protein	185396	185534	138	+	397	0	2876.8115942	332.841643948
SRR19152326	B+P_15-2	15	2	QPI17116.1	CDS	QPI17116.1		DNA polymerase	185661	187380	1719	+	17352	39	10094.2408377	1167.88451548
SRR19152326	B+P_15-2	15	2	QPI17117.1	CDS	QPI17117.1		hypothetical protein	187391	188171	780	+	1527	5	1957.69230769	226.501286129
SRR19152326	B+P_15-2	15	2	QPI17118.1	CDS	QPI17118.1		portal vertex protein	188233	190690	2457	+	47120	94	19177.8591779	2218.84192521
SRR19152326	B+P_15-2	15	2	QPI17119.1	CDS	QPI17119.1		DNA-directed RNA polymerase beta' subunit	190802	192719	1917	+	25335	31	13215.9624413	1529.06178291
SRR19152326	B+P_15-2	15	2	QPI17120.1	CDS	QPI17120.1		hypothetical protein	192795	193065	270	+	187	3	692.592592593	80.1316490691
SRR19152326	B+P_15-2	15	2	QPI17121.1	CDS	QPI17121.1		hypothetical protein	193132	193579	447	+	11518	3	25767.3378076	2981.232102
SRR19152326	B+P_15-2	15	2	QPI17122.1	CDS	QPI17122.1		DNA/RNA helicase of superfamily II	193598	195146	1548	+	15952	8	10304.9095607	1192.25848708
SRR19152326	B+P_15-2	15	2	QPI17123.1	CDS	QPI17123.1		hypothetical protein	195164	195881	717	+	682	1	951.185495119	110.050357324
SRR19152326	B+P_15-2	15	2	QPI17124.1	CDS	QPI17124.1		hypothetical protein	195880	196480	600	+	6855	2	11425	1321.85082602
SRR19152326	B+P_15-2	15	2	QPI17125.1	CDS	QPI17125.1		hypothetical protein	196561	197812	1251	+	626552	1768	500840.927258	57946.3451555
SRR19152326	B+P_15-2	15	2	QPI17126.1	CDS	QPI17126.1		hypothetical protein	197913	198750	837	+	8105	12	9683.39307049	1120.35020822
SRR19152326	B+P_15-2	15	2	QPI17127.1	CDS	QPI17127.1		hypothetical protein	198807	200475	1668	-	3371	161	2020.98321343	233.823923855
SRR19152326	B+P_15-2	15	2	QPI17128.1	CDS	QPI17128.1		hypothetical protein	200495	200969	474	-	5302	106	11185.6540084	1294.15894885
SRR19152326	B+P_15-2	15	2	QPI17129.1	CDS	QPI17129.1		endolysin	201038	201875	837	-	4447	232	5313.02270012	614.706647249
SRR19152326	B+P_15-2	15	2	QPI17130.1	CDS	QPI17130.1		N-acetylmuramoyl-L-alanine amidase	202014	202971	957	-	5475	67	5721.0031348	661.909209576
SRR19152326	B+P_15-2	15	2	QPI17131.1	CDS	QPI17131.1		hypothetical protein	203001	203229	228	-	231	1	1013.15789474	117.220446394
SRR19152326	B+P_15-2	15	2	QPI17132.1	CDS	QPI17132.1		hypothetical protein	203228	203966	738	-	303	7	410.569105691	47.5020666518
SRR19152326	B+P_15-2	15	2	QPI17133.1	CDS	QPI17133.1		hypothetical protein	203969	204686	717	-	186	15	259.414225941	30.0137338155
SRR19152326	B+P_15-2	15	2	QPI17134.1	CDS	QPI17134.1		hypothetical protein	204682	205507	825	-	810	11	981.818181818	113.594501062
SRR19152326	B+P_15-2	15	2	QPI17135.1	CDS	QPI17135.1		hypothetical protein	205523	206804	1281	-	925	34	722.092115535	83.544687911
SRR19152326	B+P_15-2	15	2	QPI17136.1	CDS	QPI17136.1		hypothetical protein	206952	209406	2454	-	2538	31	1034.22982885	119.658429196
SRR19152326	B+P_15-2	15	2	QPI17137.1	CDS	QPI17137.1		hypothetical protein	209429	210698	1269	-	925	19	728.920409771	84.3347086005
SRR19152326	B+P_15-2	15	2	QPI17138.1	CDS	QPI17138.1		hypothetical protein	210812	211319	507	-	4553	13	8980.27613412	1039.00091254
SRR19152326	B+P_15-2	15	2	QPI17139.1	CDS	QPI17139.1		hypothetical protein	211376	211934	558	-	779	25	1396.05734767	161.521186713
SRR19152326	B+P_15-2	15	2	QPI17140.1	CDS	QPI17140.1		DNA-directed RNA polymerase beta subunit	212038	216295	4257	-	7689	32	1806.20155039	208.974092896
SRR19152326	B+P_15-2	15	2	QPI17141.1	CDS	QPI17141.1		putative DNA-directed RNA-polymerase beta-subunit	216655	217882	1227	+	2886	5	2352.07823961	272.130990275
SRR19152326	B+P_15-2	15	2	QPI17142.1	CDS	QPI17142.1		hypothetical protein	218742	220959	2217	+	30644	174	13822.2823636	1599.21184768
SRR19152326	B+P_15-2	15	2	QPI17143.1	CDS	QPI17143.1		hypothetical protein	221014	221698	684	-	72	142	105.263157895	12.1787476773
SRR19152326	B+P_15-2	15	2	QPI17144.1	CDS	QPI17144.1		hypothetical protein	221875	224005	2130	+	51730	162	24286.3849765	2809.88866891
SRR19152326	B+P_15-2	15	2	QPI17145.1	CDS	QPI17145.1		ribonuclease HI	224094	224712	618	+	4133	11	6687.70226537	773.754465091
SRR19152326	B+P_15-2	15	2	QPI17146.1	CDS	QPI17146.1		dCMP deaminase	224712	225273	561	+	2520	1	4491.97860963	519.713403554
SRR19152326	B+P_15-2	15	2	QPI17147.1	CDS	QPI17147.1		hypothetical protein	225278	225509	231	+	50	0	216.45021645	25.0428794229
SRR19152326	B+P_15-2	15	2	QPI17148.1	CDS	QPI17148.1		hypothetical protein	225501	225990	489	+	685	0	1400.81799591	162.071984683
SRR19152326	B+P_15-2	15	2	QPI17149.1	CDS	QPI17149.1		hypothetical protein	226041	226809	768	-	203	1	264.322916667	30.5816600203
SRR19152326	B+P_15-2	15	2	QPI17150.1	CDS	QPI17150.1		hypothetical protein	226880	227015	135	-	8426	44	62414.8148148	7221.27566905
SRR19152326	B+P_15-2	15	2	QPI17151.1	CDS	QPI17151.1		guanylate kinase	227073	227634	561	-	7160	20	12762.9233512	1476.64601962
SRR19152326	B+P_15-2	15	2	QPI17152.1	CDS	QPI17152.1		endonuclease fused to N-terminal Zn finger domain	227708	228368	660	-	65	1	98.4848484848	11.3945101374
SRR19152326	B+P_15-2	15	2	QPI17153.1	CDS	QPI17153.1		baseplate wedge subunit	228613	229021	408	+	113	4	276.960784314	32.0438373322
SRR19152326	B+P_15-2	15	2	QPI17154.1	CDS	QPI17154.1		hypothetical protein	229058	230420	1362	+	1556	10	1142.43759178	132.177862089
SRR19152326	B+P_15-2	15	2	QPI17155.1	CDS	QPI17155.1		hypothetical protein	230533	230692	159	+	164	1	1031.44654088	119.336408058
SRR19152326	B+P_15-2	15	2	QPI17156.1	CDS	QPI17156.1		hypothetical protein	230724	231018	294	+	77	4	261.904761905	30.3018841018
SRR19152326	B+P_15-2	15	2	QPI17157.1	CDS	QPI17157.1		molecular chaperone GroEL	231032	232772	1740	+	4248	50	2441.37931034	282.462954749
SRR19152326	B+P_15-2	15	2	QPI17158.1	CDS	QPI17158.1		hypothetical protein	232933	233698	765	+	2250	30	2941.17647059	340.288538041
SRR19152326	B+P_15-2	15	2	QPI17159.1	CDS	QPI17159.1		hypothetical protein	233782	235516	1734	+	47743	49	27533.4486736	3185.56777877
SRR19152326	B+P_15-2	15	2	QPI17160.1	CDS	QPI17160.1		hypothetical protein	235599	236739	1140	-	1634	5	1433.33333333	165.833947539
SRR19152326	B+P_15-2	15	2	QPI17161.1	CDS	QPI17161.1		hypothetical protein	236855	238139	1284	+	17	2	13.2398753894	1.53182846564
SRR19152326	B+P_15-2	15	2	QPI17162.1	CDS	QPI17162.1		hypothetical protein	238162	238897	735	-	98	9	133.333333333	15.4264137245
SRR19152326	B+P_15-2	15	2	QPI17163.1	CDS	QPI17163.1		hypothetical protein	238974	239823	849	-	3464	26	4080.0942285	472.05916203
SRR19152326	B+P_15-2	15	2	QPI17164.1	CDS	QPI17164.1		hypothetical protein	239874	240921	1047	-	6798	8	6492.83667622	751.208886099
SRR19152326	B+P_15-2	15	2	QPI17165.1	CDS	QPI17165.1		minor virion structural protein	241092	242616	1524	-	883	9	579.396325459	67.0350557026
SRR19152326	B+P_15-2	15	2	QPI17166.1	CDS	QPI17166.1		hypothetical protein	242790	242937	147	-	3190	102	21700.6802721	2510.72753986
SRR19152326	B+P_15-2	15	2	QPI17167.1	CDS	QPI17167.1		hypothetical protein	243300	244278	978	-	84532	240	86433.5378323	10000.1963571
SRR19152326	B+P_15-2	15	2	QPI17168.1	CDS	QPI17168.1		hypothetical protein	244340	244460	120	-	28546	2431	237883.333333	27522.6503863
SRR19152326	B+P_15-2	15	2	QPI17169.1	CDS	QPI17169.1		virion protein	244607	245558	951	+	194	37	203.995793901	23.6019263609
SRR19152326	B+P_15-2	15	2	QPI17170.1	CDS	QPI17170.1		hypothetical protein	245580	248568	2988	+	228	10	76.3052208835	8.82836930019
SRR19152326	B+P_15-2	15	2	QPI17171.1	CDS	QPI17171.1		hypothetical protein	248610	249594	984	+	180	60	182.926829268	21.1642871221
SRR19152326	B+P_15-2	15	2	QPI17172.1	CDS	QPI17172.1		DnaB-like replicative helicase	249650	251402	1752	-	64413	39	36765.4109589	4253.68830153
SRR19152326	B+P_15-2	15	2	QPI17173.1	CDS	QPI17173.1		metallophosphatase	251427	252570	1143	-	31583	25	27631.6710411	3196.93192035
SRR19152326	B+P_15-2	15	2	QPI17174.1	CDS	QPI17174.1		hypothetical protein	252562	252943	381	-	1638	0	4299.21259843	497.410741748
SRR19152326	B+P_15-2	15	2	QPI17175.1	CDS	QPI17175.1		hypothetical protein	252935	253424	489	-	22828	50	46683.0265849	5401.13761509
SRR19152326	B+P_15-2	15	2	QPI17176.1	CDS	QPI17176.1		virion protein	253757	254657	900	+	1076	1	1195.55555556	138.32350973
SRR19152326	B+P_15-2	15	2	QPI17177.1	CDS	QPI17177.1		tail protein	254731	260719	5988	+	3362	7	561.456245825	64.9594225224
