run_accession	sample_alias	time_min	culture	window_id	window_class	start0	end0	length_nt	sense_midpoint_fragments	antisense_midpoint_fragments	sense_midpoint_density_per_nt	sense_span_bases	antisense_span_bases	sense_mean_fragment_depth	antisense_mean_fragment_depth	sense_coverage_breadth_ge1	antisense_coverage_breadth_ge1
SRR19152332	B+P_55-3	55	3	array_whole	whole_array	9447	10646	1199	142531	45	118.874895746	28071258	3925	23412.2251877	3.27356130108	1	0.421184320267
SRR19152332	B+P_55-3	55	3	array_distal_residual	array_partition	9447	9597	150	1	0	0.00666666666667	21972	0	146.48	0	1	0
SRR19152332	B+P_55-3	55	3	U1_core_to_core	core_to_core	9597	9809	212	514	6	2.42452830189	449637	351	2120.92924528	1.65566037736	1	0.283018867925
SRR19152332	B+P_55-3	55	3	U2_core_to_core	core_to_core	9809	9980	171	6500	0	38.0116959064	2141125	132	12521.1988304	0.771929824561	1	0.134502923977
SRR19152332	B+P_55-3	55	3	U3_core_to_core	core_to_core	9980	10181	201	79857	15	397.298507463	13170608	1157	65525.4129353	5.75621890547	1	0.870646766169
SRR19152332	B+P_55-3	55	3	U4_core_to_core	core_to_core	10181	10357	176	2632	0	14.9545454545	3599593	280	20452.2329545	1.59090909091	1	0.181818181818
SRR19152332	B+P_55-3	55	3	array_terminal_residual	array_partition	10357	10646	289	53027	24	183.484429066	8688323	2005	30063.4013841	6.93771626298	1	0.743944636678
SRR19152332	B+P_55-3	55	3	U1_spacer	repeat_excluded_spacer	9615	9805	190	501	6	2.63684210526	416677	327	2193.03684211	1.72105263158	1	0.294736842105
SRR19152332	B+P_55-3	55	3	U2_spacer	repeat_excluded_spacer	9827	9976	149	6253	0	41.966442953	1933653	24	12977.5369128	0.161073825503	1	0.0335570469799
SRR19152332	B+P_55-3	55	3	U3_spacer	repeat_excluded_spacer	9998	10177	179	79098	15	441.888268156	12354056	1113	69017.0726257	6.21787709497	1	0.95530726257
SRR19152332	B+P_55-3	55	3	U4_spacer	repeat_excluded_spacer	10199	10353	154	2444	0	15.8701298701	2078926	86	13499.5194805	0.558441558442	1	0.0909090909091
SRR19152332	B+P_55-3	55	3	repeat01_mask	repeat_mask	9593	9615	22	1	0	0.0454545454545	15011	0	682.318181818	0	1	0
SRR19152332	B+P_55-3	55	3	repeat02_mask	repeat_mask	9805	9827	22	81	0	3.68181818182	134054	132	6093.36363636	6	1	1
SRR19152332	B+P_55-3	55	3	repeat03_mask	repeat_mask	9976	9998	22	915	0	41.5909090909	585044	0	26592.9090909	0	1	0
SRR19152332	B+P_55-3	55	3	repeat04_mask	repeat_mask	10177	10199	22	66	0	3	1786104	238	81186.5454545	10.8181818182	1	1
SRR19152332	B+P_55-3	55	3	repeat05_mask	repeat_mask	10353	10375	22	1127	0	51.2272727273	383703	0	17441.0454545	0	1	0
SRR19152332	B+P_55-3	55	3	RT_CDS	context_CDS	10646	12152	1506	5998	6	3.98273572377	1390907	745	923.577025232	0.494687915007	1	0.148738379814
SRR19152332	B+P_55-3	55	3	partner_CDS	context_CDS	12153	12951	798	2563	5	3.21177944862	709410	502	888.984962406	0.629072681704	1	0.209273182957
