sequence_type	left_label	right_label	relationship	left_length_aa	right_length_aa	alignment_score	identical_residues	aligned_columns	gap_columns	global_identity	method
RT	SA1	MarsHill	P0_type_II_control_vs_control	501	501	402	310	510	18	0.607843	Needleman-Wunsch global AA; match=2,mismatch=-1,gap=-2; identity=identical/aligned_columns
RT	SA1	Madawaska	P0_type_II_control_vs_control	501	501	399	308	509	16	0.605108	Needleman-Wunsch global AA; match=2,mismatch=-1,gap=-2; identity=identical/aligned_columns
RT	SA1	LY01	P0_type_II_control_vs_control	501	500	416	316	511	21	0.618395	Needleman-Wunsch global AA; match=2,mismatch=-1,gap=-2; identity=identical/aligned_columns
RT	SA1	S6	P0_type_II_control_vs_control	501	500	419	318	512	23	0.621094	Needleman-Wunsch global AA; match=2,mismatch=-1,gap=-2; identity=identical/aligned_columns
RT	SA1	PALS_2	P0_type_II_control_vs_control	501	500	404	313	512	23	0.611328	Needleman-Wunsch global AA; match=2,mismatch=-1,gap=-2; identity=identical/aligned_columns
RT	SA1	UFV_DC4	P0_type_II_control_vs_control	501	500	410	317	514	27	0.616732	Needleman-Wunsch global AA; match=2,mismatch=-1,gap=-2; identity=identical/aligned_columns
RT	SA1	AH12	P1_target_vs_P0_type_II_control	501	517	331	293	522	26	0.561303	Needleman-Wunsch global AA; match=2,mismatch=-1,gap=-2; identity=identical/aligned_columns
RT	SA1	Machias	P1_target_vs_P0_type_II_control	501	517	325	292	523	28	0.558317	Needleman-Wunsch global AA; match=2,mismatch=-1,gap=-2; identity=identical/aligned_columns
RT	SA1	PB50	P1_target_vs_P0_type_II_control	501	517	328	290	520	22	0.557692	Needleman-Wunsch global AA; match=2,mismatch=-1,gap=-2; identity=identical/aligned_columns
RT	MarsHill	Madawaska	P0_type_II_control_vs_control	501	501	948	483	501	0	0.964072	Needleman-Wunsch global AA; match=2,mismatch=-1,gap=-2; identity=identical/aligned_columns
RT	MarsHill	LY01	P0_type_II_control_vs_control	501	500	803	435	501	1	0.868263	Needleman-Wunsch global AA; match=2,mismatch=-1,gap=-2; identity=identical/aligned_columns
RT	MarsHill	S6	P0_type_II_control_vs_control	501	500	812	438	501	1	0.874251	Needleman-Wunsch global AA; match=2,mismatch=-1,gap=-2; identity=identical/aligned_columns
RT	MarsHill	PALS_2	P0_type_II_control_vs_control	501	500	821	441	501	1	0.880240	Needleman-Wunsch global AA; match=2,mismatch=-1,gap=-2; identity=identical/aligned_columns
RT	MarsHill	UFV_DC4	P0_type_II_control_vs_control	501	500	809	437	501	1	0.872255	Needleman-Wunsch global AA; match=2,mismatch=-1,gap=-2; identity=identical/aligned_columns
RT	MarsHill	AH12	P1_target_vs_P0_type_II_control	501	517	343	299	524	30	0.570611	Needleman-Wunsch global AA; match=2,mismatch=-1,gap=-2; identity=identical/aligned_columns
RT	MarsHill	Machias	P1_target_vs_P0_type_II_control	501	517	343	300	525	32	0.571429	Needleman-Wunsch global AA; match=2,mismatch=-1,gap=-2; identity=identical/aligned_columns
RT	MarsHill	PB50	P1_target_vs_P0_type_II_control	501	517	340	298	524	30	0.568702	Needleman-Wunsch global AA; match=2,mismatch=-1,gap=-2; identity=identical/aligned_columns
RT	Madawaska	LY01	P0_type_II_control_vs_control	501	500	797	433	501	1	0.864271	Needleman-Wunsch global AA; match=2,mismatch=-1,gap=-2; identity=identical/aligned_columns
RT	Madawaska	S6	P0_type_II_control_vs_control	501	500	827	444	502	3	0.884462	Needleman-Wunsch global AA; match=2,mismatch=-1,gap=-2; identity=identical/aligned_columns
RT	Madawaska	PALS_2	P0_type_II_control_vs_control	501	500	824	442	501	1	0.882236	Needleman-Wunsch global AA; match=2,mismatch=-1,gap=-2; identity=identical/aligned_columns
RT	Madawaska	UFV_DC4	P0_type_II_control_vs_control	501	500	821	441	501	1	0.880240	Needleman-Wunsch global AA; match=2,mismatch=-1,gap=-2; identity=identical/aligned_columns
RT	Madawaska	AH12	P1_target_vs_P0_type_II_control	501	517	340	294	520	22	0.565385	Needleman-Wunsch global AA; match=2,mismatch=-1,gap=-2; identity=identical/aligned_columns
RT	Madawaska	Machias	P1_target_vs_P0_type_II_control	501	517	337	299	526	34	0.568441	Needleman-Wunsch global AA; match=2,mismatch=-1,gap=-2; identity=identical/aligned_columns
RT	Madawaska	PB50	P1_target_vs_P0_type_II_control	501	517	334	297	525	32	0.565714	Needleman-Wunsch global AA; match=2,mismatch=-1,gap=-2; identity=identical/aligned_columns
RT	LY01	S6	P0_type_II_control_vs_control	500	500	790	430	500	0	0.860000	Needleman-Wunsch global AA; match=2,mismatch=-1,gap=-2; identity=identical/aligned_columns
RT	LY01	PALS_2	P0_type_II_control_vs_control	500	500	787	429	500	0	0.858000	Needleman-Wunsch global AA; match=2,mismatch=-1,gap=-2; identity=identical/aligned_columns
RT	LY01	UFV_DC4	P0_type_II_control_vs_control	500	500	784	428	500	0	0.856000	Needleman-Wunsch global AA; match=2,mismatch=-1,gap=-2; identity=identical/aligned_columns
RT	LY01	AH12	P1_target_vs_P0_type_II_control	500	517	342	296	521	25	0.568138	Needleman-Wunsch global AA; match=2,mismatch=-1,gap=-2; identity=identical/aligned_columns
RT	LY01	Machias	P1_target_vs_P0_type_II_control	500	517	342	303	528	39	0.573864	Needleman-Wunsch global AA; match=2,mismatch=-1,gap=-2; identity=identical/aligned_columns
RT	LY01	PB50	P1_target_vs_P0_type_II_control	500	517	339	301	527	37	0.571157	Needleman-Wunsch global AA; match=2,mismatch=-1,gap=-2; identity=identical/aligned_columns
RT	S6	PALS_2	P0_type_II_control_vs_control	500	500	934	478	500	0	0.956000	Needleman-Wunsch global AA; match=2,mismatch=-1,gap=-2; identity=identical/aligned_columns
RT	S6	UFV_DC4	P0_type_II_control_vs_control	500	500	898	466	500	0	0.932000	Needleman-Wunsch global AA; match=2,mismatch=-1,gap=-2; identity=identical/aligned_columns
RT	S6	AH12	P1_target_vs_P0_type_II_control	500	517	342	294	519	21	0.566474	Needleman-Wunsch global AA; match=2,mismatch=-1,gap=-2; identity=identical/aligned_columns
RT	S6	Machias	P1_target_vs_P0_type_II_control	500	517	330	296	525	33	0.563810	Needleman-Wunsch global AA; match=2,mismatch=-1,gap=-2; identity=identical/aligned_columns
RT	S6	PB50	P1_target_vs_P0_type_II_control	500	517	333	296	524	31	0.564885	Needleman-Wunsch global AA; match=2,mismatch=-1,gap=-2; identity=identical/aligned_columns
RT	PALS_2	UFV_DC4	P0_type_II_control_vs_control	500	500	895	465	500	0	0.930000	Needleman-Wunsch global AA; match=2,mismatch=-1,gap=-2; identity=identical/aligned_columns
RT	PALS_2	AH12	P1_target_vs_P0_type_II_control	500	517	345	294	518	19	0.567568	Needleman-Wunsch global AA; match=2,mismatch=-1,gap=-2; identity=identical/aligned_columns
RT	PALS_2	Machias	P1_target_vs_P0_type_II_control	500	517	345	301	525	33	0.573333	Needleman-Wunsch global AA; match=2,mismatch=-1,gap=-2; identity=identical/aligned_columns
RT	PALS_2	PB50	P1_target_vs_P0_type_II_control	500	517	348	301	524	31	0.574427	Needleman-Wunsch global AA; match=2,mismatch=-1,gap=-2; identity=identical/aligned_columns
RT	UFV_DC4	AH12	P1_target_vs_P0_type_II_control	500	517	336	292	519	21	0.562620	Needleman-Wunsch global AA; match=2,mismatch=-1,gap=-2; identity=identical/aligned_columns
RT	UFV_DC4	Machias	P1_target_vs_P0_type_II_control	500	517	327	295	525	33	0.561905	Needleman-Wunsch global AA; match=2,mismatch=-1,gap=-2; identity=identical/aligned_columns
RT	UFV_DC4	PB50	P1_target_vs_P0_type_II_control	500	517	333	296	524	31	0.564885	Needleman-Wunsch global AA; match=2,mismatch=-1,gap=-2; identity=identical/aligned_columns
RT	AH12	Machias	P1_target_vs_P1_target	517	517	977	498	517	0	0.963250	Needleman-Wunsch global AA; match=2,mismatch=-1,gap=-2; identity=identical/aligned_columns
RT	AH12	PB50	P1_target_vs_P1_target	517	517	977	498	517	0	0.963250	Needleman-Wunsch global AA; match=2,mismatch=-1,gap=-2; identity=identical/aligned_columns
RT	Machias	PB50	P1_target_vs_P1_target	517	517	1004	507	517	0	0.980658	Needleman-Wunsch global AA; match=2,mismatch=-1,gap=-2; identity=identical/aligned_columns
