relative_path	bytes	category	rights_scope	record_count
data/processed/p1_adjust_assignment/assignment_receipt.json	2376	project_derived_data	repository_derived_data_license	1
data/processed/p1_adjust_assignment/direct_downstream_partner_sequences.faa	3411	project_derived_data	third_party_material_not_relicensed	10
data/processed/p1_adjust_assignment/locus_feature_assignment.tsv	8144	project_derived_data	repository_derived_data_license	10
data/processed/p1_adjust_assignment/partner_pairwise_global_identity.tsv	8778	project_derived_data	repository_derived_data_license	45
data/processed/p1_adjust_assignment/rt_pairwise_global_identity.tsv	7767	project_derived_data	repository_derived_data_license	45
data/processed/p1_adjust_assignment/rt_sequences.faa	5721	project_derived_data	third_party_material_not_relicensed	10
data/processed/p1_adjust_assignment/target_assignment_summary.tsv	2288	project_derived_data	repository_derived_data_license	3
data/processed/p2_comparison/boundary_alternatives.tsv	1723	project_derived_data	repository_derived_data_license	5
data/processed/p2_comparison/canonical_seed_occurrence_audit.tsv	7098	project_derived_data	repository_derived_data_license	48
data/processed/p2_comparison/cross_group_medoid_array_alignment_blocks.tsv	11495	project_derived_data	repository_derived_data_license	133
data/processed/p2_comparison/cross_group_medoid_copy_mapping.tsv	985	project_derived_data	repository_derived_data_license	10
data/processed/p2_comparison/cross_group_medoid_unit_boundary_mapping.tsv	906	project_derived_data	repository_derived_data_license	8
data/processed/p2_comparison/edge_scan_audit.tsv	2263	project_derived_data	repository_derived_data_license	18
data/processed/p2_comparison/group_seed_ranking.tsv	1507	project_derived_data	repository_derived_data_license	28
data/processed/p2_comparison/leave_one_locus_out_recovery.tsv	9848	project_derived_data	repository_derived_data_license	51
data/processed/p2_comparison/locus_pair_unit_correspondence_summary.tsv	7035	project_derived_data	repository_derived_data_license	45
data/processed/p2_comparison/locus_pairwise_identity.tsv	13329	project_derived_data	repository_derived_data_license	45
data/processed/p2_comparison/medoid_alignment_summary.tsv	1586	project_derived_data	repository_derived_data_license	10
data/processed/p2_comparison/p2_comparison_summary.json	2637	project_derived_data	repository_derived_data_license	1
data/processed/p2_comparison/run_receipt.json	2168	project_derived_data	repository_derived_data_license	1
data/processed/p2_comparison/seed_view_phase_audit.tsv	29666	project_derived_data	repository_derived_data_license	150
data/processed/p2_comparison/supported_unit_correspondences.tsv	22646	project_derived_data	repository_derived_data_license	127
data/processed/p2_comparison/unified_array_annotations.tsv	4548	project_derived_data	repository_derived_data_license	10
data/processed/p2_comparison/unified_repeat_copies.tsv	22743	project_derived_data	repository_derived_data_license	51
data/processed/p2_comparison/unified_unit_sequences.fna	16546	project_derived_data	third_party_material_not_relicensed	82
data/processed/p2_comparison/unified_units.tsv	28040	project_derived_data	repository_derived_data_license	41
data/processed/p2_comparison/unit_free_best_hits.tsv	83995	project_derived_data	repository_derived_data_license	369
data/processed/p2_comparison/unit_pairwise_identity.tsv	88501	project_derived_data	repository_derived_data_license	753
data/processed/p2_comparison/validation_summary.json	929	project_derived_data	repository_derived_data_license	1
data/processed/p2_comparison/whole_locus_alignment_blocks.tsv	37118	project_derived_data	repository_derived_data_license	286
data/processed/p2_comparison/whole_locus_medoid_alignments.txt	62757	project_derived_data	repository_derived_data_license	
data/processed/p2_loci/coding_context.tsv	15378	project_derived_data	repository_derived_data_license	84
data/processed/p2_loci/distal_anchor_pairwise_identity.tsv	11006	project_derived_data	repository_derived_data_license	45
data/processed/p2_loci/distal_anchor_proteins.faa	2355	project_derived_data	third_party_material_not_relicensed	10
data/processed/p2_loci/fixed_10_loci.tsv	10612	project_derived_data	repository_derived_data_license	10
data/processed/p2_loci/oriented_anchor_to_partner_locus.fna	40839	project_derived_data	third_party_material_not_relicensed	10
data/processed/p2_loci/oriented_anchor_to_RT_interval.fna	13788	project_derived_data	third_party_material_not_relicensed	10
data/processed/p2_loci/oriented_base_map.tsv	8301391	project_derived_data	repository_derived_data_license	83575
data/processed/p2_loci/oriented_coordinate_map.tsv	4690	project_derived_data	repository_derived_data_license	10
data/processed/p2_loci/oriented_distal_anchor_cds.fna	4652	project_derived_data	third_party_material_not_relicensed	10
data/processed/p2_loci/oriented_full_6kb_RT_partner.fna	86251	project_derived_data	third_party_material_not_relicensed	10
data/processed/p2_loci/oriented_partner_cds.fna	9714	project_derived_data	third_party_material_not_relicensed	10
data/processed/p2_loci/oriented_rt_cds.fna	16633	project_derived_data	third_party_material_not_relicensed	10
data/processed/p2_loci/oriented_RT_to_partner.fna	25245	project_derived_data	third_party_material_not_relicensed	10
data/processed/p2_loci/oriented_upstream_6000nt.fna	62028	project_derived_data	third_party_material_not_relicensed	10
data/processed/p3_calibration/null_directed_best_hits.tsv	1625186	project_derived_data	repository_derived_data_license	9408
data/processed/p3_calibration/null_locus_pair_summary.tsv	184910	project_derived_data	repository_derived_data_license	1344
data/processed/p3_calibration/null_replicates.tsv	3738	project_derived_data	repository_derived_data_license	64
data/processed/p3_calibration/null_supported_pairs.tsv	101961	project_derived_data	repository_derived_data_license	513
data/processed/p3_calibration/observed_metrics.tsv	431	project_derived_data	repository_derived_data_license	1
data/processed/p3_calibration/p3_calibration_summary.json	2562	project_derived_data	repository_derived_data_license	1
data/processed/p3_calibration/run_receipt.json	1002	project_derived_data	repository_derived_data_license	1
data/processed/p3_calibration/shuffle_block_manifest.tsv	16813	project_derived_data	repository_derived_data_license	111
data/processed/p3_calibration/shuffle_validation_by_replicate.tsv	4020	project_derived_data	repository_derived_data_license	64
data/processed/p3_calibration/validation_summary.json	461	project_derived_data	repository_derived_data_license	1
data/processed/p6_extension/extension_exclusion_ledger.tsv	18711	project_derived_data	repository_derived_data_license	72
data/processed/p6_extension/extension_machine_summary.json	3687	project_derived_data	repository_derived_data_license	1
data/processed/p6_extension/extension_manifest.tsv	7791	project_derived_data	repository_derived_data_license	9
data/processed/p6_extension/fixed_10_partner_references.faa	3408	project_derived_data	third_party_material_not_relicensed	10
data/processed/p6_extension/fixed_10_rt_references.faa	5711	project_derived_data	third_party_material_not_relicensed	10
data/processed/p6_extension/included_partner_cds.fna	0	project_derived_data	third_party_material_not_relicensed	0
data/processed/p6_extension/included_partner_proteins.faa	0	project_derived_data	third_party_material_not_relicensed	0
data/processed/p6_extension/included_rt_cds.fna	0	project_derived_data	third_party_material_not_relicensed	0
data/processed/p6_extension/included_rt_proteins.faa	0	project_derived_data	third_party_material_not_relicensed	0
data/processed/p6_extension/included_upstream_6000nt.fna	0	project_derived_data	third_party_material_not_relicensed	0
data/processed/p6_extension/lineage_nuccore_results.tsv	2068	project_derived_data	repository_derived_data_license	9
data/processed/p6_extension/resolved_direct_partners.faa	3007	project_derived_data	third_party_material_not_relicensed	9
data/processed/p6_extension/resolved_vs_fixed_partner_blastp.tsv	13931	project_derived_data	repository_derived_data_license	89
data/processed/p6_extension/rt_prepass.tsv	13960	project_derived_data	repository_derived_data_license	72
data/processed/p6_extension/searched_proteins.faa	29995	project_derived_data	third_party_material_not_relicensed	72
data/processed/p6_extension/searched_proteins.tsv	21120	project_derived_data	repository_derived_data_license	72
data/processed/p6_extension/searched_vs_fixed_rt_blastp.tsv	99300	project_derived_data	repository_derived_data_license	843
data/processed/p6_protein/genpept_region_features.tsv	2086	project_derived_data	repository_derived_data_license	20
data/processed/p6_protein/group_feature_summary.tsv	1425	project_derived_data	repository_derived_data_license	10
data/processed/p6_protein/group_pairwise_summary.tsv	2113	project_derived_data	repository_derived_data_license	12
data/processed/p6_protein/protein_analysis_receipt.json	1488	project_derived_data	repository_derived_data_license	1
data/processed/p6_protein/protein_feature_summary.tsv	3604	project_derived_data	repository_derived_data_license	10
data/processed/p6_protein/protein_pairwise_identity.tsv	15906	project_derived_data	repository_derived_data_license	45
data/processed/p6_revision_20260925/s1_identity_metric_correlations.tsv	307	project_derived_data	repository_derived_data_license	3
data/processed/p6_revision_20260925/s1_identity_range_summary.tsv	2862	project_derived_data	repository_derived_data_license	6
data/processed/p6_revision_20260925/s1_locus_pair_identity_range_diagnostic.tsv	25942	project_derived_data	repository_derived_data_license	126
data/processed/p6_revision_20260925/s1_two_repeat_pair_audit.tsv	36938	project_derived_data	repository_derived_data_license	252
data/processed/p6_revision_20260925/s2_temporal_absolute_relative_changes.tsv	8719	project_derived_data	repository_derived_data_license	36
data/processed/p6_revision_20260925/s2_temporal_contrast_summary.tsv	2316	project_derived_data	repository_derived_data_license	12
data/processed/p6_revision_20260925/s3_cross_group_supported_by_locus_pair.tsv	771	project_derived_data	repository_derived_data_license	21
data/processed/p6_revision_20260925/s3_cross_group_supported_pairs.tsv	6374	project_derived_data	repository_derived_data_license	35
data/processed/p6_revision_20260925/s4_terminal_rt_continuity_summary.tsv	2591	project_derived_data	repository_derived_data_license	12
data/processed/p6_revision_20260925/s4_terminal_rt_local_coverage_100nt.tsv	333908	project_derived_data	repository_derived_data_license	2400
data/processed/p6_revision_20260925/s4_whole_array_partitions_by_library.tsv	1885	project_derived_data	repository_derived_data_license	12
data/processed/p6_revision_20260925/s4_zero_min_metadata_and_denominators.tsv	813	project_derived_data	repository_derived_data_license	3
data/processed/p6_revision_20260925/science_diagnostics_summary.json	21745	project_derived_data	repository_derived_data_license	1
data/processed/p6_revision_20260926_r8/rule_comparison.tsv	611	project_derived_data	repository_derived_data_license	4
data/processed/p6_revision_20260926_r8/rule_comparison_pairs.tsv	15367	project_derived_data	repository_derived_data_license	61
data/processed/p6_revision_20260926_r8/rule_comparison_receipt.json	3330	project_derived_data	repository_derived_data_license	1
data/processed/p6_rna/dinucleotide_null_replicates.tsv	13324	project_derived_data	repository_derived_data_license	128
data/processed/p6_rna/dinucleotide_shuffle_validation.tsv	2379	project_derived_data	repository_derived_data_license	64
data/processed/p6_rna/locus_pair_structure_summary.tsv	5097	project_derived_data	repository_derived_data_license	42
data/processed/p6_rna/p6_rna_summary.json	7833	project_derived_data	repository_derived_data_license	1
data/processed/p6_rna/repeat_phase_audit.tsv	6024	project_derived_data	repository_derived_data_license	47
data/processed/p6_rna/representative_alignment_bpp.tsv	58305	project_derived_data	repository_derived_data_license	1002
data/processed/p6_rna/representative_alignment_metadata.tsv	1602	project_derived_data	repository_derived_data_license	2
data/processed/p6_rna/run_receipt.json	677	project_derived_data	repository_derived_data_license	1
data/processed/p6_rna/unit_pair_structure_similarity.tsv	165271	project_derived_data	repository_derived_data_license	504
data/processed/p6_rna/unit_sequence_objects.tsv	31400	project_derived_data	repository_derived_data_license	74
data/processed/p6_rna/unit_structure_ensembles.tsv	62573	project_derived_data	repository_derived_data_license	74
data/processed/p6_rna/validation_receipt.json	904	project_derived_data	repository_derived_data_license	1
data/processed/p6_rnaseq/aggregate/analysis_summary.json	4511	project_derived_data	repository_derived_data_license	1
data/processed/p6_rnaseq/aggregate/context_feature_metrics.tsv	7529	project_derived_data	repository_derived_data_license	72
data/processed/p6_rnaseq/aggregate/context_group_timepoint_summary.tsv	1155	project_derived_data	repository_derived_data_license	8
data/processed/p6_rnaseq/aggregate/contrast_summary.tsv	5958	project_derived_data	repository_derived_data_license	48
data/processed/p6_rnaseq/aggregate/library_metrics.tsv	2664	project_derived_data	repository_derived_data_license	12
data/processed/p6_rnaseq/aggregate/paired_contrasts.tsv	16491	project_derived_data	repository_derived_data_license	144
data/processed/p6_rnaseq/aggregate/rt_partner_timepoint_summary.tsv	859	project_derived_data	repository_derived_data_license	8
data/processed/p6_rnaseq/aggregate/sensitivity_summary.tsv	2719	project_derived_data	repository_derived_data_license	12
data/processed/p6_rnaseq/aggregate/timepoint_summary.tsv	6781	project_derived_data	repository_derived_data_license	64
data/processed/p6_rnaseq/aggregate/unit_metrics.tsv	7983	project_derived_data	repository_derived_data_license	48
data/processed/p6_rnaseq/aggregate/whole_array_partitions.tsv	6632	project_derived_data	repository_derived_data_license	72
data/processed/p6_rnaseq/MW218148.1_NZ_CP059679.1.fna	3101325	project_derived_data	third_party_material_not_relicensed	2
data/processed/p6_rnaseq/runs/SRR19152324/feature_counts.tsv	33988	project_derived_data	repository_derived_data_license	259
data/processed/p6_rnaseq/runs/SRR19152324/run_status.json	2457	project_derived_data	repository_derived_data_license	1
data/processed/p6_rnaseq/runs/SRR19152324/window_counts.tsv	2828	project_derived_data	repository_derived_data_license	18
data/processed/p6_rnaseq/runs/SRR19152325/feature_counts.tsv	33928	project_derived_data	repository_derived_data_license	259
data/processed/p6_rnaseq/runs/SRR19152325/run_status.json	2446	project_derived_data	repository_derived_data_license	1
data/processed/p6_rnaseq/runs/SRR19152325/window_counts.tsv	2867	project_derived_data	repository_derived_data_license	18
data/processed/p6_rnaseq/runs/SRR19152326/feature_counts.tsv	33980	project_derived_data	repository_derived_data_license	259
data/processed/p6_rnaseq/runs/SRR19152326/run_status.json	2452	project_derived_data	repository_derived_data_license	1
data/processed/p6_rnaseq/runs/SRR19152326/window_counts.tsv	2845	project_derived_data	repository_derived_data_license	18
data/processed/p6_rnaseq/runs/SRR19152327/feature_counts.tsv	33950	project_derived_data	repository_derived_data_license	259
data/processed/p6_rnaseq/runs/SRR19152327/run_status.json	3289	project_derived_data	repository_derived_data_license	1
data/processed/p6_rnaseq/runs/SRR19152327/window_counts.tsv	2799	project_derived_data	repository_derived_data_license	18
data/processed/p6_rnaseq/runs/SRR19152328/feature_counts.tsv	33143	project_derived_data	repository_derived_data_license	259
data/processed/p6_rnaseq/runs/SRR19152328/run_status.json	2447	project_derived_data	repository_derived_data_license	1
data/processed/p6_rnaseq/runs/SRR19152328/window_counts.tsv	2829	project_derived_data	repository_derived_data_license	18
data/processed/p6_rnaseq/runs/SRR19152329/feature_counts.tsv	33081	project_derived_data	repository_derived_data_license	259
data/processed/p6_rnaseq/runs/SRR19152329/run_status.json	2448	project_derived_data	repository_derived_data_license	1
data/processed/p6_rnaseq/runs/SRR19152329/window_counts.tsv	2807	project_derived_data	repository_derived_data_license	18
data/processed/p6_rnaseq/runs/SRR19152330/feature_counts.tsv	33236	project_derived_data	repository_derived_data_license	259
data/processed/p6_rnaseq/runs/SRR19152330/run_status.json	2451	project_derived_data	repository_derived_data_license	1
data/processed/p6_rnaseq/runs/SRR19152330/window_counts.tsv	2811	project_derived_data	repository_derived_data_license	18
data/processed/p6_rnaseq/runs/SRR19152331/feature_counts.tsv	29995	project_derived_data	repository_derived_data_license	259
data/processed/p6_rnaseq/runs/SRR19152331/run_status.json	2363	project_derived_data	repository_derived_data_license	1
data/processed/p6_rnaseq/runs/SRR19152331/window_counts.tsv	2274	project_derived_data	repository_derived_data_license	18
data/processed/p6_rnaseq/runs/SRR19152332/feature_counts.tsv	33994	project_derived_data	repository_derived_data_license	259
data/processed/p6_rnaseq/runs/SRR19152332/run_status.json	2451	project_derived_data	repository_derived_data_license	1
data/processed/p6_rnaseq/runs/SRR19152332/window_counts.tsv	2822	project_derived_data	repository_derived_data_license	18
data/processed/p6_rnaseq/runs/SRR19152333/feature_counts.tsv	33985	project_derived_data	repository_derived_data_license	259
data/processed/p6_rnaseq/runs/SRR19152333/run_status.json	2454	project_derived_data	repository_derived_data_license	1
data/processed/p6_rnaseq/runs/SRR19152333/window_counts.tsv	2755	project_derived_data	repository_derived_data_license	18
data/processed/p6_rnaseq/runs/SRR19152334/feature_counts.tsv	29126	project_derived_data	repository_derived_data_license	259
data/processed/p6_rnaseq/runs/SRR19152334/run_status.json	2361	project_derived_data	repository_derived_data_license	1
data/processed/p6_rnaseq/runs/SRR19152334/window_counts.tsv	2232	project_derived_data	repository_derived_data_license	18
data/processed/p6_rnaseq/runs/SRR19152335/feature_counts.tsv	29702	project_derived_data	repository_derived_data_license	259
data/processed/p6_rnaseq/runs/SRR19152335/run_status.json	2363	project_derived_data	repository_derived_data_license	1
data/processed/p6_rnaseq/runs/SRR19152335/window_counts.tsv	2164	project_derived_data	repository_derived_data_license	18
data/processed/p6_rnaseq/sa1_features.tsv	17748	project_derived_data	repository_derived_data_license	258
data/processed/p6_rnaseq/sa1_windows.tsv	1117	project_derived_data	repository_derived_data_license	18
data/raw/ncbi/LC680885.1.gb	560478	third_party_source_record_or_service_response	third_party_material_not_relicensed	1
data/raw/ncbi/MN091626.1.gb	559592	third_party_source_record_or_service_response	third_party_material_not_relicensed	1
data/raw/ncbi/MW218148.1.gb	507416	third_party_source_record_or_service_response	third_party_material_not_relicensed	1
data/raw/ncbi/MW248466.1.gb	605836	third_party_source_record_or_service_response	third_party_material_not_relicensed	1
data/raw/ncbi/MW349128.1.gb	609590	third_party_source_record_or_service_response	third_party_material_not_relicensed	1
data/raw/ncbi/MW349129.1.gb	596629	third_party_source_record_or_service_response	third_party_material_not_relicensed	1
data/raw/ncbi/MZ779063.1.gb	566943	third_party_source_record_or_service_response	third_party_material_not_relicensed	1
data/raw/ncbi/OR455461.1.gb	521533	third_party_source_record_or_service_response	third_party_material_not_relicensed	1
data/raw/ncbi/OR770614.1.gb	535301	third_party_source_record_or_service_response	third_party_material_not_relicensed	1
data/raw/ncbi/OR836606.1.gb	493986	third_party_source_record_or_service_response	third_party_material_not_relicensed	1
data/raw/p6_protein/fixed_proteins/BDE75684.1.gp	2867	third_party_source_record_or_service_response	third_party_material_not_relicensed	1
data/raw/p6_protein/fixed_proteins/BDE75685.1.gp	2348	third_party_source_record_or_service_response	third_party_material_not_relicensed	1
data/raw/p6_protein/fixed_proteins/QDJ97640.1.gp	2722	third_party_source_record_or_service_response	third_party_material_not_relicensed	1
data/raw/p6_protein/fixed_proteins/QDJ97641.1.gp	2163	third_party_source_record_or_service_response	third_party_material_not_relicensed	1
data/raw/p6_protein/fixed_proteins/QPI16926.1.gp	3041	third_party_source_record_or_service_response	third_party_material_not_relicensed	1
data/raw/p6_protein/fixed_proteins/QPI16927.1.gp	1820	third_party_source_record_or_service_response	third_party_material_not_relicensed	1
data/raw/p6_protein/fixed_proteins/QQM14740.1.gp	3071	third_party_source_record_or_service_response	third_party_material_not_relicensed	1
data/raw/p6_protein/fixed_proteins/QQM14741.1.gp	2263	third_party_source_record_or_service_response	third_party_material_not_relicensed	1
data/raw/p6_protein/fixed_proteins/QQO92593.1.gp	2561	third_party_source_record_or_service_response	third_party_material_not_relicensed	1
data/raw/p6_protein/fixed_proteins/QQO92594.1.gp	2056	third_party_source_record_or_service_response	third_party_material_not_relicensed	1
data/raw/p6_protein/fixed_proteins/QQO92858.1.gp	2558	third_party_source_record_or_service_response	third_party_material_not_relicensed	1
data/raw/p6_protein/fixed_proteins/QQO92859.1.gp	2053	third_party_source_record_or_service_response	third_party_material_not_relicensed	1
data/raw/p6_protein/fixed_proteins/UAJ17040.1.gp	3073	third_party_source_record_or_service_response	third_party_material_not_relicensed	1
data/raw/p6_protein/fixed_proteins/UAJ17041.1.gp	2554	third_party_source_record_or_service_response	third_party_material_not_relicensed	1
data/raw/p6_protein/fixed_proteins/WNX97801.1.gp	1827	third_party_source_record_or_service_response	third_party_material_not_relicensed	1
data/raw/p6_protein/fixed_proteins/WNX97802.1.gp	2346	third_party_source_record_or_service_response	third_party_material_not_relicensed	1
data/raw/p6_protein/fixed_proteins/WPH64253.1.gp	1782	third_party_source_record_or_service_response	third_party_material_not_relicensed	1
data/raw/p6_protein/fixed_proteins/WPH64254.1.gp	2317	third_party_source_record_or_service_response	third_party_material_not_relicensed	1
data/raw/p6_protein/fixed_proteins/WRM43422.1.gp	1675	third_party_source_record_or_service_response	third_party_material_not_relicensed	1
data/raw/p6_protein/fixed_proteins/WRM43423.1.gp	2287	third_party_source_record_or_service_response	third_party_material_not_relicensed	1
data/raw/p6_protein/LENTUS_nuccore_esearch.json	478	third_party_source_record_or_service_response	third_party_material_not_relicensed	1
data/raw/p6_protein/lineage_nuccore_esummary.json	6624	third_party_source_record_or_service_response	third_party_material_not_relicensed	1
data/raw/p6_protein/MACHIAS_nuccore_esearch.json	508	third_party_source_record_or_service_response	third_party_material_not_relicensed	1
data/raw/p6_protein/MADAWASKA_nuccore_esearch.json	542	third_party_source_record_or_service_response	third_party_material_not_relicensed	1
data/raw/p6_protein/ncbi_urlapi_get_20260924T225101082807Z.response	3297	third_party_source_record_or_service_response	third_party_material_not_relicensed	
data/raw/p6_protein/ncbi_urlapi_result_BAPDV7HU014/BAPDV7HU014.xml	418	third_party_source_record_or_service_response	third_party_material_not_relicensed	1
data/raw/p6_protein/ncbi_urlapi_result_BAPDV7HU014/BAPDV7HU014_1.xml	1933	third_party_source_record_or_service_response	third_party_material_not_relicensed	1
data/raw/p6_protein/ncbi_urlapi_result_BAPDV7HU014/BAPDV7HU014_2.xml	1938	third_party_source_record_or_service_response	third_party_material_not_relicensed	1
data/raw/p6_protein/ncbi_urlapi_result_BAPDV7HU014/BAPDV7HU014_3.xml	1934	third_party_source_record_or_service_response	third_party_material_not_relicensed	1
data/raw/p6_protein/ncbi_urlapi_result_BAPDV7HU014.zip	3297	third_party_source_record_or_service_response	third_party_material_not_relicensed	
data/raw/p6_protein/protein_batches/protein_batch_001.gp	143890	third_party_source_record_or_service_response	third_party_material_not_relicensed	50
data/raw/p6_protein/protein_batches/protein_batch_001_esummary.json	39757	third_party_source_record_or_service_response	third_party_material_not_relicensed	1
data/raw/p6_protein/protein_batches/protein_batch_002.gp	56966	third_party_source_record_or_service_response	third_party_material_not_relicensed	22
data/raw/p6_protein/protein_batches/protein_batch_002_esummary.json	15516	third_party_source_record_or_service_response	third_party_material_not_relicensed	1
data/raw/p6_protein/Q1_ST85_VIRAL_esearch.json	450	third_party_source_record_or_service_response	third_party_material_not_relicensed	1
data/raw/p6_protein/Q1B_ST85_VIRAL_ALL_FIELDS_esearch.json	1404	third_party_source_record_or_service_response	third_party_material_not_relicensed	1
data/raw/p6_protein/Q2_STAPH_RNA_DNA_POL_esearch.json	931	third_party_source_record_or_service_response	third_party_material_not_relicensed	1
data/raw/p6_protein/Q3_STAPH_REVERSE_TRANSCRIPTASE_esearch.json	869	third_party_source_record_or_service_response	third_party_material_not_relicensed	1
data/raw/p6_protein/Q4_STAPH_RETRON_esearch.json	941	third_party_source_record_or_service_response	third_party_material_not_relicensed	1
data/raw/p6_protein/SA1_MarsHill_PB50_rt_queries.faa	1600	third_party_source_record_or_service_response	third_party_material_not_relicensed	3
data/raw/p6_protein/WALLMARK_nuccore_esearch.json	598	third_party_source_record_or_service_response	third_party_material_not_relicensed	1
data/raw/p6_rnaseq/NZ_CP059679.1.gb	7407044	third_party_source_record_or_service_response	third_party_material_not_relicensed	1
data/README.md	4211	public_data_documentation	repository_documentation	
data/rnaseq_libraries.tsv	6425	public_data_documentation	repository_documentation	12
data/source_metadata/p2/fixed_10_locus_build_receipt.json	3089	source_metadata_and_provenance	mixed_source_metadata_and_repository_provenance	1
data/source_metadata/p6_protein/extension_retrieval_receipt.json	5929	source_metadata_and_provenance	mixed_source_metadata_and_repository_provenance	1
data/source_metadata/p6_protein/fixed_protein_record_receipt.json	6768	source_metadata_and_provenance	mixed_source_metadata_and_repository_provenance	1
data/source_metadata/p6_protein/lineage_nuccore_receipt.json	2123	source_metadata_and_provenance	mixed_source_metadata_and_repository_provenance	1
data/source_metadata/p6_protein/ncbi_protein_queries.tsv	1861	source_metadata_and_provenance	mixed_source_metadata_and_repository_provenance	5
data/source_metadata/p6_protein/ncbi_urlapi_get_20260924T174953151955Z_receipt.json	1602	source_metadata_and_provenance	mixed_source_metadata_and_repository_provenance	1
data/source_metadata/p6_protein/ncbi_urlapi_get_20260924T185022491072Z_receipt.json	1698	source_metadata_and_provenance	mixed_source_metadata_and_repository_provenance	1
data/source_metadata/p6_protein/ncbi_urlapi_get_20260924T195040411862Z_receipt.json	1698	source_metadata_and_provenance	mixed_source_metadata_and_repository_provenance	1
data/source_metadata/p6_protein/ncbi_urlapi_get_20260924T205059966167Z_receipt.json	1801	source_metadata_and_provenance	mixed_source_metadata_and_repository_provenance	1
data/source_metadata/p6_protein/ncbi_urlapi_get_20260924T215100787644Z_receipt.json	1801	source_metadata_and_provenance	mixed_source_metadata_and_repository_provenance	1
data/source_metadata/p6_protein/ncbi_urlapi_get_20260924T225101082807Z_receipt.json	3258	source_metadata_and_provenance	mixed_source_metadata_and_repository_provenance	1
data/source_metadata/p6_protein/ncbi_urlapi_get_receipt.json	3258	source_metadata_and_provenance	mixed_source_metadata_and_repository_provenance	1
data/source_metadata/p6_protein/ncbi_urlapi_result_interpretation.json	2607	source_metadata_and_provenance	mixed_source_metadata_and_repository_provenance	1
data/source_metadata/p6_protein/ncbi_urlapi_status.json	2002	source_metadata_and_provenance	mixed_source_metadata_and_repository_provenance	1
data/source_metadata/p6_protein/ncbi_urlapi_submission.json	2411	source_metadata_and_provenance	mixed_source_metadata_and_repository_provenance	1
data/source_metadata/p6_rnaseq/ena_PRJNA836150_read_run.json	9101	source_metadata_and_provenance	mixed_source_metadata_and_repository_provenance	12
data/source_metadata/p6_rnaseq/fragment_span_fix_receipt.json	1588	source_metadata_and_provenance	mixed_source_metadata_and_repository_provenance	1
data/source_metadata/p6_rnaseq/reference_receipt.json	1778	source_metadata_and_provenance	mixed_source_metadata_and_repository_provenance	1
data/source_metadata/p6_rnaseq/srr19152327_processing_note.json	1210	source_metadata_and_provenance	mixed_source_metadata_and_repository_provenance	1
data/source_metadata/p6_rnaseq/tool_runtime_receipt.json	1234	source_metadata_and_provenance	mixed_source_metadata_and_repository_provenance	1
data/sources.tsv	7620	public_data_documentation	repository_documentation	14
