comparison	comparison_role	endpoint	endpoint_role	unit	complete_culture_pairs	all_six_libraries_estimable	all_three_changes_same_direction	direction	median_absolute_share_change	meets_predeclared_numeric_rule	evaluation_status
5_to_55	primary	spacer_midpoint_density_share	primary	U1	3	true	true	increase	0.00116178241976	false	complete
5_to_55	primary	spacer_midpoint_density_share	primary	U2	3	true	true	increase	0.0152930125188	false	complete
5_to_55	primary	spacer_midpoint_density_share	primary	U3	3	true	true	decrease	0.0165604560283	false	complete
5_to_55	primary	spacer_midpoint_density_share	primary	U4	3	true	false	mixed_or_zero	0.00372373528298	false	complete
5_to_55	primary	spacer_depth_share	confirmatory	U1	3	true	true	increase	0.00513812320826	false	complete
5_to_55	primary	spacer_depth_share	confirmatory	U2	3	true	true	increase	0.0167730764159	false	complete
5_to_55	primary	spacer_depth_share	confirmatory	U3	3	true	true	decrease	0.00798573082368	false	complete
5_to_55	primary	spacer_depth_share	confirmatory	U4	3	true	false	mixed_or_zero	0.0104298392034	false	complete
5_to_55	primary	core_midpoint_density_share	repeat_sensitive_sensitivity	U1	3	true	true	increase	0.00112988084631	false	complete
5_to_55	primary	core_midpoint_density_share	repeat_sensitive_sensitivity	U2	3	true	true	increase	0.015270822704	false	complete
5_to_55	primary	core_midpoint_density_share	repeat_sensitive_sensitivity	U3	3	true	true	decrease	0.0163159638497	false	complete
5_to_55	primary	core_midpoint_density_share	repeat_sensitive_sensitivity	U4	3	true	false	mixed_or_zero	0.00410195596595	false	complete
5_to_55	primary	core_depth_share	repeat_sensitive_sensitivity	U1	3	true	true	increase	0.00488802525933	false	complete
5_to_55	primary	core_depth_share	repeat_sensitive_sensitivity	U2	3	true	true	increase	0.0158388130028	false	complete
5_to_55	primary	core_depth_share	repeat_sensitive_sensitivity	U3	3	true	true	decrease	0.00632003767857	false	complete
5_to_55	primary	core_depth_share	repeat_sensitive_sensitivity	U4	3	true	true	decrease	0.0100704630359	false	complete
5_to_15	secondary	spacer_midpoint_density_share	primary	U1	3	true	false	mixed_or_zero	0.00482386860626	false	complete
5_to_15	secondary	spacer_midpoint_density_share	primary	U2	3	true	false	mixed_or_zero	0.0109170005509	false	complete
5_to_15	secondary	spacer_midpoint_density_share	primary	U3	3	true	false	mixed_or_zero	0.0169132385013	false	complete
5_to_15	secondary	spacer_midpoint_density_share	primary	U4	3	true	false	mixed_or_zero	0.00549361846965	false	complete
5_to_15	secondary	spacer_depth_share	confirmatory	U1	3	true	true	increase	0.00432582541094	false	complete
5_to_15	secondary	spacer_depth_share	confirmatory	U2	3	true	true	increase	0.00734987486058	false	complete
5_to_15	secondary	spacer_depth_share	confirmatory	U3	3	true	false	mixed_or_zero	0.0119170964494	false	complete
5_to_15	secondary	spacer_depth_share	confirmatory	U4	3	true	false	mixed_or_zero	0.00979233086848	false	complete
5_to_15	secondary	core_midpoint_density_share	repeat_sensitive_sensitivity	U1	3	true	false	mixed_or_zero	0.00491699279279	false	complete
5_to_15	secondary	core_midpoint_density_share	repeat_sensitive_sensitivity	U2	3	true	false	mixed_or_zero	0.010879561264	false	complete
5_to_15	secondary	core_midpoint_density_share	repeat_sensitive_sensitivity	U3	3	true	false	mixed_or_zero	0.0172244150313	false	complete
5_to_15	secondary	core_midpoint_density_share	repeat_sensitive_sensitivity	U4	3	true	false	mixed_or_zero	0.00505131739734	false	complete
5_to_15	secondary	core_depth_share	repeat_sensitive_sensitivity	U1	3	true	true	increase	0.00404927801451	false	complete
5_to_15	secondary	core_depth_share	repeat_sensitive_sensitivity	U2	3	true	true	increase	0.00728711610936	false	complete
5_to_15	secondary	core_depth_share	repeat_sensitive_sensitivity	U3	3	true	false	mixed_or_zero	0.0107204249485	false	complete
5_to_15	secondary	core_depth_share	repeat_sensitive_sensitivity	U4	3	true	false	mixed_or_zero	0.0092104727344	false	complete
15_to_55	secondary	spacer_midpoint_density_share	primary	U1	3	true	false	mixed_or_zero	0.00291956644832	false	complete
15_to_55	secondary	spacer_midpoint_density_share	primary	U2	3	true	true	increase	0.00462727050022	false	complete
15_to_55	secondary	spacer_midpoint_density_share	primary	U3	3	true	false	mixed_or_zero	0.000981293587407	false	complete
15_to_55	secondary	spacer_midpoint_density_share	primary	U4	3	true	false	mixed_or_zero	0.000726410464491	false	complete
15_to_55	secondary	spacer_depth_share	confirmatory	U1	3	true	true	increase	0.00145473858745	false	complete
15_to_55	secondary	spacer_depth_share	confirmatory	U2	3	true	true	increase	0.00928058224617	false	complete
15_to_55	secondary	spacer_depth_share	confirmatory	U3	3	true	false	mixed_or_zero	0.00506526778	false	complete
15_to_55	secondary	spacer_depth_share	confirmatory	U4	3	true	true	decrease	0.0106712353813	false	complete
15_to_55	secondary	core_midpoint_density_share	repeat_sensitive_sensitivity	U1	3	true	false	mixed_or_zero	0.00306935717321	false	complete
15_to_55	secondary	core_midpoint_density_share	repeat_sensitive_sensitivity	U2	3	true	true	increase	0.00451654305651	false	complete
15_to_55	secondary	core_midpoint_density_share	repeat_sensitive_sensitivity	U3	3	true	false	mixed_or_zero	0.000908451181625	false	complete
15_to_55	secondary	core_midpoint_density_share	repeat_sensitive_sensitivity	U4	3	true	false	mixed_or_zero	0.00103403664528	false	complete
15_to_55	secondary	core_depth_share	repeat_sensitive_sensitivity	U1	3	true	true	increase	0.0013678315419	false	complete
15_to_55	secondary	core_depth_share	repeat_sensitive_sensitivity	U2	3	true	true	increase	0.00833493194991	false	complete
15_to_55	secondary	core_depth_share	repeat_sensitive_sensitivity	U3	3	true	false	mixed_or_zero	0.00445572267288	false	complete
15_to_55	secondary	core_depth_share	repeat_sensitive_sensitivity	U4	3	true	true	decrease	0.00945449386053	false	complete
