comparison	comparison_role	endpoint	unit	culture	start_time_min	end_time_min	start_value	end_value	delta	both_libraries_estimable	pair_status
5_to_55	primary	spacer_midpoint_density_share	U1	1	5	55	0.00484500354739	0.00561062293604	0.000765619388646	true	complete
5_to_55	primary	spacer_midpoint_density_share	U1	2	5	55	0.00311909213156	0.00502339428949	0.00190430215794	true	complete
5_to_55	primary	spacer_midpoint_density_share	U1	3	5	55	0.00408710935294	0.0052488917727	0.00116178241976	true	complete
5_to_55	primary	spacer_midpoint_density_share	U2	1	5	55	0.075086165088	0.0857086257399	0.0106224606519	true	complete
5_to_55	primary	spacer_midpoint_density_share	U2	2	5	55	0.051021816905	0.081515046338	0.030493229433	true	complete
5_to_55	primary	spacer_midpoint_density_share	U2	3	5	55	0.0682452913888	0.0835383039075	0.0152930125188	true	complete
5_to_55	primary	spacer_midpoint_density_share	U3	1	5	55	0.885131351095	0.877467006337	-0.00766434475753	true	complete
5_to_55	primary	spacer_midpoint_density_share	U3	2	5	55	0.926200537535	0.880287127808	-0.0459134097271	true	complete
5_to_55	primary	spacer_midpoint_density_share	U3	3	5	55	0.896182216675	0.879621760646	-0.0165604560283	true	complete
5_to_55	primary	spacer_midpoint_density_share	U4	1	5	55	0.0349374802699	0.031213744987	-0.00372373528298	true	complete
5_to_55	primary	spacer_midpoint_density_share	U4	2	5	55	0.019658553428	0.0331744315642	0.0135158781362	true	complete
5_to_55	primary	spacer_midpoint_density_share	U4	3	5	55	0.0314853825835	0.0315910436733	0.000105661089819	true	complete
5_to_55	primary	spacer_depth_share	U1	1	5	55	0.0157326043915	0.0208707275997	0.00513812320826	true	complete
5_to_55	primary	spacer_depth_share	U1	2	5	55	0.0138232942838	0.0203953428218	0.00657204853802	true	complete
5_to_55	primary	spacer_depth_share	U1	3	5	55	0.0174374990365	0.0224495902075	0.00501209117096	true	complete
5_to_55	primary	spacer_depth_share	U2	1	5	55	0.118914324252	0.135687400668	0.0167730764159	true	complete
5_to_55	primary	spacer_depth_share	U2	2	5	55	0.104171953529	0.134538678723	0.0303667251949	true	complete
5_to_55	primary	spacer_depth_share	U2	3	5	55	0.120578344501	0.132847921202	0.0122695767018	true	complete
5_to_55	primary	spacer_depth_share	U3	1	5	55	0.713077801504	0.70509207068	-0.00798573082368	true	complete
5_to_55	primary	spacer_depth_share	U3	2	5	55	0.747666335448	0.707785342635	-0.0398809928127	true	complete
5_to_55	primary	spacer_depth_share	U3	3	5	55	0.713362986172	0.706511157503	-0.00685182866937	true	complete
5_to_55	primary	spacer_depth_share	U4	1	5	55	0.152275269853	0.138349801053	-0.0139254688005	true	complete
5_to_55	primary	spacer_depth_share	U4	2	5	55	0.13433841674	0.137280635819	0.00294221907984	true	complete
5_to_55	primary	spacer_depth_share	U4	3	5	55	0.148621170291	0.138191331087	-0.0104298392034	true	complete
5_to_55	primary	core_midpoint_density_share	U1	1	5	55	0.0051140547899	0.00579110532173	0.000677050531828	true	complete
5_to_55	primary	core_midpoint_density_share	U1	2	5	55	0.00330352064537	0.00515115626495	0.00184763561958	true	complete
5_to_55	primary	core_midpoint_density_share	U1	3	5	55	0.00422595244686	0.00535583329317	0.00112988084631	true	complete
5_to_55	primary	core_midpoint_density_share	U2	1	5	55	0.0749521792799	0.0860404153968	0.0110882361169	true	complete
5_to_55	primary	core_midpoint_density_share	U2	2	5	55	0.0513634324863	0.0818033668266	0.0304399343402	true	complete
5_to_55	primary	core_midpoint_density_share	U2	3	5	55	0.0686978017524	0.0839686244564	0.015270822704	true	complete
5_to_55	primary	core_midpoint_density_share	U3	1	5	55	0.883274641139	0.875611310456	-0.00766333068282	true	complete
5_to_55	primary	core_midpoint_density_share	U3	2	5	55	0.924454436904	0.878919066653	-0.045535370251	true	complete
5_to_55	primary	core_midpoint_density_share	U3	3	5	55	0.893956605098	0.877640641249	-0.0163159638497	true	complete
5_to_55	primary	core_midpoint_density_share	U4	1	5	55	0.0366591247916	0.0325571688256	-0.00410195596595	true	complete
5_to_55	primary	core_midpoint_density_share	U4	2	5	55	0.020878609964	0.0341264102552	0.0132478002912	true	complete
5_to_55	primary	core_midpoint_density_share	U4	3	5	55	0.0331196407025	0.033034901002	-8.47397005457e-05	true	complete
5_to_55	primary	core_depth_share	U1	1	5	55	0.0147223643605	0.0196103896198	0.00488802525933	true	complete
5_to_55	primary	core_depth_share	U1	2	5	55	0.0129001024322	0.0191089204067	0.00620881797453	true	complete
5_to_55	primary	core_depth_share	U1	3	5	55	0.0163491351941	0.0210786524526	0.00472951725857	true	complete
5_to_55	primary	core_depth_share	U2	1	5	55	0.111100927144	0.126939740147	0.0158388130028	true	complete
5_to_55	primary	core_depth_share	U2	2	5	55	0.0973229736627	0.125735379205	0.0284124055418	true	complete
5_to_55	primary	core_depth_share	U2	3	5	55	0.112835088961	0.124440737014	0.0116056480529	true	complete
5_to_55	primary	core_depth_share	U3	1	5	55	0.656647632294	0.650327594615	-0.00632003767857	true	complete
5_to_55	primary	core_depth_share	U3	2	5	55	0.685466735066	0.652403604838	-0.0330631302279	true	complete
5_to_55	primary	core_depth_share	U3	3	5	55	0.6574827517	0.651218049424	-0.00626470227566	true	complete
5_to_55	primary	core_depth_share	U4	1	5	55	0.217529076202	0.203122275618	-0.0144068005836	true	complete
5_to_55	primary	core_depth_share	U4	2	5	55	0.204310188839	0.202752095551	-0.00155809328844	true	complete
5_to_55	primary	core_depth_share	U4	3	5	55	0.213333024146	0.20326256111	-0.0100704630359	true	complete
5_to_15	secondary	spacer_midpoint_density_share	U1	1	5	15	0.00484500354739	0.0048006507363	-4.43528110898e-05	true	complete
5_to_15	secondary	spacer_midpoint_density_share	U1	2	5	15	0.00311909213156	0.00794296073781	0.00482386860626	true	complete
5_to_15	secondary	spacer_midpoint_density_share	U1	3	5	15	0.00408710935294	0.00930322379621	0.00521611444327	true	complete
5_to_15	secondary	spacer_midpoint_density_share	U2	1	5	15	0.075086165088	0.0682288395822	-0.00685732550586	true	complete
5_to_15	secondary	spacer_midpoint_density_share	U2	2	5	15	0.051021816905	0.0768877758378	0.0258659589327	true	complete
5_to_15	secondary	spacer_midpoint_density_share	U2	3	5	15	0.0682452913888	0.0791622919397	0.0109170005509	true	complete
5_to_15	secondary	spacer_midpoint_density_share	U3	1	5	15	0.885131351095	0.897526647881	0.0123952967866	true	complete
5_to_15	secondary	spacer_midpoint_density_share	U3	2	5	15	0.926200537535	0.881268421396	-0.0449321161397	true	complete
5_to_15	secondary	spacer_midpoint_density_share	U3	3	5	15	0.896182216675	0.879268978173	-0.0169132385013	true	complete
5_to_15	secondary	spacer_midpoint_density_share	U4	1	5	15	0.0349374802699	0.0294438618003	-0.00549361846965	true	complete
5_to_15	secondary	spacer_midpoint_density_share	U4	2	5	15	0.019658553428	0.0339008420287	0.0142422886007	true	complete
5_to_15	secondary	spacer_midpoint_density_share	U4	3	5	15	0.0314853825835	0.0322655060906	0.000780123507151	true	complete
5_to_15	secondary	spacer_depth_share	U1	1	5	15	0.0157326043915	0.0174450580999	0.0017124537084	true	complete
5_to_15	secondary	spacer_depth_share	U1	2	5	15	0.0138232942838	0.0189406042344	0.00511730995057	true	complete
5_to_15	secondary	spacer_depth_share	U1	3	5	15	0.0174374990365	0.0217633244474	0.00432582541094	true	complete
5_to_15	secondary	spacer_depth_share	U2	1	5	15	0.118914324252	0.123982797519	0.00506847326751	true	complete
5_to_15	secondary	spacer_depth_share	U2	2	5	15	0.104171953529	0.125258096477	0.0210861429487	true	complete
5_to_15	secondary	spacer_depth_share	U2	3	5	15	0.120578344501	0.127928219361	0.00734987486058	true	complete
5_to_15	secondary	spacer_depth_share	U3	1	5	15	0.713077801504	0.716089205396	0.00301140389257	true	complete
5_to_15	secondary	spacer_depth_share	U3	2	5	15	0.747666335448	0.70316879897	-0.0444975364778	true	complete
5_to_15	secondary	spacer_depth_share	U3	3	5	15	0.713362986172	0.701445889723	-0.0119170964494	true	complete
5_to_15	secondary	spacer_depth_share	U4	1	5	15	0.152275269853	0.142482938985	-0.00979233086848	true	complete
5_to_15	secondary	spacer_depth_share	U4	2	5	15	0.13433841674	0.152632500318	0.0182940835786	true	complete
5_to_15	secondary	spacer_depth_share	U4	3	5	15	0.148621170291	0.148862566469	0.00024139617785	true	complete
5_to_15	secondary	core_midpoint_density_share	U1	1	5	15	0.0051140547899	0.00501075671944	-0.000103298070457	true	complete
5_to_15	secondary	core_midpoint_density_share	U1	2	5	15	0.00330352064537	0.00822051343816	0.00491699279279	true	complete
5_to_15	secondary	core_midpoint_density_share	U1	3	5	15	0.00422595244686	0.00962150926947	0.00539555682261	true	complete
5_to_15	secondary	core_midpoint_density_share	U2	1	5	15	0.0749521792799	0.0686704937597	-0.00628168552019	true	complete
5_to_15	secondary	core_midpoint_density_share	U2	2	5	15	0.0513634324863	0.07728682377	0.0259233912837	true	complete
5_to_15	secondary	core_midpoint_density_share	U2	3	5	15	0.0686978017524	0.0795773630164	0.010879561264	true	complete
5_to_15	secondary	core_midpoint_density_share	U3	1	5	15	0.883274641139	0.894710942127	0.011436300988	true	complete
5_to_15	secondary	core_midpoint_density_share	U3	2	5	15	0.924454436904	0.87851958128	-0.0459348556242	true	complete
5_to_15	secondary	core_midpoint_density_share	U3	3	5	15	0.893956605098	0.876732190067	-0.0172244150313	true	complete
5_to_15	secondary	core_midpoint_density_share	U4	1	5	15	0.0366591247916	0.0316078073942	-0.00505131739734	true	complete
5_to_15	secondary	core_midpoint_density_share	U4	2	5	15	0.020878609964	0.0359730815117	0.0150944715477	true	complete
5_to_15	secondary	core_midpoint_density_share	U4	3	5	15	0.0331196407025	0.0340689376472	0.000949296944739	true	complete
5_to_15	secondary	core_depth_share	U1	1	5	15	0.0147223643605	0.0163633068436	0.00164094248306	true	complete
5_to_15	secondary	core_depth_share	U1	2	5	15	0.0129001024322	0.0177410888648	0.00484098643263	true	complete
5_to_15	secondary	core_depth_share	U1	3	5	15	0.0163491351941	0.0203984132086	0.00404927801451	true	complete
5_to_15	secondary	core_depth_share	U2	1	5	15	0.111100927144	0.115781782003	0.00468085485971	true	complete
5_to_15	secondary	core_depth_share	U2	2	5	15	0.0973229736627	0.117400447255	0.0200774735919	true	complete
5_to_15	secondary	core_depth_share	U2	3	5	15	0.112835088961	0.12012220507	0.00728711610936	true	complete
5_to_15	secondary	core_depth_share	U3	1	5	15	0.656647632294	0.659536307685	0.00288867539163	true	complete
5_to_15	secondary	core_depth_share	U3	2	5	15	0.685466735066	0.648145838395	-0.0373208966704	true	complete
5_to_15	secondary	core_depth_share	U3	3	5	15	0.6574827517	0.646762326751	-0.0107204249485	true	complete
5_to_15	secondary	core_depth_share	U4	1	5	15	0.217529076202	0.208318603468	-0.0092104727344	true	complete
5_to_15	secondary	core_depth_share	U4	2	5	15	0.204310188839	0.216712625485	0.0124024366458	true	complete
5_to_15	secondary	core_depth_share	U4	3	5	15	0.213333024146	0.21271705497	-0.000615969175328	true	complete
15_to_55	secondary	spacer_midpoint_density_share	U1	1	15	55	0.0048006507363	0.00561062293604	0.000809972199736	true	complete
15_to_55	secondary	spacer_midpoint_density_share	U1	2	15	55	0.00794296073781	0.00502339428949	-0.00291956644832	true	complete
15_to_55	secondary	spacer_midpoint_density_share	U1	3	15	55	0.00930322379621	0.0052488917727	-0.00405433202351	true	complete
15_to_55	secondary	spacer_midpoint_density_share	U2	1	15	55	0.0682288395822	0.0857086257399	0.0174797861577	true	complete
15_to_55	secondary	spacer_midpoint_density_share	U2	2	15	55	0.0768877758378	0.081515046338	0.00462727050022	true	complete
15_to_55	secondary	spacer_midpoint_density_share	U2	3	15	55	0.0791622919397	0.0835383039075	0.00437601196784	true	complete
15_to_55	secondary	spacer_midpoint_density_share	U3	1	15	55	0.897526647881	0.877467006337	-0.0200596415441	true	complete
15_to_55	secondary	spacer_midpoint_density_share	U3	2	15	55	0.881268421396	0.880287127808	-0.000981293587407	true	complete
15_to_55	secondary	spacer_midpoint_density_share	U3	3	15	55	0.879268978173	0.879621760646	0.000352782472999	true	complete
15_to_55	secondary	spacer_midpoint_density_share	U4	1	15	55	0.0294438618003	0.031213744987	0.00176988318667	true	complete
15_to_55	secondary	spacer_midpoint_density_share	U4	2	15	55	0.0339008420287	0.0331744315642	-0.000726410464491	true	complete
15_to_55	secondary	spacer_midpoint_density_share	U4	3	15	55	0.0322655060906	0.0315910436733	-0.000674462417332	true	complete
15_to_55	secondary	spacer_depth_share	U1	1	15	55	0.0174450580999	0.0208707275997	0.00342566949986	true	complete
15_to_55	secondary	spacer_depth_share	U1	2	15	55	0.0189406042344	0.0203953428218	0.00145473858745	true	complete
15_to_55	secondary	spacer_depth_share	U1	3	15	55	0.0217633244474	0.0224495902075	0.000686265760029	true	complete
15_to_55	secondary	spacer_depth_share	U2	1	15	55	0.123982797519	0.135687400668	0.0117046031484	true	complete
15_to_55	secondary	spacer_depth_share	U2	2	15	55	0.125258096477	0.134538678723	0.00928058224617	true	complete
15_to_55	secondary	spacer_depth_share	U2	3	15	55	0.127928219361	0.132847921202	0.00491970184123	true	complete
15_to_55	secondary	spacer_depth_share	U3	1	15	55	0.716089205396	0.70509207068	-0.0109971347163	true	complete
15_to_55	secondary	spacer_depth_share	U3	2	15	55	0.70316879897	0.707785342635	0.00461654366509	true	complete
15_to_55	secondary	spacer_depth_share	U3	3	15	55	0.701445889723	0.706511157503	0.00506526778	true	complete
15_to_55	secondary	spacer_depth_share	U4	1	15	55	0.142482938985	0.138349801053	-0.00413313793204	true	complete
15_to_55	secondary	spacer_depth_share	U4	2	15	55	0.152632500318	0.137280635819	-0.0153518644987	true	complete
15_to_55	secondary	spacer_depth_share	U4	3	15	55	0.148862566469	0.138191331087	-0.0106712353813	true	complete
15_to_55	secondary	core_midpoint_density_share	U1	1	15	55	0.00501075671944	0.00579110532173	0.000780348602285	true	complete
15_to_55	secondary	core_midpoint_density_share	U1	2	15	55	0.00822051343816	0.00515115626495	-0.00306935717321	true	complete
15_to_55	secondary	core_midpoint_density_share	U1	3	15	55	0.00962150926947	0.00535583329317	-0.0042656759763	true	complete
15_to_55	secondary	core_midpoint_density_share	U2	1	15	55	0.0686704937597	0.0860404153968	0.0173699216371	true	complete
15_to_55	secondary	core_midpoint_density_share	U2	2	15	55	0.07728682377	0.0818033668266	0.00451654305651	true	complete
15_to_55	secondary	core_midpoint_density_share	U2	3	15	55	0.0795773630164	0.0839686244564	0.00439126143996	true	complete
15_to_55	secondary	core_midpoint_density_share	U3	1	15	55	0.894710942127	0.875611310456	-0.0190996316708	true	complete
15_to_55	secondary	core_midpoint_density_share	U3	2	15	55	0.87851958128	0.878919066653	0.000399485373216	true	complete
15_to_55	secondary	core_midpoint_density_share	U3	3	15	55	0.876732190067	0.877640641249	0.000908451181625	true	complete
15_to_55	secondary	core_midpoint_density_share	U4	1	15	55	0.0316078073942	0.0325571688256	0.000949361431385	true	complete
15_to_55	secondary	core_midpoint_density_share	U4	2	15	55	0.0359730815117	0.0341264102552	-0.00184667125652	true	complete
15_to_55	secondary	core_midpoint_density_share	U4	3	15	55	0.0340689376472	0.033034901002	-0.00103403664528	true	complete
15_to_55	secondary	core_depth_share	U1	1	15	55	0.0163633068436	0.0196103896198	0.00324708277627	true	complete
15_to_55	secondary	core_depth_share	U1	2	15	55	0.0177410888648	0.0191089204067	0.0013678315419	true	complete
15_to_55	secondary	core_depth_share	U1	3	15	55	0.0203984132086	0.0210786524526	0.000680239244063	true	complete
15_to_55	secondary	core_depth_share	U2	1	15	55	0.115781782003	0.126939740147	0.0111579581431	true	complete
15_to_55	secondary	core_depth_share	U2	2	15	55	0.117400447255	0.125735379205	0.00833493194991	true	complete
15_to_55	secondary	core_depth_share	U2	3	15	55	0.12012220507	0.124440737014	0.00431853194359	true	complete
15_to_55	secondary	core_depth_share	U3	1	15	55	0.659536307685	0.650327594615	-0.0092087130702	true	complete
15_to_55	secondary	core_depth_share	U3	2	15	55	0.648145838395	0.652403604838	0.00425776644244	true	complete
15_to_55	secondary	core_depth_share	U3	3	15	55	0.646762326751	0.651218049424	0.00445572267288	true	complete
15_to_55	secondary	core_depth_share	U4	1	15	55	0.208318603468	0.203122275618	-0.00519632784919	true	complete
15_to_55	secondary	core_depth_share	U4	2	15	55	0.216712625485	0.202752095551	-0.0139605299342	true	complete
15_to_55	secondary	core_depth_share	U4	3	15	55	0.21271705497	0.20326256111	-0.00945449386053	true	complete
