protein_accession	organism	length_aa	source_query_ids	best_fixed_rt	rt_evalue	rt_query_coverage	rt_subject_coverage	yxdd_count_c_terminal_350	rt_prepass_pass	final_outcome	exclusion_or_neighborhood_reason	nucleotide_accession	technical_duplicate_group	technical_duplicate_aliases	is_fixed10_RT	fixed10_label
AFB75628.1	Bacteriophage sp.	389	Q1B_ST85_VIRAL_ALL_FIELDS	PB50|OR770614.1|WPH64254.1|p1_reported_ART_17_mapping_target	2.0	0.05	0.0367504835589942	1	false	excluded_rt_prepass	length_outside_450_600_aa;fixed10_RT_homology_threshold_failed	JQ680354.1			false	
ARB15682.1	Klebsiella phage 4LV2017	309	Q1B_ST85_VIRAL_ALL_FIELDS	Madawaska|MW349129.1|QQO92858.1|p0_known_type_II_ART_reference	4.73e-15	0.8	0.5449101796407185	1	false	excluded_rt_prepass	length_outside_450_600_aa;fixed10_RT_homology_threshold_failed	KY271398.1			false	
BDE75684.1	Staphylococcus phage S6	500	Q1B_ST85_VIRAL_ALL_FIELDS;Q4_STAPH_RETRON	S6|LC680885.1|BDE75684.1|p0_known_type_II_ART_reference	0.0	1.0	1.0	1	true	existing_fixed_10_reference	already_in_fixed_10	LC680885.1	TECH_001	LC680885.1	true	S6
DAD70101.1	Siphoviridae sp. ct3o911	454	Q1B_ST85_VIRAL_ALL_FIELDS	Madawaska|MW349129.1|QQO92858.1|p0_known_type_II_ART_reference	9.54e-13	0.68	0.6706586826347305	1	false	excluded_rt_prepass	fixed10_RT_homology_threshold_failed	BK015861.1			false	
DAD99814.1	Myoviridae sp. ct7Q419	389	Q1B_ST85_VIRAL_ALL_FIELDS	PB50|OR770614.1|WPH64254.1|p1_reported_ART_17_mapping_target	2.0	0.05	0.0367504835589942	1	false	excluded_rt_prepass	length_outside_450_600_aa;fixed10_RT_homology_threshold_failed	BK015294.1			false	
DAE09398.1	Siphoviridae sp. ct96x5	400	Q1B_ST85_VIRAL_ALL_FIELDS	AH12|OR455461.1|WNX97802.1|p1_assignment_target	3.23e-20	0.96	0.816247582205029	1	false	excluded_rt_prepass	length_outside_450_600_aa	BK015488.1			false	
DAE21278.1	Siphoviridae sp. ctE6L85	378	Q1B_ST85_VIRAL_ALL_FIELDS	SA1|MW218148.1|QPI16926.1|p0_known_type_II_ART_reference	3.73e-20	0.63	0.500998003992016	1	false	excluded_rt_prepass	length_outside_450_600_aa;fixed10_RT_homology_threshold_failed	BK015711.1			false	
DAE70835.1	Caudoviricetes sp.	412	Q1B_ST85_VIRAL_ALL_FIELDS	LY01|OR836606.1|WRM43423.1|p0_known_type_II_ART_reference	3.97e-09	0.6	0.538	1	false	excluded_rt_prepass	length_outside_450_600_aa;fixed10_RT_homology_threshold_failed	BK019570.1			false	
DAG39106.1	Caudoviricetes sp.	410	Q1B_ST85_VIRAL_ALL_FIELDS	MarsHill|MW248466.1|QQM14740.1|p0_known_type_II_ART_reference	3.67e-11	0.64	0.5469061876247505	1	false	excluded_rt_prepass	length_outside_450_600_aa;fixed10_RT_homology_threshold_failed	BK017975.1			false	
DAG43407.1	Caudoviricetes sp.	411	Q1B_ST85_VIRAL_ALL_FIELDS	AH12|OR455461.1|WNX97802.1|p1_assignment_target	1.06e-15	0.74	0.632495164410058	1	false	excluded_rt_prepass	length_outside_450_600_aa;fixed10_RT_homology_threshold_failed	BK018054.1			false	
DAG49220.1	Caudoviricetes sp.	410	Q1B_ST85_VIRAL_ALL_FIELDS	LY01|OR836606.1|WRM43423.1|p0_known_type_II_ART_reference	9.25e-16	0.66	0.574	1	false	excluded_rt_prepass	length_outside_450_600_aa;fixed10_RT_homology_threshold_failed	BK018165.1			false	
DAG67562.1	Caudoviricetes sp.	444	Q1B_ST85_VIRAL_ALL_FIELDS	AH12|OR455461.1|WNX97802.1|p1_assignment_target	1.51e-11	0.57	0.5261121856866537	1	false	excluded_rt_prepass	length_outside_450_600_aa;fixed10_RT_homology_threshold_failed	BK018504.1			false	
DAH07635.1	Caudoviricetes sp.	379	Q1B_ST85_VIRAL_ALL_FIELDS	SA1|MW218148.1|QPI16926.1|p0_known_type_II_ART_reference	3.36e-19	0.62	0.49500998003992014	1	false	excluded_rt_prepass	length_outside_450_600_aa;fixed10_RT_homology_threshold_failed	BK016944.1			false	
DAH27689.1	Caudoviricetes sp.	389	Q1B_ST85_VIRAL_ALL_FIELDS	SA1|MW218148.1|QPI16926.1|p0_known_type_II_ART_reference	3.21e-15	0.63	0.5129740518962076	1	false	excluded_rt_prepass	length_outside_450_600_aa;fixed10_RT_homology_threshold_failed	BK018887.1			false	
DAH32158.1	Caudoviricetes sp.	410	Q1B_ST85_VIRAL_ALL_FIELDS	S6|LC680885.1|BDE75684.1|p0_known_type_II_ART_reference	6.94e-13	0.71	0.604	1	false	excluded_rt_prepass	length_outside_450_600_aa;fixed10_RT_homology_threshold_failed	BK018962.1			false	
DAH36625.1	Caudoviricetes sp.	398	Q1B_ST85_VIRAL_ALL_FIELDS	SA1|MW218148.1|QPI16926.1|p0_known_type_II_ART_reference	9.29e-17	0.84	0.7125748502994012	1	false	excluded_rt_prepass	length_outside_450_600_aa	BK019042.1			false	
DAH63779.1	Caudoviricetes sp.	384	Q1B_ST85_VIRAL_ALL_FIELDS	SA1|MW218148.1|QPI16926.1|p0_known_type_II_ART_reference	1.28e-13	0.8	0.6526946107784432	1	false	excluded_rt_prepass	length_outside_450_600_aa;fixed10_RT_homology_threshold_failed	BK023886.1			false	
DAI32074.1	Caudoviricetes sp.	381	Q1B_ST85_VIRAL_ALL_FIELDS	AH12|OR455461.1|WNX97802.1|p1_assignment_target	9.7e-13	0.77	0.6286266924564797	1	false	excluded_rt_prepass	length_outside_450_600_aa;fixed10_RT_homology_threshold_failed	BK030489.1			false	
DAJ13209.1	Siphoviridae sp. ctX8T1	462	Q1B_ST85_VIRAL_ALL_FIELDS	AH12|OR455461.1|WNX97802.1|p1_assignment_target	9.6e-12	0.55	0.5261121856866537	1	false	excluded_rt_prepass	fixed10_RT_homology_threshold_failed	BK031116.1			false	
DAJ21800.1	Siphoviridae sp. ctHdl3	410	Q1B_ST85_VIRAL_ALL_FIELDS	LY01|OR836606.1|WRM43423.1|p0_known_type_II_ART_reference	4.02e-15	0.66	0.574	1	false	excluded_rt_prepass	length_outside_450_600_aa;fixed10_RT_homology_threshold_failed	BK031270.1			false	
DAJ39258.1	Caudoviricetes sp.	400	Q1B_ST85_VIRAL_ALL_FIELDS	AH12|OR455461.1|WNX97802.1|p1_assignment_target	2.55e-21	0.96	0.816247582205029	1	false	excluded_rt_prepass	length_outside_450_600_aa	BK038918.1			false	
DAJ49126.1	Caudoviricetes sp.	299	Q1B_ST85_VIRAL_ALL_FIELDS	SA1|MW218148.1|QPI16926.1|p0_known_type_II_ART_reference	1.59e-15	0.9	0.5848303393213573	1	false	excluded_rt_prepass	length_outside_450_600_aa;fixed10_RT_homology_threshold_failed	BK043398.1			false	
DAJ59078.1	Caudoviricetes sp.	398	Q1B_ST85_VIRAL_ALL_FIELDS	SA1|MW218148.1|QPI16926.1|p0_known_type_II_ART_reference	2.18e-16	0.84	0.716566866267465	1	false	excluded_rt_prepass	length_outside_450_600_aa	BK043600.1			false	
DAK01150.1	Caudoviricetes sp.	410	Q1B_ST85_VIRAL_ALL_FIELDS	AH12|OR455461.1|WNX97802.1|p1_assignment_target	1.03e-11	0.8	0.6692456479690522	1	false	excluded_rt_prepass	length_outside_450_600_aa;fixed10_RT_homology_threshold_failed	BK050170.1			false	
DAK56842.1	Caudoviricetes sp.	378	Q1B_ST85_VIRAL_ALL_FIELDS	SA1|MW218148.1|QPI16926.1|p0_known_type_II_ART_reference	3.41e-20	0.63	0.500998003992016	1	false	excluded_rt_prepass	length_outside_450_600_aa;fixed10_RT_homology_threshold_failed	BK047352.1			false	
DAK57469.1	Caudoviricetes sp.	411	Q1B_ST85_VIRAL_ALL_FIELDS	AH12|OR455461.1|WNX97802.1|p1_assignment_target	5.15e-15	0.74	0.6460348162475822	1	false	excluded_rt_prepass	length_outside_450_600_aa;fixed10_RT_homology_threshold_failed	BK047364.1			false	
DAK68398.1	Caudoviricetes sp.	411	Q1B_ST85_VIRAL_ALL_FIELDS	AH12|OR455461.1|WNX97802.1|p1_assignment_target	3.16e-15	0.74	0.632495164410058	1	false	excluded_rt_prepass	length_outside_450_600_aa;fixed10_RT_homology_threshold_failed	BK047592.1			false	
DAK76587.1	Caudoviricetes sp.	379	Q1B_ST85_VIRAL_ALL_FIELDS	SA1|MW218148.1|QPI16926.1|p0_known_type_II_ART_reference	2.2e-22	0.62	0.49500998003992014	1	false	excluded_rt_prepass	length_outside_450_600_aa;fixed10_RT_homology_threshold_failed	BK047747.1			false	
DAL66723.1	Bacteriophage sp.	410	Q1B_ST85_VIRAL_ALL_FIELDS	LY01|OR836606.1|WRM43423.1|p0_known_type_II_ART_reference	3.78e-15	0.69	0.594	1	false	excluded_rt_prepass	length_outside_450_600_aa;fixed10_RT_homology_threshold_failed	BK021062.1			false	
DAM39611.1	Caudoviricetes sp.	410	Q1B_ST85_VIRAL_ALL_FIELDS	AH12|OR455461.1|WNX97802.1|p1_assignment_target	5.22e-13	0.76	0.6537717601547389	1	false	excluded_rt_prepass	length_outside_450_600_aa;fixed10_RT_homology_threshold_failed	BK051858.1			false	
DAM68808.1	Caudoviricetes sp.	381	Q1B_ST85_VIRAL_ALL_FIELDS	AH12|OR455461.1|WNX97802.1|p1_assignment_target	5.96e-13	0.77	0.6286266924564797	1	false	excluded_rt_prepass	length_outside_450_600_aa;fixed10_RT_homology_threshold_failed	BK052430.1			false	
DAN29432.1	Caudoviricetes sp.	394	Q1B_ST85_VIRAL_ALL_FIELDS	LY01|OR836606.1|WRM43423.1|p0_known_type_II_ART_reference	1.52e-17	0.53	0.46	1	false	excluded_rt_prepass	length_outside_450_600_aa;fixed10_RT_homology_threshold_failed	BK022447.1			false	
DAN85549.1	Caudoviricetes sp.	384	Q1B_ST85_VIRAL_ALL_FIELDS	SA1|MW218148.1|QPI16926.1|p0_known_type_II_ART_reference	8.63e-14	0.8	0.6526946107784432	1	false	excluded_rt_prepass	length_outside_450_600_aa;fixed10_RT_homology_threshold_failed	BK048408.1			false	
DAN96961.1	Caudoviricetes sp.	310	Q1B_ST85_VIRAL_ALL_FIELDS	LY01|OR836606.1|WRM43423.1|p0_known_type_II_ART_reference	8.52e-24	0.75	0.504	1	false	excluded_rt_prepass	length_outside_450_600_aa;fixed10_RT_homology_threshold_failed	BK048634.1			false	
DAO54212.1	Caudoviricetes sp.	396	Q1B_ST85_VIRAL_ALL_FIELDS	PALS_2|MN091626.1|QDJ97640.1|p0_known_type_II_ART_reference	5.02e-15	0.81	0.7	1	false	excluded_rt_prepass	length_outside_450_600_aa	BK037618.1			false	
DAO77288.1	Caudoviricetes sp.	299	Q1B_ST85_VIRAL_ALL_FIELDS	S6|LC680885.1|BDE75684.1|p0_known_type_II_ART_reference	3.4e-12	0.72	0.48	1	false	excluded_rt_prepass	length_outside_450_600_aa;fixed10_RT_homology_threshold_failed	BK038097.1			false	
DAQ07049.1	Caudoviricetes sp.	444	Q1B_ST85_VIRAL_ALL_FIELDS	SA1|MW218148.1|QPI16926.1|p0_known_type_II_ART_reference	1.13e-19	0.56	0.5149700598802395	1	false	excluded_rt_prepass	length_outside_450_600_aa;fixed10_RT_homology_threshold_failed	BK053663.1			false	
DAQ18108.1	Caudoviricetes sp.	410	Q1B_ST85_VIRAL_ALL_FIELDS	AH12|OR455461.1|WNX97802.1|p1_assignment_target	7.8e-14	0.8	0.6653771760154739	1	false	excluded_rt_prepass	length_outside_450_600_aa;fixed10_RT_homology_threshold_failed	BK053910.1			false	
DAQ91964.1	Caudoviricetes sp.	391	Q1B_ST85_VIRAL_ALL_FIELDS	LY01|OR836606.1|WRM43423.1|p0_known_type_II_ART_reference	2.52e-19	0.62	0.53	1	false	excluded_rt_prepass	length_outside_450_600_aa;fixed10_RT_homology_threshold_failed	BK058704.1			false	
DAR50961.1	Caudoviricetes sp.	379	Q1B_ST85_VIRAL_ALL_FIELDS	SA1|MW218148.1|QPI16926.1|p0_known_type_II_ART_reference	2.84e-20	0.62	0.49500998003992014	1	false	excluded_rt_prepass	length_outside_450_600_aa;fixed10_RT_homology_threshold_failed	BK057571.1			false	
DAU34265.1	Caudoviricetes sp.	381	Q1B_ST85_VIRAL_ALL_FIELDS	AH12|OR455461.1|WNX97802.1|p1_assignment_target	1.62e-12	0.77	0.6286266924564797	1	false	excluded_rt_prepass	length_outside_450_600_aa;fixed10_RT_homology_threshold_failed	BK050993.1			false	
DAU87956.1	Caudoviricetes sp.	382	Q1B_ST85_VIRAL_ALL_FIELDS	Madawaska|MW349129.1|QQO92858.1|p0_known_type_II_ART_reference	8.23e-18	0.7	0.5668662674650699	1	false	excluded_rt_prepass	length_outside_450_600_aa;fixed10_RT_homology_threshold_failed	BK054953.1			false	
DAV61756.1	Caudoviricetes sp.	410	Q1B_ST85_VIRAL_ALL_FIELDS	LY01|OR836606.1|WRM43423.1|p0_known_type_II_ART_reference	1.42e-14	0.66	0.574	1	false	excluded_rt_prepass	length_outside_450_600_aa;fixed10_RT_homology_threshold_failed	BK028778.1			false	
DAV63203.1	Caudoviricetes sp.	410	Q1B_ST85_VIRAL_ALL_FIELDS	Machias|MW349128.1|QQO92593.1|p1_assignment_target	2.65e-19	0.79	0.655705996131528	1	false	excluded_rt_prepass	length_outside_450_600_aa;fixed10_RT_homology_threshold_failed	BK028800.1			false	
DAW40100.1	Caudoviricetes sp.	410	Q1B_ST85_VIRAL_ALL_FIELDS	AH12|OR455461.1|WNX97802.1|p1_assignment_target	1.44e-13	0.8	0.6847195357833655	1	false	excluded_rt_prepass	length_outside_450_600_aa;fixed10_RT_homology_threshold_failed	BK036548.1			false	
DAX17476.1	Caudoviricetes sp.	410	Q1B_ST85_VIRAL_ALL_FIELDS	LY01|OR836606.1|WRM43423.1|p0_known_type_II_ART_reference	1.5e-13	0.73	0.622	1	false	excluded_rt_prepass	length_outside_450_600_aa;fixed10_RT_homology_threshold_failed	BK038991.1			false	
DAX24482.1	Caudoviricetes sp.	373	Q1B_ST85_VIRAL_ALL_FIELDS	SA1|MW218148.1|QPI16926.1|p0_known_type_II_ART_reference	1.03e-17	0.64	0.499001996007984	1	false	excluded_rt_prepass	length_outside_450_600_aa;fixed10_RT_homology_threshold_failed	BK039125.1			false	
DAY13011.1	Caudoviricetes sp.	389	Q1B_ST85_VIRAL_ALL_FIELDS	PB50|OR770614.1|WPH64254.1|p1_reported_ART_17_mapping_target	2.0	0.05	0.0367504835589942	1	false	excluded_rt_prepass	length_outside_450_600_aa;fixed10_RT_homology_threshold_failed	BK040940.1			false	
DAZ15994.1	Caudoviricetes sp.	378	Q1B_ST85_VIRAL_ALL_FIELDS	SA1|MW218148.1|QPI16926.1|p0_known_type_II_ART_reference	6.39e-21	0.63	0.49700598802395207	1	false	excluded_rt_prepass	length_outside_450_600_aa;fixed10_RT_homology_threshold_failed	BK025872.1			false	
DAZ16020.1	Caudoviricetes sp.	389	Q1B_ST85_VIRAL_ALL_FIELDS	PB50|OR770614.1|WPH64254.1|p1_reported_ART_17_mapping_target	2.0	0.05	0.0367504835589942	1	false	excluded_rt_prepass	length_outside_450_600_aa;fixed10_RT_homology_threshold_failed	BK025872.1			false	
DAZ58135.1	Caudoviricetes sp.	405	Q1B_ST85_VIRAL_ALL_FIELDS	SA1|MW218148.1|QPI16926.1|p0_known_type_II_ART_reference	2.88e-19	0.59	0.499001996007984	1	false	excluded_rt_prepass	length_outside_450_600_aa;fixed10_RT_homology_threshold_failed	BK027304.1			false	
DAZ71133.1	Caudoviricetes sp.	410	Q1B_ST85_VIRAL_ALL_FIELDS	AH12|OR455461.1|WNX97802.1|p1_assignment_target	4.57e-12	0.8	0.690522243713733	1	false	excluded_rt_prepass	length_outside_450_600_aa;fixed10_RT_homology_threshold_failed	BK027755.1			false	
QDJ97640.1	Staphylococcus phage PALS_2	500	Q1B_ST85_VIRAL_ALL_FIELDS;Q4_STAPH_RETRON	PALS_2|MN091626.1|QDJ97640.1|p0_known_type_II_ART_reference	0.0	1.0	1.0	1	true	existing_fixed_10_reference	already_in_fixed_10	MN091626.1	TECH_002	MN091626.1	true	PALS_2
QQM14740.1	Staphylococcus phage MarsHill	501	Q1B_ST85_VIRAL_ALL_FIELDS;Q2_STAPH_RNA_DNA_POL;Q4_STAPH_RETRON	MarsHill|MW248466.1|QQM14740.1|p0_known_type_II_ART_reference	0.0	1.0	1.0	1	true	existing_fixed_10_reference	already_in_fixed_10	MW248466.1	TECH_003	MW248466.1	true	MarsHill
QQO92593.1	Staphylococcus phage Machias	517	Q1B_ST85_VIRAL_ALL_FIELDS;Q2_STAPH_RNA_DNA_POL;Q4_STAPH_RETRON	Machias|MW349128.1|QQO92593.1|p1_assignment_target	0.0	1.0	1.0	1	true	existing_fixed_10_reference	already_in_fixed_10	MW349128.1	TECH_004	MW349128.1	true	Machias
QQO92858.1	Staphylococcus phage Madawaska	501	Q1B_ST85_VIRAL_ALL_FIELDS;Q2_STAPH_RNA_DNA_POL;Q4_STAPH_RETRON	Madawaska|MW349129.1|QQO92858.1|p0_known_type_II_ART_reference	0.0	1.0	1.0	1	true	existing_fixed_10_reference	already_in_fixed_10	MW349129.1	TECH_005	MW349129.1	true	Madawaska
QXN67953.1	Listeria phage LPJP1	454	Q1B_ST85_VIRAL_ALL_FIELDS	SA1|MW218148.1|QPI16926.1|p0_known_type_II_ART_reference	9.08e-44	0.61	0.5828343313373253	2	false	excluded_rt_prepass	fixed10_RT_homology_threshold_failed;single_C_terminal_350aa_YxDD_rule_failed	MZ422438.1			false	
UAJ17040.1	Staphylococcus phage vB_SauM-UFV_DC4	500	Q1B_ST85_VIRAL_ALL_FIELDS;Q4_STAPH_RETRON	UFV_DC4|MZ779063.1|UAJ17040.1|p0_known_type_II_ART_reference	0.0	1.0	1.0	1	true	existing_fixed_10_reference	already_in_fixed_10	MZ779063.1	TECH_006	MZ779063.1	true	UFV_DC4
UVY15975.1	Bacteriophage sp.	378	Q1B_ST85_VIRAL_ALL_FIELDS	SA1|MW218148.1|QPI16926.1|p0_known_type_II_ART_reference	3.17e-20	0.63	0.500998003992016	1	false	excluded_rt_prepass	length_outside_450_600_aa;fixed10_RT_homology_threshold_failed	OP073251.1			false	
UWG82970.1	Bacteriophage sp.	378	Q1B_ST85_VIRAL_ALL_FIELDS	SA1|MW218148.1|QPI16926.1|p0_known_type_II_ART_reference	9.47e-21	0.63	0.500998003992016	1	false	excluded_rt_prepass	length_outside_450_600_aa;fixed10_RT_homology_threshold_failed	OP075106.1			false	
UWG84590.1	Bacteriophage sp.	379	Q1B_ST85_VIRAL_ALL_FIELDS	SA1|MW218148.1|QPI16926.1|p0_known_type_II_ART_reference	2.2e-22	0.62	0.49500998003992014	1	false	excluded_rt_prepass	length_outside_450_600_aa;fixed10_RT_homology_threshold_failed	OP075142.1			false	
WNX97802.1	Staphylococcus phage AH12	517	Q1B_ST85_VIRAL_ALL_FIELDS;Q4_STAPH_RETRON	AH12|OR455461.1|WNX97802.1|p1_assignment_target	0.0	1.0	1.0	1	true	existing_fixed_10_reference	already_in_fixed_10	OR455461.1	TECH_007	OR455461.1	true	AH12
WPH64254.1	Staphylococcus phage vB_StaM_PB50	517	Q1B_ST85_VIRAL_ALL_FIELDS;Q2_STAPH_RNA_DNA_POL;Q4_STAPH_RETRON	PB50|OR770614.1|WPH64254.1|p1_reported_ART_17_mapping_target	0.0	1.0	1.0	1	true	existing_fixed_10_reference	already_in_fixed_10	OR770614.1	TECH_008	OR770614.1	true	PB50
WPZ98963.1	Pseudomonas phage PfAC04	321	Q1B_ST85_VIRAL_ALL_FIELDS	Madawaska|MW349129.1|QQO92858.1|p0_known_type_II_ART_reference	5.64e-19	0.76	0.5289421157684631	1	false	excluded_rt_prepass	length_outside_450_600_aa;fixed10_RT_homology_threshold_failed	OR801192.1			false	
WRM43423.1	Staphylococcus phage LY01	500	Q1B_ST85_VIRAL_ALL_FIELDS;Q4_STAPH_RETRON	LY01|OR836606.1|WRM43423.1|p0_known_type_II_ART_reference	0.0	1.0	1.0	1	true	existing_fixed_10_reference	already_in_fixed_10	OR836606.1	TECH_009	OR836606.1	true	LY01
WVW75671.1	Pseudomonas phage PfAC01a	306	Q1B_ST85_VIRAL_ALL_FIELDS	Madawaska|MW349129.1|QQO92858.1|p0_known_type_II_ART_reference	6.79e-19	0.8	0.5289421157684631	1	false	excluded_rt_prepass	length_outside_450_600_aa;fixed10_RT_homology_threshold_failed	OR863249.1			false	
WVW75690.1	Pseudomonas phage PfAC01b	321	Q1B_ST85_VIRAL_ALL_FIELDS	Madawaska|MW349129.1|QQO92858.1|p0_known_type_II_ART_reference	5.14e-19	0.76	0.5289421157684631	1	false	excluded_rt_prepass	length_outside_450_600_aa;fixed10_RT_homology_threshold_failed	OR863250.1			false	
XLL20010.1	Vibrio phage 10N.261.55.B9_PE001	317	Q1B_ST85_VIRAL_ALL_FIELDS	Madawaska|MW349129.1|QQO92858.1|p0_known_type_II_ART_reference	1.73e-22	0.78	0.5289421157684631	1	false	excluded_rt_prepass	length_outside_450_600_aa;fixed10_RT_homology_threshold_failed	PQ189325.1			false	
XOR03163.1	Caudoviricetes sp.	320	Q1B_ST85_VIRAL_ALL_FIELDS	SA1|MW218148.1|QPI16926.1|p0_known_type_II_ART_reference	4.9e-11	0.83	0.6007984031936128	1	false	excluded_rt_prepass	length_outside_450_600_aa;fixed10_RT_homology_threshold_failed	OR222050.1			false	
XOS14370.1	Caudoviricetes sp.	320	Q1B_ST85_VIRAL_ALL_FIELDS	SA1|MW218148.1|QPI16926.1|p0_known_type_II_ART_reference	9.67e-11	0.89	0.6347305389221557	1	false	excluded_rt_prepass	length_outside_450_600_aa;fixed10_RT_homology_threshold_failed	OR222004.1			false	
XYL46256.1	Escherichia phage TPL-02	320	Q1B_ST85_VIRAL_ALL_FIELDS	SA1|MW218148.1|QPI16926.1|p0_known_type_II_ART_reference	4.9e-11	0.83	0.6007984031936128	1	false	excluded_rt_prepass	length_outside_450_600_aa;fixed10_RT_homology_threshold_failed	PQ338057.1			false	
YP_009789834.1	Klebsiella phage 4LV2017	309	Q1B_ST85_VIRAL_ALL_FIELDS	Madawaska|MW349129.1|QQO92858.1|p0_known_type_II_ART_reference	4.73e-15	0.8	0.5449101796407185	1	false	excluded_rt_prepass	length_outside_450_600_aa;fixed10_RT_homology_threshold_failed	NC_047818.1			false	
