protein_accession	length_aa	best_fixed_rt	rt_evalue	rt_bitscore	rt_percent_identity	rt_query_coverage	rt_subject_coverage	yxdd_count_c_terminal_350	yxdd_positions_1based	yxdd_motifs	coded_by	nucleotide_accession	passes_length	passes_rt_homology	passes_yxdd	passes_simple_coded_by	passes_rt_prepass
AFB75628.1	389	PB50|OR770614.1|WPH64254.1|p1_reported_ART_17_mapping_target	2.0	19.6	31.579	0.05	0.0367504835589942	1	242	YMDD	complement(JQ680354.1:45327..46496)	JQ680354.1	false	false	true	true	false
ARB15682.1	309	Madawaska|MW349129.1|QQO92858.1|p0_known_type_II_ART_reference	4.73e-15	65.1	27.106	0.8	0.5449101796407185	1	179	YADD	KY271398.1:11959..12888	KY271398.1	false	false	true	true	false
BDE75684.1	500	S6|LC680885.1|BDE75684.1|p0_known_type_II_ART_reference	0.0	989.0	100.0	1.0	1.0	1	365	YADD	LC680885.1:167556..169058	LC680885.1	true	true	true	true	true
DAD70101.1	454	Madawaska|MW349129.1|QQO92858.1|p0_known_type_II_ART_reference	9.54e-13	59.3	22.917	0.68	0.6706586826347305	1	315	YADD	complement(BK015861.1:293..1657)	BK015861.1	true	false	true	true	false
DAD99814.1	389	PB50|OR770614.1|WPH64254.1|p1_reported_ART_17_mapping_target	2.0	19.6	31.579	0.05	0.0367504835589942	1	242	YMDD	complement(BK015294.1:5108..6277)	BK015294.1	false	false	true	true	false
DAE09398.1	400	AH12|OR455461.1|WNX97802.1|p1_assignment_target	3.23e-20	82.0	22.512	0.96	0.816247582205029	1	251	YADD	BK015488.1:72912..74114	BK015488.1	false	true	true	true	false
DAE21278.1	378	SA1|MW218148.1|QPI16926.1|p0_known_type_II_ART_reference	3.73e-20	81.3	28.685	0.63	0.500998003992016	1	243	YADD	BK015711.1:6233..7369	BK015711.1	false	false	true	true	false
DAE70835.1	412	LY01|OR836606.1|WRM43423.1|p0_known_type_II_ART_reference	3.97e-09	47.4	26.022	0.6	0.538	1	195	YADD	complement(BK019570.1:11482..12720)	BK019570.1	false	false	true	true	false
DAG39106.1	410	MarsHill|MW248466.1|QQM14740.1|p0_known_type_II_ART_reference	3.67e-11	53.9	24.088	0.64	0.5469061876247505	1	267	YADD	complement(BK017975.1:92949..94181)	BK017975.1	false	false	true	true	false
DAG43407.1	411	AH12|OR455461.1|WNX97802.1|p1_assignment_target	1.06e-15	68.2	24.771	0.74	0.632495164410058	1	268	YADD	complement(BK018054.1:64617..65852)	BK018054.1	false	false	true	true	false
DAG49220.1	410	LY01|OR836606.1|WRM43423.1|p0_known_type_II_ART_reference	9.25e-16	68.2	24.739	0.66	0.574	1	267	YADD	complement(BK018165.1:114496..115728)	BK018165.1	false	false	true	true	false
DAG67562.1	444	AH12|OR455461.1|WNX97802.1|p1_assignment_target	1.51e-11	55.5	22.794	0.57	0.5261121856866537	1	303	YADD	BK018504.1:95479..96813	BK018504.1	false	false	true	true	false
DAH07635.1	379	SA1|MW218148.1|QPI16926.1|p0_known_type_II_ART_reference	3.36e-19	78.6	31.048	0.62	0.49500998003992014	1	243	YADD	BK016944.1:39106..40245	BK016944.1	false	false	true	true	false
DAH27689.1	389	SA1|MW218148.1|QPI16926.1|p0_known_type_II_ART_reference	3.21e-15	66.2	24.514	0.63	0.5129740518962076	1	251	YADD	complement(BK018887.1:72753..73922)	BK018887.1	false	false	true	true	false
DAH32158.1	410	S6|LC680885.1|BDE75684.1|p0_known_type_II_ART_reference	6.94e-13	59.3	24.834	0.71	0.604	1	269	YADD	BK018962.1:59662..60894	BK018962.1	false	false	true	true	false
DAH36625.1	398	SA1|MW218148.1|QPI16926.1|p0_known_type_II_ART_reference	9.29e-17	71.2	24.93	0.84	0.7125748502994012	1	252	YADD	BK019042.1:73569..74765	BK019042.1	false	true	true	true	false
DAH63779.1	384	SA1|MW218148.1|QPI16926.1|p0_known_type_II_ART_reference	1.28e-13	61.2	25.382	0.8	0.6526946107784432	1	246	YADD	BK023886.1:31089..32243	BK023886.1	false	false	true	true	false
DAI32074.1	381	AH12|OR455461.1|WNX97802.1|p1_assignment_target	9.7e-13	58.5	25.231	0.77	0.6286266924564797	1	246	YSDD	BK030489.1:104217..105362	BK030489.1	false	false	true	true	false
DAJ13209.1	462	AH12|OR455461.1|WNX97802.1|p1_assignment_target	9.6e-12	56.2	22.426	0.55	0.5261121856866537	1	321	YADD	complement(BK031116.1:33917..35305)	BK031116.1	true	false	true	true	false
DAJ21800.1	410	LY01|OR836606.1|WRM43423.1|p0_known_type_II_ART_reference	4.02e-15	66.2	25.087	0.66	0.574	1	267	YADD	complement(BK031270.1:25542..26774)	BK031270.1	false	false	true	true	false
DAJ39258.1	400	AH12|OR455461.1|WNX97802.1|p1_assignment_target	2.55e-21	85.5	22.986	0.96	0.816247582205029	1	251	YADD	complement(BK038918.1:87041..88243)	BK038918.1	false	true	true	true	false
DAJ49126.1	299	SA1|MW218148.1|QPI16926.1|p0_known_type_II_ART_reference	1.59e-15	66.2	25.256	0.9	0.5848303393213573	1	169	YADD	complement(BK043398.1:3685..4584)	BK043398.1	false	false	true	true	false
DAJ59078.1	398	SA1|MW218148.1|QPI16926.1|p0_known_type_II_ART_reference	2.18e-16	70.1	24.513	0.84	0.716566866267465	1	252	YADD	BK043600.1:15996..17192	BK043600.1	false	true	true	true	false
DAK01150.1	410	AH12|OR455461.1|WNX97802.1|p1_assignment_target	1.03e-11	55.5	21.965	0.8	0.6692456479690522	1	267	YADD	complement(BK050170.1:55134..56366)	BK050170.1	false	false	true	true	false
DAK56842.1	378	SA1|MW218148.1|QPI16926.1|p0_known_type_II_ART_reference	3.41e-20	81.6	28.685	0.63	0.500998003992016	1	243	YADD	BK047352.1:22..1158	BK047352.1	false	false	true	true	false
DAK57469.1	411	AH12|OR455461.1|WNX97802.1|p1_assignment_target	5.15e-15	65.9	25.15	0.74	0.6460348162475822	1	268	YADD	complement(BK047364.1:11937..13172)	BK047364.1	false	false	true	true	false
DAK68398.1	411	AH12|OR455461.1|WNX97802.1|p1_assignment_target	3.16e-15	66.6	25.076	0.74	0.632495164410058	1	268	YADD	complement(BK047592.1:31972..33207)	BK047592.1	false	false	true	true	false
DAK76587.1	379	SA1|MW218148.1|QPI16926.1|p0_known_type_II_ART_reference	2.2e-22	88.2	31.452	0.62	0.49500998003992014	1	243	YADD	BK047747.1:62276..63415	BK047747.1	false	false	true	true	false
DAL66723.1	410	LY01|OR836606.1|WRM43423.1|p0_known_type_II_ART_reference	3.78e-15	66.2	23.906	0.69	0.594	1	267	YADD	complement(BK021062.1:22704..23936)	BK021062.1	false	false	true	true	false
DAM39611.1	410	AH12|OR455461.1|WNX97802.1|p1_assignment_target	5.22e-13	59.7	22.781	0.76	0.6537717601547389	1	267	YADD	complement(BK051858.1:12821..14053)	BK051858.1	false	false	true	true	false
DAM68808.1	381	AH12|OR455461.1|WNX97802.1|p1_assignment_target	5.96e-13	59.3	25.538	0.77	0.6286266924564797	1	246	YSDD	BK052430.1:8298..9443	BK052430.1	false	false	true	true	false
DAN29432.1	394	LY01|OR836606.1|WRM43423.1|p0_known_type_II_ART_reference	1.52e-17	73.6	30.435	0.53	0.46	1	258	YADD	BK022447.1:9366..10550	BK022447.1	false	false	true	true	false
DAN85549.1	384	SA1|MW218148.1|QPI16926.1|p0_known_type_II_ART_reference	8.63e-14	62.0	25.688	0.8	0.6526946107784432	1	246	YADD	BK048408.1:37565..38719	BK048408.1	false	false	true	true	false
DAN96961.1	310	LY01|OR836606.1|WRM43423.1|p0_known_type_II_ART_reference	8.52e-24	90.9	28.175	0.75	0.504	1	184	YADD	BK048634.1:6923..7855	BK048634.1	false	false	true	true	false
DAO54212.1	396	PALS_2|MN091626.1|QDJ97640.1|p0_known_type_II_ART_reference	5.02e-15	65.9	25.429	0.81	0.7	1	257	YADD	BK037618.1:85709..86899	BK037618.1	false	true	true	true	false
DAO77288.1	299	S6|LC680885.1|BDE75684.1|p0_known_type_II_ART_reference	3.4e-12	56.2	25.833	0.72	0.48	1	176	YADD	BK038097.1:17933..18832	BK038097.1	false	false	true	true	false
DAQ07049.1	444	SA1|MW218148.1|QPI16926.1|p0_known_type_II_ART_reference	1.13e-19	80.9	27.132	0.56	0.5149700598802395	1	295	YADD	complement(BK053663.1:63105..64439)	BK053663.1	false	false	true	true	false
DAQ18108.1	410	AH12|OR455461.1|WNX97802.1|p1_assignment_target	7.8e-14	62.4	22.965	0.8	0.6653771760154739	1	267	YADD	complement(BK053910.1:25084..26316)	BK053910.1	false	false	true	true	false
DAQ91964.1	391	LY01|OR836606.1|WRM43423.1|p0_known_type_II_ART_reference	2.52e-19	79.0	29.434	0.62	0.53	1	271	YADD	complement(BK058704.1:161347..162522)	BK058704.1	false	false	true	true	false
DAR50961.1	379	SA1|MW218148.1|QPI16926.1|p0_known_type_II_ART_reference	2.84e-20	81.6	31.855	0.62	0.49500998003992014	1	243	YADD	complement(BK057571.1:21437..22576)	BK057571.1	false	false	true	true	false
DAU34265.1	381	AH12|OR455461.1|WNX97802.1|p1_assignment_target	1.62e-12	57.8	25.231	0.77	0.6286266924564797	1	246	YSDD	BK050993.1:59191..60336	BK050993.1	false	false	true	true	false
DAU87956.1	382	Madawaska|MW349129.1|QQO92858.1|p0_known_type_II_ART_reference	8.23e-18	74.3	29.225	0.7	0.5668662674650699	1	246	YADD	complement(BK054953.1:94073..95221)	BK054953.1	false	false	true	true	false
DAV61756.1	410	LY01|OR836606.1|WRM43423.1|p0_known_type_II_ART_reference	1.42e-14	64.7	24.739	0.66	0.574	1	267	YADD	BK028778.1:100038..101270	BK028778.1	false	false	true	true	false
DAV63203.1	410	Machias|MW349128.1|QQO92593.1|p1_assignment_target	2.65e-19	79.3	27.434	0.79	0.655705996131528	1	267	YADD	complement(BK028800.1:26394..27626)	BK028800.1	false	false	true	true	false
DAW40100.1	410	AH12|OR455461.1|WNX97802.1|p1_assignment_target	1.44e-13	61.6	22.599	0.8	0.6847195357833655	1	267	YADD	BK036548.1:133195..134427	BK036548.1	false	false	true	true	false
DAX17476.1	410	LY01|OR836606.1|WRM43423.1|p0_known_type_II_ART_reference	1.5e-13	61.2	25.723	0.73	0.622	1	267	YADD	BK038991.1:11903..13135	BK038991.1	false	false	true	true	false
DAX24482.1	373	SA1|MW218148.1|QPI16926.1|p0_known_type_II_ART_reference	1.03e-17	73.9	28.0	0.64	0.499001996007984	1	238	YADD	complement(BK039125.1:65758..66879)	BK039125.1	false	false	true	true	false
DAY13011.1	389	PB50|OR770614.1|WPH64254.1|p1_reported_ART_17_mapping_target	2.0	19.6	31.579	0.05	0.0367504835589942	1	242	YMDD	complement(BK040940.1:12992..14161)	BK040940.1	false	false	true	true	false
DAZ15994.1	378	SA1|MW218148.1|QPI16926.1|p0_known_type_II_ART_reference	6.39e-21	83.6	27.711	0.63	0.49700598802395207	1	243	YADD	BK025872.1:85833..86969	BK025872.1	false	false	true	true	false
DAZ16020.1	389	PB50|OR770614.1|WPH64254.1|p1_reported_ART_17_mapping_target	2.0	19.6	31.579	0.05	0.0367504835589942	1	242	YMDD	complement(BK025872.1:21195..22364)	BK025872.1	false	false	true	true	false
DAZ58135.1	405	SA1|MW218148.1|QPI16926.1|p0_known_type_II_ART_reference	2.88e-19	79.0	27.2	0.59	0.499001996007984	1	270	YADD	BK027304.1:15457..16674	BK027304.1	false	false	true	true	false
DAZ71133.1	410	AH12|OR455461.1|WNX97802.1|p1_assignment_target	4.57e-12	56.6	22.409	0.8	0.690522243713733	1	267	YADD	BK027755.1:81666..82898	BK027755.1	false	false	true	true	false
QDJ97640.1	500	PALS_2|MN091626.1|QDJ97640.1|p0_known_type_II_ART_reference	0.0	996.0	100.0	1.0	1.0	1	365	YADD	MN091626.1:24879..26381	MN091626.1	true	true	true	true	true
QQM14740.1	501	MarsHill|MW248466.1|QQM14740.1|p0_known_type_II_ART_reference	0.0	993.0	100.0	1.0	1.0	1	366	YADD	MW248466.1:215089..216594	MW248466.1	true	true	true	true	true
QQO92593.1	517	Machias|MW349128.1|QQO92593.1|p1_assignment_target	0.0	1023.0	100.0	1.0	1.0	1	381	YSDD	MW349128.1:219310..220863	MW349128.1	true	true	true	true	true
QQO92858.1	501	Madawaska|MW349129.1|QQO92858.1|p0_known_type_II_ART_reference	0.0	991.0	100.0	1.0	1.0	1	366	YADD	MW349129.1:214290..215795	MW349129.1	true	true	true	true	true
QXN67953.1	454	SA1|MW218148.1|QPI16926.1|p0_known_type_II_ART_reference	9.08e-44	150.0	36.644	0.61	0.5828343313373253	2	321;409	YSDD;YYDD	complement(MZ422438.1:179430..180794)	MZ422438.1	true	false	false	true	false
UAJ17040.1	500	UFV_DC4|MZ779063.1|UAJ17040.1|p0_known_type_II_ART_reference	0.0	996.0	100.0	1.0	1.0	1	365	YADD	MZ779063.1:125252..126754	MZ779063.1	true	true	true	true	true
UVY15975.1	378	SA1|MW218148.1|QPI16926.1|p0_known_type_II_ART_reference	3.17e-20	81.6	28.685	0.63	0.500998003992016	1	243	YADD	OP073251.1:68327..69463	OP073251.1	false	false	true	true	false
UWG82970.1	378	SA1|MW218148.1|QPI16926.1|p0_known_type_II_ART_reference	9.47e-21	83.2	29.084	0.63	0.500998003992016	1	243	YADD	OP075106.1:70319..71455	OP075106.1	false	false	true	true	false
UWG84590.1	379	SA1|MW218148.1|QPI16926.1|p0_known_type_II_ART_reference	2.2e-22	88.2	31.452	0.62	0.49500998003992014	1	243	YADD	complement(OP075142.1:55139..56278)	OP075142.1	false	false	true	true	false
WNX97802.1	517	AH12|OR455461.1|WNX97802.1|p1_assignment_target	0.0	1020.0	100.0	1.0	1.0	1	381	YSDD	complement(OR455461.1:177982..179535)	OR455461.1	true	true	true	true	true
WPH64254.1	517	PB50|OR770614.1|WPH64254.1|p1_reported_ART_17_mapping_target	0.0	1019.0	100.0	1.0	1.0	1	381	YSDD	complement(OR770614.1:150938..152491)	OR770614.1	true	true	true	true	true
WPZ98963.1	321	Madawaska|MW349129.1|QQO92858.1|p0_known_type_II_ART_reference	5.64e-19	77.0	27.547	0.76	0.5289421157684631	1	186	YADD	OR801192.1:1295..2260	OR801192.1	false	false	true	true	false
WRM43423.1	500	LY01|OR836606.1|WRM43423.1|p0_known_type_II_ART_reference	0.0	984.0	100.0	1.0	1.0	1	365	YADD	complement(OR836606.1:73311..74813)	OR836606.1	true	true	true	true	true
WVW75671.1	306	Madawaska|MW349129.1|QQO92858.1|p0_known_type_II_ART_reference	6.79e-19	76.6	27.547	0.8	0.5289421157684631	1	171	YADD	OR863249.1:1340..2260	OR863249.1	false	false	true	true	false
WVW75690.1	321	Madawaska|MW349129.1|QQO92858.1|p0_known_type_II_ART_reference	5.14e-19	77.0	27.547	0.76	0.5289421157684631	1	186	YADD	OR863250.1:935..1900	OR863250.1	false	false	true	true	false
XLL20010.1	317	Madawaska|MW349129.1|QQO92858.1|p0_known_type_II_ART_reference	1.73e-22	87.4	26.792	0.78	0.5289421157684631	1	188	YADD	PQ189325.1:6672..7625	PQ189325.1	false	false	true	true	false
XOR03163.1	320	SA1|MW218148.1|QPI16926.1|p0_known_type_II_ART_reference	4.9e-11	52.8	22.924	0.83	0.6007984031936128	1	195	YADD	OR222050.1:104340..105302	OR222050.1	false	false	true	true	false
XOS14370.1	320	SA1|MW218148.1|QPI16926.1|p0_known_type_II_ART_reference	9.67e-11	52.0	24.214	0.89	0.6347305389221557	1	195	YADD	OR222004.1:93347..94309	OR222004.1	false	false	true	true	false
XYL46256.1	320	SA1|MW218148.1|QPI16926.1|p0_known_type_II_ART_reference	4.9e-11	52.8	22.924	0.83	0.6007984031936128	1	195	YADD	complement(PQ338057.1:50698..51660)	PQ338057.1	false	false	true	true	false
YP_009789834.1	309	Madawaska|MW349129.1|QQO92858.1|p0_known_type_II_ART_reference	4.73e-15	65.1	27.106	0.8	0.5449101796407185	1	179	YADD	NC_047818.1:11959..12888	NC_047818.1	false	false	true	true	false
