replicate_id	supported_pair_count	supported_directed_count	cross_locus_pairs_with_any_support	u1_same_position_locus_pair_coverage	u2_same_position_locus_pair_coverage	supported_trimmed_spacer_identity_median	supported_trimmed_spacer_identity_minimum	supported_trimmed_spacer_identity_maximum	whole_locus_alignments_recomputed	unit_pair_alignments_recomputed	directed_free_best_selections_recomputed
1	6	12	5	3	0	0.516853	0.484615	0.543046	21	252	147
2	7	14	7	3	0	0.503356	0.469697	0.533333	21	252	147
3	6	12	6	5	0	0.501656	0.483444	0.510204	21	252	147
4	9	18	9	2	1	0.488722	0.443609	0.532468	21	252	147
5	13	26	10	7	2	0.493243	0.462687	0.535948	21	252	147
6	10	19	9	4	3	0.513247	0.486486	0.565789	21	252	147
7	9	18	9	3	0	0.510067	0.443609	0.546154	21	252	147
8	9	18	9	6	0	0.493333	0.459854	0.532895	21	252	147
9	9	18	9	4	0	0.509804	0.446154	0.540000	21	252	147
10	8	16	5	4	2	0.520363	0.500000	0.534351	21	252	147
11	7	14	6	1	2	0.488722	0.465649	0.525974	21	252	147
12	7	14	7	5	0	0.496644	0.463235	0.536424	21	252	147
13	11	22	8	7	2	0.509554	0.484848	0.540541	21	252	147
14	5	10	4	4	1	0.503401	0.473333	0.526667	21	252	147
15	5	10	5	3	0	0.506849	0.473282	0.536424	21	252	147
16	9	18	8	4	1	0.486842	0.454545	0.549669	21	252	147
17	9	18	8	3	1	0.487013	0.450382	0.525974	21	252	147
18	9	18	9	2	0	0.486667	0.435115	0.523077	21	252	147
19	6	12	6	2	2	0.514036	0.479452	0.543624	21	252	147
20	7	14	7	4	1	0.483444	0.469231	0.512658	21	252	147
21	4	8	4	2	0	0.522773	0.507463	0.560000	21	252	147
22	11	22	10	5	0	0.506494	0.488722	0.560811	21	252	147
23	8	16	8	2	0	0.496414	0.454545	0.540000	21	252	147
24	4	8	4	3	0	0.500219	0.455224	0.543046	21	252	147
25	7	14	7	3	0	0.507576	0.470968	0.543046	21	252	147
26	7	14	5	2	1	0.525926	0.477273	0.533333	21	252	147
27	9	18	5	2	1	0.513158	0.435115	0.541935	21	252	147
28	6	12	6	4	1	0.509872	0.500000	0.539474	21	252	147
29	5	10	5	5	0	0.506579	0.472973	0.513158	21	252	147
30	8	16	7	2	1	0.507862	0.481481	0.551282	21	252	147
31	9	18	8	3	0	0.493671	0.462121	0.523490	21	252	147
32	11	22	11	4	1	0.488722	0.465839	0.539474	21	252	147
33	8	16	6	3	0	0.493863	0.440299	0.532895	21	252	147
34	11	22	10	5	1	0.506849	0.454545	0.568627	21	252	147
35	10	20	10	6	3	0.519680	0.490066	0.533784	21	252	147
36	7	14	7	4	1	0.506410	0.483221	0.518797	21	252	147
37	14	28	12	5	2	0.496795	0.458904	0.522876	21	252	147
38	9	18	9	3	2	0.500000	0.458015	0.548387	21	252	147
39	7	14	7	2	0	0.500000	0.480000	0.560811	21	252	147
40	9	18	9	5	0	0.481203	0.439189	0.514706	21	252	147
41	6	12	6	2	0	0.498149	0.451852	0.532468	21	252	147
42	8	16	8	7	0	0.501656	0.477124	0.526316	21	252	147
43	7	14	7	1	0	0.503759	0.477273	0.519231	21	252	147
44	5	10	5	4	0	0.500000	0.482993	0.516129	21	252	147
45	10	20	9	7	1	0.496688	0.434783	0.537931	21	252	147
46	12	24	9	4	4	0.508107	0.451613	0.540000	21	252	147
47	9	18	9	6	0	0.493243	0.466667	0.509934	21	252	147
48	6	12	6	6	0	0.520366	0.493243	0.533333	21	252	147
49	6	12	6	4	0	0.505033	0.469231	0.519737	21	252	147
50	5	10	5	1	0	0.477612	0.441176	0.506579	21	252	147
51	7	13	7	4	1	0.512821	0.487179	0.516556	21	252	147
52	13	26	12	6	1	0.493333	0.439394	0.536913	21	252	147
53	7	14	7	4	0	0.500000	0.465649	0.533333	21	252	147
54	11	22	11	5	2	0.496644	0.462121	0.552632	21	252	147
55	7	14	7	4	0	0.490323	0.462687	0.529801	21	252	147
56	9	18	7	3	1	0.515152	0.503311	0.567742	21	252	147
57	8	16	8	4	0	0.511656	0.451128	0.540000	21	252	147
58	7	14	7	3	1	0.511450	0.466667	0.533333	21	252	147
59	7	14	7	5	0	0.514706	0.503311	0.529801	21	252	147
60	9	18	7	3	3	0.513514	0.486842	0.554839	21	252	147
61	12	23	11	4	2	0.506869	0.454545	0.548387	21	252	147
62	6	12	6	3	2	0.518038	0.488550	0.531646	21	252	147
63	7	14	7	4	0	0.500000	0.481203	0.519231	21	252	147
64	4	8	4	3	0	0.524754	0.503817	0.541935	21	252	147
